TX:	4:58:54 PM	7E A0 07 03 25 93 6F 66 7E
RX:	4:58:54 PM	7E A0 1E 25 03 73 A2 19 81 80 12 05 01 80 06 01 80 07 04 00 00 00 01 08 04 00 00 00 01 53 3B 7E
TX:	4:58:54 PM	7E A0 4C 03 25 10 5E 06 E6 E6 00 60 3E A1 09 06 07 60 85 74 05 08 01 01 8A 02 07 80 8B 07 60 85 74 05 08 02 02 AC 12 80 10 17 08 18 66 5F 36 6C 43 14 49 02 6F 0F 46 31 50 BE 10 04 0E 01 00 00 00 06 5F 1F 04 00 62 1E 5D FF FF 29 85 7E
RX:	4:58:54 PM	7E A0 58 25 03 30 10 34 E6 E7 00 61 4A A1 09 06 07 60 85 74 05 08 01 01 A2 03 02 01 00 A3 05 A1 03 02 01 0E 88 02 07 80 89 07 60 85 74 05 08 02 02 AA 12 80 10 45 29 3C 64 2B 67 10 29 23 40 5A 5B 59 3A 53 21 BE 10 04 0E 08 00 06 5F 1F 04 00 62 1E 5D 04 00 00 07 B7 D1 7E
TX:	4:58:54 PM	7E A0 2B 03 25 32 8B CA E6 E6 00 C3 01 C1 00 0F 00 00 28 00 00 FF 01 01 09 10 A7 6A 72 7A 10 FD 40 71 23 0C 0C 76 53 99 BF 81 A3 6B 7E
RX:	4:58:54 PM	7E A0 24 25 03 52 75 B9 E6 E7 00 C7 01 C1 00 01 00 09 10 76 D7 66 0F F2 B0 E8 8A DF 6D 2D 1F D6 A7 36 7D 99 CD 7E
TX:	4:58:54 PM	7E A0 19 03 25 54 3F B9 E6 E6 00 C0 01 C1 00 0F 00 00 28 00 00 FF 02 00 91 53 7E
RX:	4:58:54 PM	7E A8 89 25 03 74 D3 8E E6 E7 00 E0 01 00 01 00 00 82 03 F9 C4 01 C1 00 01 30 02 04 12 00 0F 11 03 09 06 00 00 28 00 00 FF 02 02 01 0B 02 03 0F 01 16 01 00 02 03 0F 02 16 03 00 02 03 0F 03 16 03 00 02 03 0F 04 16 03 00 02 03 0F 05 16 03 00 02 03 0F 06 16 03 00 02 03 0F 07 16 03 00 02 03 0F 08 16 03 00 02 03 0F 09 16 03 00 02 03 0F 0A 16 03 00 02 03 0F 0B 16 03 00 01 06 02 02 0F 01 16 01 02 02 0F 02 16 01 3B C7 7E
TX:	4:58:54 PM	7E A0 07 03 25 71 73 A2 7E
RX:	4:58:54 PM	7E A8 89 25 03 76 C1 AD 02 02 0F 03 16 01 02 02 0F 04 16 01 02 02 0F 05 16 01 02 02 0F 06 16 01 02 04 12 00 17 11 01 09 06 00 00 16 00 00 FF 02 02 01 09 02 03 0F 01 16 01 00 02 03 0F 02 16 03 00 02 03 0F 03 16 03 00 02 03 0F 04 16 03 00 02 03 0F 05 16 03 00 02 03 0F 06 16 03 00 02 03 0F 07 16 03 00 02 03 0F 08 16 03 00 02 03 0F 09 16 03 00 01 00 02 04 12 00 08 11 00 09 06 00 00 01 00 00 FF 02 02 01 09 02 1A 65 7E
TX:	4:58:54 PM	7E A0 07 03 25 91 7D 45 7E
RX:	4:58:54 PM	7E A8 89 25 03 78 BF 44 03 0F 01 16 01 00 02 03 0F 02 16 03 00 02 03 0F 03 16 03 00 02 03 0F 04 16 03 00 02 03 0F 05 16 03 00 02 03 0F 06 16 03 00 02 03 0F 07 16 03 00 02 03 0F 08 16 03 00 02 03 0F 09 16 03 00 01 06 02 02 0F 01 16 01 02 02 0F 02 16 01 02 02 0F 03 16 01 02 02 0F 04 16 01 02 02 0F 05 16 01 02 02 0F 06 16 01 02 04 12 00 0F 11 03 09 06 00 00 28 00 03 FF 02 02 01 0B 02 03 0F 01 16 01 00 02 03 7E 56 7E
TX:	4:58:54 PM	7E A0 07 03 25 B1 7F 64 7E
RX:	4:58:54 PM	7E A8 89 25 03 7A AD 67 0F 02 16 03 00 02 03 0F 03 16 03 00 02 03 0F 04 16 03 00 02 03 0F 05 16 03 00 02 03 0F 06 16 03 00 02 03 0F 07 16 03 00 02 03 0F 08 16 03 00 02 03 0F 09 16 03 00 02 03 0F 0A 16 03 00 02 03 0F 0B 16 03 00 01 06 02 02 0F 01 16 01 02 02 0F 02 16 01 02 02 0F 03 16 01 02 02 0F 04 16 01 02 02 0F 05 16 01 02 02 0F 06 16 01 02 04 12 00 40 11 01 09 06 00 00 2B 00 07 FF 02 02 01 06 02 03 0F 6C BA 7E
TX:	4:58:54 PM	7E A0 07 03 25 D1 79 07 7E
RX:	4:58:54 PM	7E A8 89 25 03 7C 9B 02 01 16 01 00 02 03 0F 02 16 03 00 02 03 0F 03 16 03 00 02 03 0F 04 16 03 00 02 03 0F 05 16 03 00 02 03 0F 06 16 03 00 01 08 02 02 0F 01 16 01 02 02 0F 02 16 01 02 02 0F 03 16 01 02 02 0F 04 16 01 02 02 0F 05 16 01 02 02 0F 06 16 01 02 02 0F 07 16 01 02 02 0F 08 16 01 02 04 12 00 40 11 01 09 06 00 00 2B 00 08 FF 02 02 01 06 02 03 0F 01 16 01 00 02 03 0F 02 16 03 00 02 03 0F 03 16 03 BD 4F 7E
TX:	4:58:54 PM	7E A0 07 03 25 F1 7B 26 7E
RX:	4:58:54 PM	7E A8 89 25 03 7E 89 21 00 02 03 0F 04 16 03 00 02 03 0F 05 16 03 00 02 03 0F 06 16 03 00 01 08 02 02 0F 01 16 01 02 02 0F 02 16 01 02 02 0F 03 16 01 02 02 0F 04 16 01 02 02 0F 05 16 01 02 02 0F 06 16 01 02 02 0F 07 16 01 02 02 0F 08 16 01 02 04 12 00 01 11 00 09 06 00 00 2B 01 08 FF 02 02 01 02 02 03 0F 01 16 01 00 02 03 0F 02 16 03 00 01 00 02 04 12 00 01 11 00 09 06 00 00 2A 00 00 FF 02 02 01 02 02 03 3F FF 7E
TX:	4:58:54 PM	7E A0 07 03 25 11 75 C1 7E
RX:	4:58:54 PM	7E A8 89 25 03 70 F7 C8 0F 01 16 01 00 02 03 0F 02 16 03 00 01 00 02 04 12 00 01 11 00 09 06 01 00 00 02 00 FF 02 02 01 02 02 03 0F 01 16 01 00 02 03 0F 02 16 03 00 01 00 02 04 12 00 01 11 00 09 06 00 00 2B 01 00 FF 02 02 01 02 02 03 0F 01 16 01 00 02 03 0F 02 16 03 00 01 00 02 04 12 00 03 11 00 09 06 01 01 15 19 00 FF 02 02 01 03 02 03 0F 01 16 01 00 02 03 0F 02 16 03 00 02 03 0F 03 16 03 00 01 01 02 02 05 D2 7E
TX:	4:58:54 PM	7E A0 07 03 25 31 77 E0 7E
RX:	4:58:54 PM	7E A8 89 25 03 72 E5 EB 0F 01 16 01 02 04 12 00 1D 11 02 09 06 00 00 02 01 00 FF 02 02 01 06 02 03 0F 01 16 01 00 02 03 0F 02 16 03 00 02 03 0F 03 16 03 00 02 03 0F 04 16 03 00 02 03 0F 05 16 03 00 02 03 0F 06 16 03 00 01 01 02 02 0F 01 16 01 02 04 12 00 14 11 00 09 06 00 00 0D 00 00 FF 02 02 01 0A 02 03 0F 01 16 01 00 02 03 0F 02 16 03 00 02 03 0F 03 16 03 00 02 03 0F 04 16 03 00 02 03 0F 05 16 03 00 02 55 76 7E
TX:	4:58:54 PM	7E A0 07 03 25 51 71 83 7E
RX:	4:58:54 PM	7E A0 0E 25 03 74 BC AE 03 0F 06 16 03 46 06 7E
TX:	4:58:54 PM	7E A0 13 03 25 76 81 67 E6 E6 00 E0 81 00 01 00 01 00 D4 80 7E
RX:	4:58:54 PM	7E A8 89 25 03 96 CF 4A E6 E7 00 E0 01 00 02 00 01 82 03 F9 00 02 03 0F 07 16 03 00 02 03 0F 08 16 03 00 02 03 0F 09 16 03 00 02 03 0F 0A 16 03 00 01 01 02 02 0F 01 16 01 02 04 12 00 13 11 01 09 06 00 00 14 00 00 FF 02 02 01 09 02 03 0F 01 16 01 00 02 03 0F 02 16 03 00 02 03 0F 03 16 03 00 02 03 0F 04 16 03 00 02 03 0F 05 16 03 00 02 03 0F 06 16 03 00 02 03 0F 07 16 03 00 02 03 0F 08 16 03 00 02 03 0F 09 AC 90 7E
TX:	4:58:54 PM	7E A0 07 03 25 91 7D 45 7E
RX:	4:58:54 PM	7E A8 89 25 03 98 B1 A3 16 03 00 01 00 02 04 12 00 05 11 00 09 06 01 00 1F 04 00 FF 02 02 01 09 02 03 0F 01 16 01 00 02 03 0F 02 16 03 00 02 03 0F 03 16 03 00 02 03 0F 04 16 03 00 02 03 0F 05 16 03 00 02 03 0F 06 16 03 00 02 03 0F 07 16 03 00 02 03 0F 08 16 03 00 02 03 0F 09 16 03 00 01 02 02 02 0F 01 16 01 02 02 0F 02 16 01 02 04 12 00 15 11 00 09 06 00 00 10 01 00 FF 02 02 01 04 02 03 0F 01 16 01 00 02 C4 BC 7E
TX:	4:58:54 PM	7E A0 07 03 25 B1 7F 64 7E
RX:	4:58:54 PM	7E A8 89 25 03 9A A3 80 03 0F 02 16 03 00 02 03 0F 03 16 03 00 02 03 0F 04 16 03 00 01 00 02 04 12 00 09 11 00 09 06 00 01 0A 01 65 FF 02 02 01 02 02 03 0F 01 16 01 00 02 03 0F 02 16 03 00 01 01 02 02 0F 01 16 01 02 04 12 00 16 11 00 09 06 00 00 0F 00 00 FF 02 02 01 04 02 03 0F 01 16 01 00 02 03 0F 02 16 03 00 02 03 0F 03 16 03 00 02 03 0F 04 16 03 00 01 00 02 04 12 00 11 11 00 09 06 00 00 29 00 00 FF 02 35 FA 7E
TX:	4:58:54 PM	7E A0 07 03 25 D1 79 07 7E
RX:	4:58:54 PM	7E A8 89 25 03 9C 95 E5 02 01 02 02 03 0F 01 16 01 00 02 03 0F 02 16 03 00 01 01 02 02 0F 01 16 01 02 04 12 00 1C 11 02 09 06 00 00 02 02 00 FF 02 02 01 07 02 03 0F 01 16 01 00 02 03 0F 02 16 03 00 02 03 0F 03 16 03 00 02 03 0F 04 16 03 00 02 03 0F 05 16 03 00 02 03 0F 06 16 03 00 02 03 0F 07 16 03 00 01 00 02 04 12 00 1B 11 00 09 06 00 00 02 00 00 FF 02 02 01 04 02 03 0F 01 16 01 00 02 03 0F 02 16 03 00 00 43 7E
TX:	4:58:54 PM	7E A0 07 03 25 F1 7B 26 7E
RX:	4:58:54 PM	7E A8 89 25 03 9E 87 C6 02 03 0F 03 16 03 00 02 03 0F 04 16 03 00 01 00 02 04 12 00 2B 11 00 09 06 00 00 19 02 00 FF 02 02 01 02 02 03 0F 01 16 01 00 02 03 0F 02 16 03 00 01 00 02 04 12 00 12 11 00 09 06 00 00 2C 00 00 FF 02 02 01 07 02 03 0F 01 16 01 00 02 03 0F 02 16 03 00 02 03 0F 03 16 03 00 02 03 0F 04 16 03 00 02 03 0F 05 16 03 00 02 03 0F 06 16 03 00 02 03 0F 07 16 03 00 01 04 02 02 0F 01 16 01 02 50 8B 7E
TX:	4:58:54 PM	7E A0 07 03 25 11 75 C1 7E
RX:	4:58:54 PM	7E A8 89 25 03 90 F9 2F 02 0F 02 16 01 02 02 0F 03 16 01 02 02 0F 04 16 01 02 04 12 00 2A 11 00 09 06 00 00 19 01 00 FF 02 02 01 0A 02 03 0F 01 16 01 00 02 03 0F 02 16 03 00 02 03 0F 03 16 03 00 02 03 0F 04 16 03 00 02 03 0F 05 16 03 00 02 03 0F 06 16 03 00 02 03 0F 07 16 03 00 02 03 0F 08 16 03 00 02 03 0F 09 16 03 00 02 03 0F 0A 16 03 00 01 03 02 02 0F 01 16 01 02 02 0F 02 16 01 02 02 0F 03 16 01 02 04 B7 DD 7E
TX:	4:58:54 PM	7E A0 07 03 25 31 77 E0 7E
RX:	4:58:54 PM	7E A8 89 25 03 92 EB 0C 12 00 30 11 00 09 06 00 00 19 07 00 FF 02 02 01 0A 02 03 0F 01 16 01 00 02 03 0F 02 16 03 00 02 03 0F 03 16 03 00 02 03 0F 04 16 03 00 02 03 0F 05 16 03 00 02 03 0F 06 16 03 00 02 03 0F 07 16 03 00 02 03 0F 08 16 03 00 02 03 0F 09 16 03 00 02 03 0F 0A 16 03 00 01 02 02 02 0F 01 16 01 02 02 0F 02 16 01 02 04 12 00 28 11 00 09 06 00 00 19 09 00 FF 02 02 01 07 02 03 0F 01 16 01 00 02 D5 E8 7E
TX:	4:58:54 PM	7E A0 07 03 25 51 71 83 7E
RX:	4:58:54 PM	7E A8 89 25 03 94 DD 69 03 0F 02 16 03 00 02 03 0F 03 16 03 00 02 03 0F 04 16 03 00 02 03 0F 05 16 03 00 02 03 0F 06 16 03 00 02 03 0F 07 16 03 00 01 01 02 02 0F 01 16 01 02 04 12 00 0B 11 00 09 06 00 00 0B 00 00 FF 02 02 01 02 02 03 0F 01 16 01 00 02 03 0F 02 16 03 00 01 02 02 02 0F 01 16 01 02 02 0F 02 16 01 02 04 12 00 32 11 00 09 06 00 00 1A 00 00 FF 02 02 01 0F 02 03 0F 01 16 01 00 02 03 0F 02 16 03 91 1A 7E
TX:	4:58:54 PM	7E A0 07 03 25 71 73 A2 7E
RX:	4:58:54 PM	7E A0 0E 25 03 96 A0 6A 00 02 03 0F 03 31 EB 7E
TX:	4:58:54 PM	7E A0 13 03 25 98 F1 69 E6 E6 00 E0 81 00 02 00 02 00 71 8F 7E
RX:	4:58:54 PM	7E A8 89 25 03 B8 B3 82 E6 E7 00 E0 01 00 03 00 02 82 03 F9 16 03 00 02 03 0F 04 16 03 00 02 03 0F 05 16 03 00 02 03 0F 06 16 03 00 02 03 0F 07 16 03 00 02 03 0F 08 16 03 00 02 03 0F 09 16 03 00 02 03 0F 0A 16 03 00 02 03 0F 0B 16 03 00 02 03 0F 0C 16 03 00 02 03 0F 0D 16 03 00 02 03 0F 0E 16 03 00 02 03 0F 0F 16 03 00 01 00 02 04 12 00 33 11 00 09 06 00 00 1A 01 00 FF 02 02 01 02 02 03 0F 01 16 01 00 02 04 65 7E
TX:	4:58:54 PM	7E A0 07 03 25 B1 7F 64 7E
RX:	4:58:54 PM	7E A8 89 25 03 BA A1 A1 03 0F 02 16 03 00 01 01 02 02 0F 01 16 01 02 04 12 00 35 11 00 09 06 00 00 1A 03 00 FF 02 02 01 08 02 03 0F 01 16 01 00 02 03 0F 02 16 03 00 02 03 0F 03 16 03 00 02 03 0F 04 16 03 00 02 03 0F 05 16 03 00 02 03 0F 06 16 03 00 02 03 0F 07 16 03 00 02 03 0F 08 16 03 00 01 01 02 02 0F 01 16 01 02 04 12 00 34 11 00 09 06 00 00 1A 02 00 FF 02 02 01 05 02 03 0F 01 16 01 00 02 03 0F 02 16 F0 E2 7E
TX:	4:58:54 PM	7E A0 07 03 25 D1 79 07 7E
RX:	4:58:54 PM	7E A8 89 25 03 BC 97 C4 03 00 02 03 0F 03 16 03 00 02 03 0F 04 16 03 00 02 03 0F 05 16 03 00 01 00 02 04 12 00 5C 11 03 09 06 00 00 1D 02 00 FF 02 02 01 17 02 03 0F 01 16 01 00 02 03 0F 02 16 03 00 02 03 0F 03 16 03 00 02 03 0F 04 16 03 00 02 03 0F 05 16 03 00 02 03 0F 06 16 03 00 02 03 0F 07 16 03 00 02 03 0F 08 16 03 00 02 03 0F 09 16 03 00 02 03 0F 0A 16 03 00 02 03 0F 0B 16 03 00 02 03 0F 0C 16 03 00 29 53 7E
TX:	4:58:54 PM	7E A0 07 03 25 F1 7B 26 7E
RX:	4:58:54 PM	7E A8 89 25 03 BE 85 E7 02 03 0F 0D 16 03 00 02 03 0F 0E 16 03 00 02 03 0F 0F 16 03 00 02 03 0F 10 16 03 00 02 03 0F 11 16 03 00 02 03 0F 12 16 03 00 02 03 0F 13 16 03 00 02 03 0F 14 16 03 00 02 03 0F 15 16 03 00 02 03 0F 16 16 03 00 02 03 0F 17 16 03 00 01 00 02 04 12 00 5A 11 01 09 06 00 00 1D 00 00 FF 02 02 01 0A 02 03 0F 01 16 01 00 02 03 0F 02 16 03 00 02 03 0F 03 16 03 00 02 03 0F 04 16 03 00 02 03 40 5D 7E
TX:	4:58:54 PM	7E A0 07 03 25 11 75 C1 7E
RX:	4:58:54 PM	7E A8 89 25 03 B0 FB 0E 0F 05 16 03 00 02 03 0F 06 16 03 00 02 03 0F 07 16 03 00 02 03 0F 08 16 03 00 02 03 0F 09 16 03 00 02 03 0F 0A 16 03 00 01 01 02 02 0F 01 16 01 02 04 12 00 5B 11 03 09 06 00 00 1D 01 00 FF 02 02 01 1A 02 03 0F 01 16 01 00 02 03 0F 02 16 03 00 02 03 0F 03 16 03 00 02 03 0F 04 16 03 00 02 03 0F 05 16 03 00 02 03 0F 06 16 03 00 02 03 0F 07 16 03 00 02 03 0F 08 16 03 00 02 03 0F 09 16 B3 5B 7E
TX:	4:58:54 PM	7E A0 07 03 25 31 77 E0 7E
RX:	4:58:54 PM	7E A8 89 25 03 B2 E9 2D 03 00 02 03 0F 0A 16 03 00 02 03 0F 0B 16 03 00 02 03 0F 0C 16 03 00 02 03 0F 0D 16 03 00 02 03 0F 0E 16 03 00 02 03 0F 0F 16 03 00 02 03 0F 10 16 03 00 02 03 0F 11 16 03 00 02 03 0F 12 16 03 00 02 03 0F 13 16 03 00 02 03 0F 14 16 03 00 02 03 0F 15 16 03 00 02 03 0F 16 16 03 00 02 03 0F 17 16 03 00 02 03 0F 18 16 03 00 02 03 0F 19 16 03 00 02 03 0F 1A 16 03 00 01 02 02 02 0F 01 16 B8 2C 7E
TX:	4:58:54 PM	7E A0 07 03 25 51 71 83 7E
RX:	4:58:54 PM	7E A8 89 25 03 B4 DF 48 01 02 02 0F 02 16 01 02 04 12 00 6F 11 00 09 06 00 00 13 00 00 FF 02 02 01 13 02 03 0F 01 16 01 00 02 03 0F 02 16 03 00 02 03 0F 03 16 03 00 02 03 0F 04 16 03 00 02 03 0F 05 16 03 00 02 03 0F 06 16 03 00 02 03 0F 07 16 03 00 02 03 0F 08 16 03 00 02 03 0F 09 16 03 00 02 03 0F 0A 16 03 00 02 03 0F 0B 16 03 00 02 03 0F 0C 16 03 00 02 03 0F 0D 16 03 00 02 03 0F 0E 16 03 00 02 03 0F 0F 65 D0 7E
TX:	4:58:54 PM	7E A0 07 03 25 71 73 A2 7E
RX:	4:58:54 PM	7E A8 89 25 03 B6 CD 6B 16 03 00 02 03 0F 10 16 03 00 02 03 0F 11 16 03 00 02 03 0F 12 16 03 00 02 03 0F 13 16 03 00 01 03 02 02 0F 01 16 01 02 02 0F 02 16 01 02 02 0F 03 16 01 02 04 12 00 70 11 00 09 06 00 00 13 0A 00 FF 02 02 01 0B 02 03 0F 01 16 01 00 02 03 0F 02 16 03 00 02 03 0F 03 16 03 00 02 03 0F 04 16 03 00 02 03 0F 05 16 03 00 02 03 0F 06 16 03 00 02 03 0F 07 16 03 00 02 03 0F 08 16 03 00 02 03 6B F6 7E
TX:	4:58:54 PM	7E A0 07 03 25 91 7D 45 7E
RX:	4:58:54 PM	7E A0 0E 25 03 B8 DC A2 0F 09 16 03 00 CB 66 7E
TX:	4:58:54 PM	7E A0 13 03 25 BA E1 6B E6 E6 00 E0 81 00 03 00 03 00 12 8A 7E
RX:	4:58:54 PM	7E A8 89 25 03 DA A7 C2 E6 E7 00 E0 81 00 04 00 03 82 03 A6 02 03 0F 0A 16 03 00 02 03 0F 0B 16 03 00 01 03 02 02 0F 01 16 01 02 02 0F 02 16 01 02 02 0F 03 16 01 02 04 12 00 71 11 00 09 06 00 00 13 14 00 FF 02 02 01 0D 02 03 0F 01 16 01 00 02 03 0F 02 16 03 00 02 03 0F 03 16 03 00 02 03 0F 04 16 03 00 02 03 0F 05 16 03 00 02 03 0F 06 16 03 00 02 03 0F 07 16 03 00 02 03 0F 08 16 03 00 02 03 0F 09 16 03 00 C1 38 7E
TX:	4:58:54 PM	7E A0 07 03 25 D1 79 07 7E
RX:	4:58:54 PM	7E A8 89 25 03 DC 91 A7 02 03 0F 0A 16 03 00 02 03 0F 0B 16 03 00 02 03 0F 0C 16 03 00 02 03 0F 0D 16 03 00 01 05 02 02 0F 01 16 01 02 02 0F 02 16 01 02 02 0F 03 16 01 02 02 0F 04 16 01 02 02 0F 05 16 01 02 04 12 00 73 11 00 09 06 00 00 13 28 00 FF 02 02 01 06 02 03 0F 01 16 01 00 02 03 0F 02 16 03 00 02 03 0F 03 16 03 00 02 03 0F 04 16 03 00 02 03 0F 05 16 03 00 02 03 0F 06 16 03 00 01 01 02 02 0F 01 16 0C 75 7E
TX:	4:58:54 PM	7E A0 07 03 25 F1 7B 26 7E
RX:	4:58:54 PM	7E A8 89 25 03 DE 83 84 01 02 04 12 00 3E 11 01 09 06 00 00 42 00 01 FF 02 02 01 06 02 03 0F 01 16 01 00 02 03 0F 02 16 03 00 02 03 0F 03 16 03 00 02 03 0F 04 16 03 00 02 03 0F 05 16 03 00 02 03 0F 06 16 03 00 01 02 02 02 0F 01 16 01 02 02 0F 02 16 01 02 04 12 00 46 11 01 09 06 00 00 60 03 0A FF 02 02 01 04 02 03 0F 01 16 01 00 02 03 0F 02 16 03 00 02 03 0F 03 16 03 00 02 03 0F 04 16 03 00 01 02 02 02 0F DA 6F 7E
TX:	4:58:54 PM	7E A0 07 03 25 11 75 C1 7E
RX:	4:58:54 PM	7E A8 89 25 03 D0 FD 6D 01 16 01 02 02 0F 02 16 01 02 04 12 00 50 11 00 09 06 00 00 1C 00 00 FF 02 02 01 03 02 03 0F 01 16 01 00 02 03 0F 02 16 03 00 02 03 0F 03 16 03 00 01 01 02 02 0F 01 16 01 02 04 12 00 51 11 00 09 06 00 00 1C 01 00 FF 02 02 01 05 02 03 0F 01 16 01 00 02 03 0F 02 16 03 00 02 03 0F 03 16 03 00 02 03 0F 04 16 03 00 02 03 0F 05 16 03 00 01 01 02 02 0F 01 16 01 02 04 12 00 52 11 00 09 06 A0 81 7E
TX:	4:58:54 PM	7E A0 07 03 25 31 77 E0 7E
RX:	4:58:54 PM	7E A8 89 25 03 D2 EF 4E 00 00 1C 02 00 FF 02 02 01 08 02 03 0F 01 16 01 00 02 03 0F 02 16 03 00 02 03 0F 03 16 03 00 02 03 0F 04 16 03 00 02 03 0F 05 16 03 00 02 03 0F 06 16 03 00 02 03 0F 07 16 03 00 02 03 0F 08 16 03 00 01 00 02 04 12 00 53 11 00 09 06 00 00 1C 03 00 FF 02 02 01 0E 02 03 0F 01 16 01 00 02 03 0F 02 16 03 00 02 03 0F 03 16 03 00 02 03 0F 04 16 03 00 02 03 0F 05 16 03 00 02 03 0F 06 16 03 0A 0C 7E
TX:	4:58:54 PM	7E A0 07 03 25 51 71 83 7E
RX:	4:58:54 PM	7E A8 89 25 03 D4 D9 2B 00 02 03 0F 07 16 03 00 02 03 0F 08 16 03 00 02 03 0F 09 16 03 00 02 03 0F 0A 16 03 00 02 03 0F 0B 16 03 00 02 03 0F 0C 16 03 00 02 03 0F 0D 16 03 00 02 03 0F 0E 16 03 00 01 00 02 04 12 00 54 11 00 09 06 00 00 1C 04 00 FF 02 02 01 07 02 03 0F 01 16 01 00 02 03 0F 02 16 03 00 02 03 0F 03 16 03 00 02 03 0F 04 16 03 00 02 03 0F 05 16 03 00 02 03 0F 06 16 03 00 02 03 0F 07 16 03 00 01 81 7C 7E
TX:	4:58:54 PM	7E A0 07 03 25 71 73 A2 7E
RX:	4:58:54 PM	7E A8 89 25 03 D6 CB 08 01 02 02 0F 01 16 01 02 04 12 00 55 11 00 09 06 00 00 1C 05 00 FF 02 02 01 06 02 03 0F 01 16 01 00 02 03 0F 02 16 03 00 02 03 0F 03 16 03 00 02 03 0F 04 16 03 00 02 03 0F 05 16 03 00 02 03 0F 06 16 03 00 01 01 02 02 0F 01 16 01 02 04 12 00 56 11 00 09 06 00 00 1C 07 00 FF 02 02 01 04 02 03 0F 01 16 01 00 02 03 0F 02 16 03 00 02 03 0F 03 16 03 00 02 03 0F 04 16 03 00 01 00 02 04 12 37 C1 7E
TX:	4:58:54 PM	7E A0 07 03 25 91 7D 45 7E
RX:	4:58:54 PM	7E A0 3B 25 03 D8 7F E3 00 0A 11 00 09 06 00 00 0C 00 00 FF 02 02 01 02 02 03 0F 01 16 01 00 02 03 0F 02 16 03 00 01 03 02 02 0F 01 16 01 02 02 0F 02 16 01 02 02 0F 03 16 01 D0 8A 7E
TX:	4:58:54 PM	7E A0 19 03 25 BC 79 D2 E6 E6 00 C0 01 C1 00 08 00 00 01 00 00 FF 02 00 60 1A 7E
RX:	4:58:54 PM	7E A0 1E 25 03 FA 6B 00 E6 E7 00 C4 01 C1 00 09 0C 07 E9 0B 0D FF 10 3A 36 FF FE 5C 00 7F 23 7E
TX:	5:01:02 PM	7E A0 07 03 25 93 6F 66 7E
RX:	5:01:02 PM	7E A0 1E 25 03 73 A2 19 81 80 12 05 01 80 06 01 80 07 04 00 00 00 01 08 04 00 00 00 01 53 3B 7E
TX:	5:01:02 PM	7E A0 4C 03 25 10 5E 06 E6 E6 00 60 3E A1 09 06 07 60 85 74 05 08 01 01 8A 02 07 80 8B 07 60 85 74 05 08 02 02 AC 12 80 10 3C 68 20 38 5F 11 33 1F 30 6B 44 77 71 09 40 17 BE 10 04 0E 01 00 00 00 06 5F 1F 04 00 62 1E 5D FF FF F0 BB 7E
RX:	5:01:02 PM	7E A0 58 25 03 30 10 34 E6 E7 00 61 4A A1 09 06 07 60 85 74 05 08 01 01 A2 03 02 01 00 A3 05 A1 03 02 01 0E 88 02 07 80 89 07 60 85 74 05 08 02 02 AA 12 80 10 52 66 0F 6A 58 5A 04 5E 1D 2A 12 51 18 01 43 5C BE 10 04 0E 08 00 06 5F 1F 04 00 62 1E 5D 04 00 00 07 B5 3C 7E
TX:	5:01:02 PM	7E A0 2B 03 25 32 8B CA E6 E6 00 C3 01 C1 00 0F 00 00 28 00 00 FF 01 01 09 10 68 71 F3 C0 E7 F9 76 78 16 B7 73 4F CB D5 66 35 47 AA 7E
RX:	5:01:02 PM	7E A0 24 25 03 52 75 B9 E6 E7 00 C7 01 C1 00 01 00 09 10 50 D0 DE DC E5 90 86 29 7B 81 34 A2 95 F3 89 44 FA 36 7E
TX:	5:01:02 PM	7E A0 19 03 25 54 3F B9 E6 E6 00 C0 01 C1 00 0F 00 00 28 00 00 FF 02 00 91 53 7E
RX:	5:01:02 PM	7E A8 89 25 03 74 D3 8E E6 E7 00 E0 01 00 01 00 00 82 03 F9 C4 01 C1 00 01 30 02 04 12 00 0F 11 03 09 06 00 00 28 00 00 FF 02 02 01 0B 02 03 0F 01 16 01 00 02 03 0F 02 16 03 00 02 03 0F 03 16 03 00 02 03 0F 04 16 03 00 02 03 0F 05 16 03 00 02 03 0F 06 16 03 00 02 03 0F 07 16 03 00 02 03 0F 08 16 03 00 02 03 0F 09 16 03 00 02 03 0F 0A 16 03 00 02 03 0F 0B 16 03 00 01 06 02 02 0F 01 16 01 02 02 0F 02 16 01 3B C7 7E
TX:	5:01:02 PM	7E A0 07 03 25 71 73 A2 7E
RX:	5:01:02 PM	7E A8 89 25 03 76 C1 AD 02 02 0F 03 16 01 02 02 0F 04 16 01 02 02 0F 05 16 01 02 02 0F 06 16 01 02 04 12 00 17 11 01 09 06 00 00 16 00 00 FF 02 02 01 09 02 03 0F 01 16 01 00 02 03 0F 02 16 03 00 02 03 0F 03 16 03 00 02 03 0F 04 16 03 00 02 03 0F 05 16 03 00 02 03 0F 06 16 03 00 02 03 0F 07 16 03 00 02 03 0F 08 16 03 00 02 03 0F 09 16 03 00 01 00 02 04 12 00 08 11 00 09 06 00 00 01 00 00 FF 02 02 01 09 02 1A 65 7E
TX:	5:01:02 PM	7E A0 07 03 25 91 7D 45 7E
RX:	5:01:02 PM	7E A8 89 25 03 78 BF 44 03 0F 01 16 01 00 02 03 0F 02 16 03 00 02 03 0F 03 16 03 00 02 03 0F 04 16 03 00 02 03 0F 05 16 03 00 02 03 0F 06 16 03 00 02 03 0F 07 16 03 00 02 03 0F 08 16 03 00 02 03 0F 09 16 03 00 01 06 02 02 0F 01 16 01 02 02 0F 02 16 01 02 02 0F 03 16 01 02 02 0F 04 16 01 02 02 0F 05 16 01 02 02 0F 06 16 01 02 04 12 00 0F 11 03 09 06 00 00 28 00 03 FF 02 02 01 0B 02 03 0F 01 16 01 00 02 03 7E 56 7E
TX:	5:01:02 PM	7E A0 07 03 25 B1 7F 64 7E
RX:	5:01:02 PM	7E A8 89 25 03 7A AD 67 0F 02 16 03 00 02 03 0F 03 16 03 00 02 03 0F 04 16 03 00 02 03 0F 05 16 03 00 02 03 0F 06 16 03 00 02 03 0F 07 16 03 00 02 03 0F 08 16 03 00 02 03 0F 09 16 03 00 02 03 0F 0A 16 03 00 02 03 0F 0B 16 03 00 01 06 02 02 0F 01 16 01 02 02 0F 02 16 01 02 02 0F 03 16 01 02 02 0F 04 16 01 02 02 0F 05 16 01 02 02 0F 06 16 01 02 04 12 00 40 11 01 09 06 00 00 2B 00 07 FF 02 02 01 06 02 03 0F 6C BA 7E
TX:	5:01:02 PM	7E A0 07 03 25 D1 79 07 7E
RX:	5:01:02 PM	7E A8 89 25 03 7C 9B 02 01 16 01 00 02 03 0F 02 16 03 00 02 03 0F 03 16 03 00 02 03 0F 04 16 03 00 02 03 0F 05 16 03 00 02 03 0F 06 16 03 00 01 08 02 02 0F 01 16 01 02 02 0F 02 16 01 02 02 0F 03 16 01 02 02 0F 04 16 01 02 02 0F 05 16 01 02 02 0F 06 16 01 02 02 0F 07 16 01 02 02 0F 08 16 01 02 04 12 00 40 11 01 09 06 00 00 2B 00 08 FF 02 02 01 06 02 03 0F 01 16 01 00 02 03 0F 02 16 03 00 02 03 0F 03 16 03 BD 4F 7E
TX:	5:01:02 PM	7E A0 07 03 25 F1 7B 26 7E
RX:	5:01:02 PM	7E A8 89 25 03 7E 89 21 00 02 03 0F 04 16 03 00 02 03 0F 05 16 03 00 02 03 0F 06 16 03 00 01 08 02 02 0F 01 16 01 02 02 0F 02 16 01 02 02 0F 03 16 01 02 02 0F 04 16 01 02 02 0F 05 16 01 02 02 0F 06 16 01 02 02 0F 07 16 01 02 02 0F 08 16 01 02 04 12 00 01 11 00 09 06 00 00 2B 01 08 FF 02 02 01 02 02 03 0F 01 16 01 00 02 03 0F 02 16 03 00 01 00 02 04 12 00 01 11 00 09 06 00 00 2A 00 00 FF 02 02 01 02 02 03 3F FF 7E
TX:	5:01:02 PM	7E A0 07 03 25 11 75 C1 7E
RX:	5:01:02 PM	7E A8 89 25 03 70 F7 C8 0F 01 16 01 00 02 03 0F 02 16 03 00 01 00 02 04 12 00 01 11 00 09 06 01 00 00 02 00 FF 02 02 01 02 02 03 0F 01 16 01 00 02 03 0F 02 16 03 00 01 00 02 04 12 00 01 11 00 09 06 00 00 2B 01 00 FF 02 02 01 02 02 03 0F 01 16 01 00 02 03 0F 02 16 03 00 01 00 02 04 12 00 03 11 00 09 06 01 01 15 19 00 FF 02 02 01 03 02 03 0F 01 16 01 00 02 03 0F 02 16 03 00 02 03 0F 03 16 03 00 01 01 02 02 05 D2 7E
TX:	5:01:02 PM	7E A0 07 03 25 31 77 E0 7E
RX:	5:01:02 PM	7E A8 89 25 03 72 E5 EB 0F 01 16 01 02 04 12 00 1D 11 02 09 06 00 00 02 01 00 FF 02 02 01 06 02 03 0F 01 16 01 00 02 03 0F 02 16 03 00 02 03 0F 03 16 03 00 02 03 0F 04 16 03 00 02 03 0F 05 16 03 00 02 03 0F 06 16 03 00 01 01 02 02 0F 01 16 01 02 04 12 00 14 11 00 09 06 00 00 0D 00 00 FF 02 02 01 0A 02 03 0F 01 16 01 00 02 03 0F 02 16 03 00 02 03 0F 03 16 03 00 02 03 0F 04 16 03 00 02 03 0F 05 16 03 00 02 55 76 7E
TX:	5:01:02 PM	7E A0 07 03 25 51 71 83 7E
RX:	5:01:02 PM	7E A0 0E 25 03 74 BC AE 03 0F 06 16 03 46 06 7E
TX:	5:01:02 PM	7E A0 13 03 25 76 81 67 E6 E6 00 E0 81 00 01 00 01 00 D4 80 7E
RX:	5:01:02 PM	7E A8 89 25 03 96 CF 4A E6 E7 00 E0 01 00 02 00 01 82 03 F9 00 02 03 0F 07 16 03 00 02 03 0F 08 16 03 00 02 03 0F 09 16 03 00 02 03 0F 0A 16 03 00 01 01 02 02 0F 01 16 01 02 04 12 00 13 11 01 09 06 00 00 14 00 00 FF 02 02 01 09 02 03 0F 01 16 01 00 02 03 0F 02 16 03 00 02 03 0F 03 16 03 00 02 03 0F 04 16 03 00 02 03 0F 05 16 03 00 02 03 0F 06 16 03 00 02 03 0F 07 16 03 00 02 03 0F 08 16 03 00 02 03 0F 09 AC 90 7E
TX:	5:01:02 PM	7E A0 07 03 25 91 7D 45 7E
RX:	5:01:02 PM	7E A8 89 25 03 98 B1 A3 16 03 00 01 00 02 04 12 00 05 11 00 09 06 01 00 1F 04 00 FF 02 02 01 09 02 03 0F 01 16 01 00 02 03 0F 02 16 03 00 02 03 0F 03 16 03 00 02 03 0F 04 16 03 00 02 03 0F 05 16 03 00 02 03 0F 06 16 03 00 02 03 0F 07 16 03 00 02 03 0F 08 16 03 00 02 03 0F 09 16 03 00 01 02 02 02 0F 01 16 01 02 02 0F 02 16 01 02 04 12 00 15 11 00 09 06 00 00 10 01 00 FF 02 02 01 04 02 03 0F 01 16 01 00 02 C4 BC 7E
TX:	5:01:02 PM	7E A0 07 03 25 B1 7F 64 7E
RX:	5:01:02 PM	7E A8 89 25 03 9A A3 80 03 0F 02 16 03 00 02 03 0F 03 16 03 00 02 03 0F 04 16 03 00 01 00 02 04 12 00 09 11 00 09 06 00 01 0A 01 65 FF 02 02 01 02 02 03 0F 01 16 01 00 02 03 0F 02 16 03 00 01 01 02 02 0F 01 16 01 02 04 12 00 16 11 00 09 06 00 00 0F 00 00 FF 02 02 01 04 02 03 0F 01 16 01 00 02 03 0F 02 16 03 00 02 03 0F 03 16 03 00 02 03 0F 04 16 03 00 01 00 02 04 12 00 11 11 00 09 06 00 00 29 00 00 FF 02 35 FA 7E
TX:	5:01:02 PM	7E A0 07 03 25 D1 79 07 7E
RX:	5:01:02 PM	7E A8 89 25 03 9C 95 E5 02 01 02 02 03 0F 01 16 01 00 02 03 0F 02 16 03 00 01 01 02 02 0F 01 16 01 02 04 12 00 1C 11 02 09 06 00 00 02 02 00 FF 02 02 01 07 02 03 0F 01 16 01 00 02 03 0F 02 16 03 00 02 03 0F 03 16 03 00 02 03 0F 04 16 03 00 02 03 0F 05 16 03 00 02 03 0F 06 16 03 00 02 03 0F 07 16 03 00 01 00 02 04 12 00 1B 11 00 09 06 00 00 02 00 00 FF 02 02 01 04 02 03 0F 01 16 01 00 02 03 0F 02 16 03 00 00 43 7E
TX:	5:01:02 PM	7E A0 07 03 25 F1 7B 26 7E
RX:	5:01:02 PM	7E A8 89 25 03 9E 87 C6 02 03 0F 03 16 03 00 02 03 0F 04 16 03 00 01 00 02 04 12 00 2B 11 00 09 06 00 00 19 02 00 FF 02 02 01 02 02 03 0F 01 16 01 00 02 03 0F 02 16 03 00 01 00 02 04 12 00 12 11 00 09 06 00 00 2C 00 00 FF 02 02 01 07 02 03 0F 01 16 01 00 02 03 0F 02 16 03 00 02 03 0F 03 16 03 00 02 03 0F 04 16 03 00 02 03 0F 05 16 03 00 02 03 0F 06 16 03 00 02 03 0F 07 16 03 00 01 04 02 02 0F 01 16 01 02 50 8B 7E
TX:	5:01:02 PM	7E A0 07 03 25 11 75 C1 7E
RX:	5:01:02 PM	7E A8 89 25 03 90 F9 2F 02 0F 02 16 01 02 02 0F 03 16 01 02 02 0F 04 16 01 02 04 12 00 2A 11 00 09 06 00 00 19 01 00 FF 02 02 01 0A 02 03 0F 01 16 01 00 02 03 0F 02 16 03 00 02 03 0F 03 16 03 00 02 03 0F 04 16 03 00 02 03 0F 05 16 03 00 02 03 0F 06 16 03 00 02 03 0F 07 16 03 00 02 03 0F 08 16 03 00 02 03 0F 09 16 03 00 02 03 0F 0A 16 03 00 01 03 02 02 0F 01 16 01 02 02 0F 02 16 01 02 02 0F 03 16 01 02 04 B7 DD 7E
TX:	5:01:02 PM	7E A0 07 03 25 31 77 E0 7E
RX:	5:01:02 PM	7E A8 89 25 03 92 EB 0C 12 00 30 11 00 09 06 00 00 19 07 00 FF 02 02 01 0A 02 03 0F 01 16 01 00 02 03 0F 02 16 03 00 02 03 0F 03 16 03 00 02 03 0F 04 16 03 00 02 03 0F 05 16 03 00 02 03 0F 06 16 03 00 02 03 0F 07 16 03 00 02 03 0F 08 16 03 00 02 03 0F 09 16 03 00 02 03 0F 0A 16 03 00 01 02 02 02 0F 01 16 01 02 02 0F 02 16 01 02 04 12 00 28 11 00 09 06 00 00 19 09 00 FF 02 02 01 07 02 03 0F 01 16 01 00 02 D5 E8 7E
TX:	5:01:02 PM	7E A0 07 03 25 51 71 83 7E
RX:	5:01:02 PM	7E A8 89 25 03 94 DD 69 03 0F 02 16 03 00 02 03 0F 03 16 03 00 02 03 0F 04 16 03 00 02 03 0F 05 16 03 00 02 03 0F 06 16 03 00 02 03 0F 07 16 03 00 01 01 02 02 0F 01 16 01 02 04 12 00 0B 11 00 09 06 00 00 0B 00 00 FF 02 02 01 02 02 03 0F 01 16 01 00 02 03 0F 02 16 03 00 01 02 02 02 0F 01 16 01 02 02 0F 02 16 01 02 04 12 00 32 11 00 09 06 00 00 1A 00 00 FF 02 02 01 0F 02 03 0F 01 16 01 00 02 03 0F 02 16 03 91 1A 7E
TX:	5:01:02 PM	7E A0 07 03 25 71 73 A2 7E
RX:	5:01:02 PM	7E A0 0E 25 03 96 A0 6A 00 02 03 0F 03 31 EB 7E
TX:	5:01:02 PM	7E A0 13 03 25 98 F1 69 E6 E6 00 E0 81 00 02 00 02 00 71 8F 7E
RX:	5:01:02 PM	7E A8 89 25 03 B8 B3 82 E6 E7 00 E0 01 00 03 00 02 82 03 F9 16 03 00 02 03 0F 04 16 03 00 02 03 0F 05 16 03 00 02 03 0F 06 16 03 00 02 03 0F 07 16 03 00 02 03 0F 08 16 03 00 02 03 0F 09 16 03 00 02 03 0F 0A 16 03 00 02 03 0F 0B 16 03 00 02 03 0F 0C 16 03 00 02 03 0F 0D 16 03 00 02 03 0F 0E 16 03 00 02 03 0F 0F 16 03 00 01 00 02 04 12 00 33 11 00 09 06 00 00 1A 01 00 FF 02 02 01 02 02 03 0F 01 16 01 00 02 04 65 7E
TX:	5:01:02 PM	7E A0 07 03 25 B1 7F 64 7E
RX:	5:01:02 PM	7E A8 89 25 03 BA A1 A1 03 0F 02 16 03 00 01 01 02 02 0F 01 16 01 02 04 12 00 35 11 00 09 06 00 00 1A 03 00 FF 02 02 01 08 02 03 0F 01 16 01 00 02 03 0F 02 16 03 00 02 03 0F 03 16 03 00 02 03 0F 04 16 03 00 02 03 0F 05 16 03 00 02 03 0F 06 16 03 00 02 03 0F 07 16 03 00 02 03 0F 08 16 03 00 01 01 02 02 0F 01 16 01 02 04 12 00 34 11 00 09 06 00 00 1A 02 00 FF 02 02 01 05 02 03 0F 01 16 01 00 02 03 0F 02 16 F0 E2 7E
TX:	5:01:02 PM	7E A0 07 03 25 D1 79 07 7E
RX:	5:01:02 PM	7E A8 89 25 03 BC 97 C4 03 00 02 03 0F 03 16 03 00 02 03 0F 04 16 03 00 02 03 0F 05 16 03 00 01 00 02 04 12 00 5C 11 03 09 06 00 00 1D 02 00 FF 02 02 01 17 02 03 0F 01 16 01 00 02 03 0F 02 16 03 00 02 03 0F 03 16 03 00 02 03 0F 04 16 03 00 02 03 0F 05 16 03 00 02 03 0F 06 16 03 00 02 03 0F 07 16 03 00 02 03 0F 08 16 03 00 02 03 0F 09 16 03 00 02 03 0F 0A 16 03 00 02 03 0F 0B 16 03 00 02 03 0F 0C 16 03 00 29 53 7E
TX:	5:01:02 PM	7E A0 07 03 25 F1 7B 26 7E
RX:	5:01:02 PM	7E A8 89 25 03 BE 85 E7 02 03 0F 0D 16 03 00 02 03 0F 0E 16 03 00 02 03 0F 0F 16 03 00 02 03 0F 10 16 03 00 02 03 0F 11 16 03 00 02 03 0F 12 16 03 00 02 03 0F 13 16 03 00 02 03 0F 14 16 03 00 02 03 0F 15 16 03 00 02 03 0F 16 16 03 00 02 03 0F 17 16 03 00 01 00 02 04 12 00 5A 11 01 09 06 00 00 1D 00 00 FF 02 02 01 0A 02 03 0F 01 16 01 00 02 03 0F 02 16 03 00 02 03 0F 03 16 03 00 02 03 0F 04 16 03 00 02 03 40 5D 7E
TX:	5:01:02 PM	7E A0 07 03 25 11 75 C1 7E
RX:	5:01:02 PM	7E A8 89 25 03 B0 FB 0E 0F 05 16 03 00 02 03 0F 06 16 03 00 02 03 0F 07 16 03 00 02 03 0F 08 16 03 00 02 03 0F 09 16 03 00 02 03 0F 0A 16 03 00 01 01 02 02 0F 01 16 01 02 04 12 00 5B 11 03 09 06 00 00 1D 01 00 FF 02 02 01 1A 02 03 0F 01 16 01 00 02 03 0F 02 16 03 00 02 03 0F 03 16 03 00 02 03 0F 04 16 03 00 02 03 0F 05 16 03 00 02 03 0F 06 16 03 00 02 03 0F 07 16 03 00 02 03 0F 08 16 03 00 02 03 0F 09 16 B3 5B 7E
TX:	5:01:02 PM	7E A0 07 03 25 31 77 E0 7E
RX:	5:01:02 PM	7E A8 89 25 03 B2 E9 2D 03 00 02 03 0F 0A 16 03 00 02 03 0F 0B 16 03 00 02 03 0F 0C 16 03 00 02 03 0F 0D 16 03 00 02 03 0F 0E 16 03 00 02 03 0F 0F 16 03 00 02 03 0F 10 16 03 00 02 03 0F 11 16 03 00 02 03 0F 12 16 03 00 02 03 0F 13 16 03 00 02 03 0F 14 16 03 00 02 03 0F 15 16 03 00 02 03 0F 16 16 03 00 02 03 0F 17 16 03 00 02 03 0F 18 16 03 00 02 03 0F 19 16 03 00 02 03 0F 1A 16 03 00 01 02 02 02 0F 01 16 B8 2C 7E
TX:	5:01:02 PM	7E A0 07 03 25 51 71 83 7E
RX:	5:01:02 PM	7E A8 89 25 03 B4 DF 48 01 02 02 0F 02 16 01 02 04 12 00 6F 11 00 09 06 00 00 13 00 00 FF 02 02 01 13 02 03 0F 01 16 01 00 02 03 0F 02 16 03 00 02 03 0F 03 16 03 00 02 03 0F 04 16 03 00 02 03 0F 05 16 03 00 02 03 0F 06 16 03 00 02 03 0F 07 16 03 00 02 03 0F 08 16 03 00 02 03 0F 09 16 03 00 02 03 0F 0A 16 03 00 02 03 0F 0B 16 03 00 02 03 0F 0C 16 03 00 02 03 0F 0D 16 03 00 02 03 0F 0E 16 03 00 02 03 0F 0F 65 D0 7E
TX:	5:01:02 PM	7E A0 07 03 25 71 73 A2 7E
RX:	5:01:02 PM	7E A8 89 25 03 B6 CD 6B 16 03 00 02 03 0F 10 16 03 00 02 03 0F 11 16 03 00 02 03 0F 12 16 03 00 02 03 0F 13 16 03 00 01 03 02 02 0F 01 16 01 02 02 0F 02 16 01 02 02 0F 03 16 01 02 04 12 00 70 11 00 09 06 00 00 13 0A 00 FF 02 02 01 0B 02 03 0F 01 16 01 00 02 03 0F 02 16 03 00 02 03 0F 03 16 03 00 02 03 0F 04 16 03 00 02 03 0F 05 16 03 00 02 03 0F 06 16 03 00 02 03 0F 07 16 03 00 02 03 0F 08 16 03 00 02 03 6B F6 7E
TX:	5:01:02 PM	7E A0 07 03 25 91 7D 45 7E
RX:	5:01:02 PM	7E A0 0E 25 03 B8 DC A2 0F 09 16 03 00 CB 66 7E
TX:	5:01:02 PM	7E A0 13 03 25 BA E1 6B E6 E6 00 E0 81 00 03 00 03 00 12 8A 7E
RX:	5:01:02 PM	7E A8 89 25 03 DA A7 C2 E6 E7 00 E0 81 00 04 00 03 82 03 A6 02 03 0F 0A 16 03 00 02 03 0F 0B 16 03 00 01 03 02 02 0F 01 16 01 02 02 0F 02 16 01 02 02 0F 03 16 01 02 04 12 00 71 11 00 09 06 00 00 13 14 00 FF 02 02 01 0D 02 03 0F 01 16 01 00 02 03 0F 02 16 03 00 02 03 0F 03 16 03 00 02 03 0F 04 16 03 00 02 03 0F 05 16 03 00 02 03 0F 06 16 03 00 02 03 0F 07 16 03 00 02 03 0F 08 16 03 00 02 03 0F 09 16 03 00 C1 38 7E
TX:	5:01:02 PM	7E A0 07 03 25 D1 79 07 7E
RX:	5:01:02 PM	7E A8 89 25 03 DC 91 A7 02 03 0F 0A 16 03 00 02 03 0F 0B 16 03 00 02 03 0F 0C 16 03 00 02 03 0F 0D 16 03 00 01 05 02 02 0F 01 16 01 02 02 0F 02 16 01 02 02 0F 03 16 01 02 02 0F 04 16 01 02 02 0F 05 16 01 02 04 12 00 73 11 00 09 06 00 00 13 28 00 FF 02 02 01 06 02 03 0F 01 16 01 00 02 03 0F 02 16 03 00 02 03 0F 03 16 03 00 02 03 0F 04 16 03 00 02 03 0F 05 16 03 00 02 03 0F 06 16 03 00 01 01 02 02 0F 01 16 0C 75 7E
TX:	5:01:02 PM	7E A0 07 03 25 F1 7B 26 7E
RX:	5:01:02 PM	7E A8 89 25 03 DE 83 84 01 02 04 12 00 3E 11 01 09 06 00 00 42 00 01 FF 02 02 01 06 02 03 0F 01 16 01 00 02 03 0F 02 16 03 00 02 03 0F 03 16 03 00 02 03 0F 04 16 03 00 02 03 0F 05 16 03 00 02 03 0F 06 16 03 00 01 02 02 02 0F 01 16 01 02 02 0F 02 16 01 02 04 12 00 46 11 01 09 06 00 00 60 03 0A FF 02 02 01 04 02 03 0F 01 16 01 00 02 03 0F 02 16 03 00 02 03 0F 03 16 03 00 02 03 0F 04 16 03 00 01 02 02 02 0F DA 6F 7E
TX:	5:01:02 PM	7E A0 07 03 25 11 75 C1 7E
RX:	5:01:02 PM	7E A8 89 25 03 D0 FD 6D 01 16 01 02 02 0F 02 16 01 02 04 12 00 50 11 00 09 06 00 00 1C 00 00 FF 02 02 01 03 02 03 0F 01 16 01 00 02 03 0F 02 16 03 00 02 03 0F 03 16 03 00 01 01 02 02 0F 01 16 01 02 04 12 00 51 11 00 09 06 00 00 1C 01 00 FF 02 02 01 05 02 03 0F 01 16 01 00 02 03 0F 02 16 03 00 02 03 0F 03 16 03 00 02 03 0F 04 16 03 00 02 03 0F 05 16 03 00 01 01 02 02 0F 01 16 01 02 04 12 00 52 11 00 09 06 A0 81 7E
TX:	5:01:02 PM	7E A0 07 03 25 31 77 E0 7E
RX:	5:01:02 PM	7E A8 89 25 03 D2 EF 4E 00 00 1C 02 00 FF 02 02 01 08 02 03 0F 01 16 01 00 02 03 0F 02 16 03 00 02 03 0F 03 16 03 00 02 03 0F 04 16 03 00 02 03 0F 05 16 03 00 02 03 0F 06 16 03 00 02 03 0F 07 16 03 00 02 03 0F 08 16 03 00 01 00 02 04 12 00 53 11 00 09 06 00 00 1C 03 00 FF 02 02 01 0E 02 03 0F 01 16 01 00 02 03 0F 02 16 03 00 02 03 0F 03 16 03 00 02 03 0F 04 16 03 00 02 03 0F 05 16 03 00 02 03 0F 06 16 03 0A 0C 7E
TX:	5:01:02 PM	7E A0 07 03 25 51 71 83 7E
RX:	5:01:02 PM	7E A8 89 25 03 D4 D9 2B 00 02 03 0F 07 16 03 00 02 03 0F 08 16 03 00 02 03 0F 09 16 03 00 02 03 0F 0A 16 03 00 02 03 0F 0B 16 03 00 02 03 0F 0C 16 03 00 02 03 0F 0D 16 03 00 02 03 0F 0E 16 03 00 01 00 02 04 12 00 54 11 00 09 06 00 00 1C 04 00 FF 02 02 01 07 02 03 0F 01 16 01 00 02 03 0F 02 16 03 00 02 03 0F 03 16 03 00 02 03 0F 04 16 03 00 02 03 0F 05 16 03 00 02 03 0F 06 16 03 00 02 03 0F 07 16 03 00 01 81 7C 7E
TX:	5:01:02 PM	7E A0 07 03 25 71 73 A2 7E
RX:	5:01:02 PM	7E A8 89 25 03 D6 CB 08 01 02 02 0F 01 16 01 02 04 12 00 55 11 00 09 06 00 00 1C 05 00 FF 02 02 01 06 02 03 0F 01 16 01 00 02 03 0F 02 16 03 00 02 03 0F 03 16 03 00 02 03 0F 04 16 03 00 02 03 0F 05 16 03 00 02 03 0F 06 16 03 00 01 01 02 02 0F 01 16 01 02 04 12 00 56 11 00 09 06 00 00 1C 07 00 FF 02 02 01 04 02 03 0F 01 16 01 00 02 03 0F 02 16 03 00 02 03 0F 03 16 03 00 02 03 0F 04 16 03 00 01 00 02 04 12 37 C1 7E
TX:	5:01:02 PM	7E A0 07 03 25 91 7D 45 7E
RX:	5:01:02 PM	7E A0 3B 25 03 D8 7F E3 00 0A 11 00 09 06 00 00 0C 00 00 FF 02 02 01 02 02 03 0F 01 16 01 00 02 03 0F 02 16 03 00 01 03 02 02 0F 01 16 01 02 02 0F 02 16 01 02 02 0F 03 16 01 D0 8A 7E
TX:	5:01:02 PM	7E A0 19 03 25 BC 79 D2 E6 E6 00 C0 01 C1 00 08 00 00 01 00 00 FF 02 00 60 1A 7E
RX:	5:01:02 PM	7E A0 1E 25 03 FA 6B 00 E6 E7 00 C4 01 C1 00 09 0C 07 E9 0B 0D FF 11 01 02 FF FE 5C 00 9E AF 7E
TX:	5:02:37 PM	7E A0 07 03 25 93 6F 66 7E
RX:	5:02:37 PM	7E A0 1E 25 03 73 A2 19 81 80 12 05 01 80 06 01 80 07 04 00 00 00 01 08 04 00 00 00 01 53 3B 7E
TX:	5:02:37 PM	7E A0 4C 03 25 10 5E 06 E6 E6 00 60 3E A1 09 06 07 60 85 74 05 08 01 01 8A 02 07 80 8B 07 60 85 74 05 08 02 02 AC 12 80 10 4B 11 07 36 71 62 01 54 36 4F 12 69 3E 3C 3E 0E BE 10 04 0E 01 00 00 00 06 5F 1F 04 00 62 1E 5D FF FF 0B 26 7E
RX:	5:02:38 PM	7E A0 58 25 03 30 10 34 E6 E7 00 61 4A A1 09 06 07 60 85 74 05 08 01 01 A2 03 02 01 00 A3 05 A1 03 02 01 0E 88 02 07 80 89 07 60 85 74 05 08 02 02 AA 12 80 10 78 20 1B 3A 18 50 46 34 67 10 38 44 6F 46 66 6A BE 10 04 0E 08 00 06 5F 1F 04 00 62 1E 5D 04 00 00 07 2C B6 7E
TX:	5:02:38 PM	7E A0 2B 03 25 32 8B CA E6 E6 00 C3 01 C1 00 0F 00 00 28 00 00 FF 01 01 09 10 88 18 3E B6 1E 24 C0 BD 5E 47 34 CC 4C F8 55 5F 1F 9F 7E
RX:	5:02:38 PM	7E A0 24 25 03 52 75 B9 E6 E7 00 C7 01 C1 00 01 00 09 10 50 F2 02 36 04 26 E0 19 1C 9E FB 47 F1 D6 67 BC 47 61 7E
TX:	5:02:38 PM	7E A0 19 03 25 54 3F B9 E6 E6 00 C0 01 C1 00 0F 00 00 28 00 00 FF 02 00 91 53 7E
RX:	5:02:38 PM	7E A8 89 25 03 74 D3 8E E6 E7 00 E0 01 00 01 00 00 82 03 F9 C4 01 C1 00 01 30 02 04 12 00 0F 11 03 09 06 00 00 28 00 00 FF 02 02 01 0B 02 03 0F 01 16 01 00 02 03 0F 02 16 03 00 02 03 0F 03 16 03 00 02 03 0F 04 16 03 00 02 03 0F 05 16 03 00 02 03 0F 06 16 03 00 02 03 0F 07 16 03 00 02 03 0F 08 16 03 00 02 03 0F 09 16 03 00 02 03 0F 0A 16 03 00 02 03 0F 0B 16 03 00 01 06 02 02 0F 01 16 01 02 02 0F 02 16 01 3B C7 7E
TX:	5:02:38 PM	7E A0 07 03 25 71 73 A2 7E
RX:	5:02:38 PM	7E A8 89 25 03 76 C1 AD 02 02 0F 03 16 01 02 02 0F 04 16 01 02 02 0F 05 16 01 02 02 0F 06 16 01 02 04 12 00 17 11 01 09 06 00 00 16 00 00 FF 02 02 01 09 02 03 0F 01 16 01 00 02 03 0F 02 16 03 00 02 03 0F 03 16 03 00 02 03 0F 04 16 03 00 02 03 0F 05 16 03 00 02 03 0F 06 16 03 00 02 03 0F 07 16 03 00 02 03 0F 08 16 03 00 02 03 0F 09 16 03 00 01 00 02 04 12 00 08 11 00 09 06 00 00 01 00 00 FF 02 02 01 09 02 1A 65 7E
TX:	5:02:38 PM	7E A0 07 03 25 91 7D 45 7E
RX:	5:02:38 PM	7E A8 89 25 03 78 BF 44 03 0F 01 16 01 00 02 03 0F 02 16 03 00 02 03 0F 03 16 03 00 02 03 0F 04 16 03 00 02 03 0F 05 16 03 00 02 03 0F 06 16 03 00 02 03 0F 07 16 03 00 02 03 0F 08 16 03 00 02 03 0F 09 16 03 00 01 06 02 02 0F 01 16 01 02 02 0F 02 16 01 02 02 0F 03 16 01 02 02 0F 04 16 01 02 02 0F 05 16 01 02 02 0F 06 16 01 02 04 12 00 0F 11 03 09 06 00 00 28 00 03 FF 02 02 01 0B 02 03 0F 01 16 01 00 02 03 7E 56 7E
TX:	5:02:38 PM	7E A0 07 03 25 B1 7F 64 7E
RX:	5:02:38 PM	7E A8 89 25 03 7A AD 67 0F 02 16 03 00 02 03 0F 03 16 03 00 02 03 0F 04 16 03 00 02 03 0F 05 16 03 00 02 03 0F 06 16 03 00 02 03 0F 07 16 03 00 02 03 0F 08 16 03 00 02 03 0F 09 16 03 00 02 03 0F 0A 16 03 00 02 03 0F 0B 16 03 00 01 06 02 02 0F 01 16 01 02 02 0F 02 16 01 02 02 0F 03 16 01 02 02 0F 04 16 01 02 02 0F 05 16 01 02 02 0F 06 16 01 02 04 12 00 40 11 01 09 06 00 00 2B 00 07 FF 02 02 01 06 02 03 0F 6C BA 7E
TX:	5:02:38 PM	7E A0 07 03 25 D1 79 07 7E
RX:	5:02:38 PM	7E A8 89 25 03 7C 9B 02 01 16 01 00 02 03 0F 02 16 03 00 02 03 0F 03 16 03 00 02 03 0F 04 16 03 00 02 03 0F 05 16 03 00 02 03 0F 06 16 03 00 01 08 02 02 0F 01 16 01 02 02 0F 02 16 01 02 02 0F 03 16 01 02 02 0F 04 16 01 02 02 0F 05 16 01 02 02 0F 06 16 01 02 02 0F 07 16 01 02 02 0F 08 16 01 02 04 12 00 40 11 01 09 06 00 00 2B 00 08 FF 02 02 01 06 02 03 0F 01 16 01 00 02 03 0F 02 16 03 00 02 03 0F 03 16 03 BD 4F 7E
TX:	5:02:38 PM	7E A0 07 03 25 F1 7B 26 7E
RX:	5:02:38 PM	7E A8 89 25 03 7E 89 21 00 02 03 0F 04 16 03 00 02 03 0F 05 16 03 00 02 03 0F 06 16 03 00 01 08 02 02 0F 01 16 01 02 02 0F 02 16 01 02 02 0F 03 16 01 02 02 0F 04 16 01 02 02 0F 05 16 01 02 02 0F 06 16 01 02 02 0F 07 16 01 02 02 0F 08 16 01 02 04 12 00 01 11 00 09 06 00 00 2B 01 08 FF 02 02 01 02 02 03 0F 01 16 01 00 02 03 0F 02 16 03 00 01 00 02 04 12 00 01 11 00 09 06 00 00 2A 00 00 FF 02 02 01 02 02 03 3F FF 7E
TX:	5:02:38 PM	7E A0 07 03 25 11 75 C1 7E
RX:	5:02:38 PM	7E A8 89 25 03 70 F7 C8 0F 01 16 01 00 02 03 0F 02 16 03 00 01 00 02 04 12 00 01 11 00 09 06 01 00 00 02 00 FF 02 02 01 02 02 03 0F 01 16 01 00 02 03 0F 02 16 03 00 01 00 02 04 12 00 01 11 00 09 06 00 00 2B 01 00 FF 02 02 01 02 02 03 0F 01 16 01 00 02 03 0F 02 16 03 00 01 00 02 04 12 00 03 11 00 09 06 01 01 15 19 00 FF 02 02 01 03 02 03 0F 01 16 01 00 02 03 0F 02 16 03 00 02 03 0F 03 16 03 00 01 01 02 02 05 D2 7E
TX:	5:02:38 PM	7E A0 07 03 25 31 77 E0 7E
RX:	5:02:38 PM	7E A8 89 25 03 72 E5 EB 0F 01 16 01 02 04 12 00 1D 11 02 09 06 00 00 02 01 00 FF 02 02 01 06 02 03 0F 01 16 01 00 02 03 0F 02 16 03 00 02 03 0F 03 16 03 00 02 03 0F 04 16 03 00 02 03 0F 05 16 03 00 02 03 0F 06 16 03 00 01 01 02 02 0F 01 16 01 02 04 12 00 14 11 00 09 06 00 00 0D 00 00 FF 02 02 01 0A 02 03 0F 01 16 01 00 02 03 0F 02 16 03 00 02 03 0F 03 16 03 00 02 03 0F 04 16 03 00 02 03 0F 05 16 03 00 02 55 76 7E
TX:	5:02:38 PM	7E A0 07 03 25 51 71 83 7E
RX:	5:02:38 PM	7E A0 0E 25 03 74 BC AE 03 0F 06 16 03 46 06 7E
TX:	5:02:38 PM	7E A0 13 03 25 76 81 67 E6 E6 00 E0 81 00 01 00 01 00 D4 80 7E
RX:	5:02:38 PM	7E A8 89 25 03 96 CF 4A E6 E7 00 E0 01 00 02 00 01 82 03 F9 00 02 03 0F 07 16 03 00 02 03 0F 08 16 03 00 02 03 0F 09 16 03 00 02 03 0F 0A 16 03 00 01 01 02 02 0F 01 16 01 02 04 12 00 13 11 01 09 06 00 00 14 00 00 FF 02 02 01 09 02 03 0F 01 16 01 00 02 03 0F 02 16 03 00 02 03 0F 03 16 03 00 02 03 0F 04 16 03 00 02 03 0F 05 16 03 00 02 03 0F 06 16 03 00 02 03 0F 07 16 03 00 02 03 0F 08 16 03 00 02 03 0F 09 AC 90 7E
TX:	5:02:38 PM	7E A0 07 03 25 91 7D 45 7E
RX:	5:02:38 PM	7E A8 89 25 03 98 B1 A3 16 03 00 01 00 02 04 12 00 05 11 00 09 06 01 00 1F 04 00 FF 02 02 01 09 02 03 0F 01 16 01 00 02 03 0F 02 16 03 00 02 03 0F 03 16 03 00 02 03 0F 04 16 03 00 02 03 0F 05 16 03 00 02 03 0F 06 16 03 00 02 03 0F 07 16 03 00 02 03 0F 08 16 03 00 02 03 0F 09 16 03 00 01 02 02 02 0F 01 16 01 02 02 0F 02 16 01 02 04 12 00 15 11 00 09 06 00 00 10 01 00 FF 02 02 01 04 02 03 0F 01 16 01 00 02 C4 BC 7E
TX:	5:02:38 PM	7E A0 07 03 25 B1 7F 64 7E
RX:	5:02:38 PM	7E A8 89 25 03 9A A3 80 03 0F 02 16 03 00 02 03 0F 03 16 03 00 02 03 0F 04 16 03 00 01 00 02 04 12 00 09 11 00 09 06 00 01 0A 01 65 FF 02 02 01 02 02 03 0F 01 16 01 00 02 03 0F 02 16 03 00 01 01 02 02 0F 01 16 01 02 04 12 00 16 11 00 09 06 00 00 0F 00 00 FF 02 02 01 04 02 03 0F 01 16 01 00 02 03 0F 02 16 03 00 02 03 0F 03 16 03 00 02 03 0F 04 16 03 00 01 00 02 04 12 00 11 11 00 09 06 00 00 29 00 00 FF 02 35 FA 7E
TX:	5:02:38 PM	7E A0 07 03 25 D1 79 07 7E
RX:	5:02:38 PM	7E A8 89 25 03 9C 95 E5 02 01 02 02 03 0F 01 16 01 00 02 03 0F 02 16 03 00 01 01 02 02 0F 01 16 01 02 04 12 00 1C 11 02 09 06 00 00 02 02 00 FF 02 02 01 07 02 03 0F 01 16 01 00 02 03 0F 02 16 03 00 02 03 0F 03 16 03 00 02 03 0F 04 16 03 00 02 03 0F 05 16 03 00 02 03 0F 06 16 03 00 02 03 0F 07 16 03 00 01 00 02 04 12 00 1B 11 00 09 06 00 00 02 00 00 FF 02 02 01 04 02 03 0F 01 16 01 00 02 03 0F 02 16 03 00 00 43 7E
TX:	5:02:38 PM	7E A0 07 03 25 F1 7B 26 7E
RX:	5:02:38 PM	7E A8 89 25 03 9E 87 C6 02 03 0F 03 16 03 00 02 03 0F 04 16 03 00 01 00 02 04 12 00 2B 11 00 09 06 00 00 19 02 00 FF 02 02 01 02 02 03 0F 01 16 01 00 02 03 0F 02 16 03 00 01 00 02 04 12 00 12 11 00 09 06 00 00 2C 00 00 FF 02 02 01 07 02 03 0F 01 16 01 00 02 03 0F 02 16 03 00 02 03 0F 03 16 03 00 02 03 0F 04 16 03 00 02 03 0F 05 16 03 00 02 03 0F 06 16 03 00 02 03 0F 07 16 03 00 01 04 02 02 0F 01 16 01 02 50 8B 7E
TX:	5:02:38 PM	7E A0 07 03 25 11 75 C1 7E
RX:	5:02:38 PM	7E A8 89 25 03 90 F9 2F 02 0F 02 16 01 02 02 0F 03 16 01 02 02 0F 04 16 01 02 04 12 00 2A 11 00 09 06 00 00 19 01 00 FF 02 02 01 0A 02 03 0F 01 16 01 00 02 03 0F 02 16 03 00 02 03 0F 03 16 03 00 02 03 0F 04 16 03 00 02 03 0F 05 16 03 00 02 03 0F 06 16 03 00 02 03 0F 07 16 03 00 02 03 0F 08 16 03 00 02 03 0F 09 16 03 00 02 03 0F 0A 16 03 00 01 03 02 02 0F 01 16 01 02 02 0F 02 16 01 02 02 0F 03 16 01 02 04 B7 DD 7E
TX:	5:02:38 PM	7E A0 07 03 25 31 77 E0 7E
RX:	5:02:38 PM	7E A8 89 25 03 92 EB 0C 12 00 30 11 00 09 06 00 00 19 07 00 FF 02 02 01 0A 02 03 0F 01 16 01 00 02 03 0F 02 16 03 00 02 03 0F 03 16 03 00 02 03 0F 04 16 03 00 02 03 0F 05 16 03 00 02 03 0F 06 16 03 00 02 03 0F 07 16 03 00 02 03 0F 08 16 03 00 02 03 0F 09 16 03 00 02 03 0F 0A 16 03 00 01 02 02 02 0F 01 16 01 02 02 0F 02 16 01 02 04 12 00 28 11 00 09 06 00 00 19 09 00 FF 02 02 01 07 02 03 0F 01 16 01 00 02 D5 E8 7E
TX:	5:02:38 PM	7E A0 07 03 25 51 71 83 7E
RX:	5:02:38 PM	7E A8 89 25 03 94 DD 69 03 0F 02 16 03 00 02 03 0F 03 16 03 00 02 03 0F 04 16 03 00 02 03 0F 05 16 03 00 02 03 0F 06 16 03 00 02 03 0F 07 16 03 00 01 01 02 02 0F 01 16 01 02 04 12 00 0B 11 00 09 06 00 00 0B 00 00 FF 02 02 01 02 02 03 0F 01 16 01 00 02 03 0F 02 16 03 00 01 02 02 02 0F 01 16 01 02 02 0F 02 16 01 02 04 12 00 32 11 00 09 06 00 00 1A 00 00 FF 02 02 01 0F 02 03 0F 01 16 01 00 02 03 0F 02 16 03 91 1A 7E
TX:	5:02:38 PM	7E A0 07 03 25 71 73 A2 7E
RX:	5:02:38 PM	7E A0 0E 25 03 96 A0 6A 00 02 03 0F 03 31 EB 7E
TX:	5:02:38 PM	7E A0 13 03 25 98 F1 69 E6 E6 00 E0 81 00 02 00 02 00 71 8F 7E
RX:	5:02:38 PM	7E A8 89 25 03 B8 B3 82 E6 E7 00 E0 01 00 03 00 02 82 03 F9 16 03 00 02 03 0F 04 16 03 00 02 03 0F 05 16 03 00 02 03 0F 06 16 03 00 02 03 0F 07 16 03 00 02 03 0F 08 16 03 00 02 03 0F 09 16 03 00 02 03 0F 0A 16 03 00 02 03 0F 0B 16 03 00 02 03 0F 0C 16 03 00 02 03 0F 0D 16 03 00 02 03 0F 0E 16 03 00 02 03 0F 0F 16 03 00 01 00 02 04 12 00 33 11 00 09 06 00 00 1A 01 00 FF 02 02 01 02 02 03 0F 01 16 01 00 02 04 65 7E
TX:	5:02:38 PM	7E A0 07 03 25 B1 7F 64 7E
RX:	5:02:38 PM	7E A8 89 25 03 BA A1 A1 03 0F 02 16 03 00 01 01 02 02 0F 01 16 01 02 04 12 00 35 11 00 09 06 00 00 1A 03 00 FF 02 02 01 08 02 03 0F 01 16 01 00 02 03 0F 02 16 03 00 02 03 0F 03 16 03 00 02 03 0F 04 16 03 00 02 03 0F 05 16 03 00 02 03 0F 06 16 03 00 02 03 0F 07 16 03 00 02 03 0F 08 16 03 00 01 01 02 02 0F 01 16 01 02 04 12 00 34 11 00 09 06 00 00 1A 02 00 FF 02 02 01 05 02 03 0F 01 16 01 00 02 03 0F 02 16 F0 E2 7E
TX:	5:02:38 PM	7E A0 07 03 25 D1 79 07 7E
RX:	5:02:38 PM	7E A8 89 25 03 BC 97 C4 03 00 02 03 0F 03 16 03 00 02 03 0F 04 16 03 00 02 03 0F 05 16 03 00 01 00 02 04 12 00 5C 11 03 09 06 00 00 1D 02 00 FF 02 02 01 17 02 03 0F 01 16 01 00 02 03 0F 02 16 03 00 02 03 0F 03 16 03 00 02 03 0F 04 16 03 00 02 03 0F 05 16 03 00 02 03 0F 06 16 03 00 02 03 0F 07 16 03 00 02 03 0F 08 16 03 00 02 03 0F 09 16 03 00 02 03 0F 0A 16 03 00 02 03 0F 0B 16 03 00 02 03 0F 0C 16 03 00 29 53 7E
TX:	5:02:38 PM	7E A0 07 03 25 F1 7B 26 7E
RX:	5:02:38 PM	7E A8 89 25 03 BE 85 E7 02 03 0F 0D 16 03 00 02 03 0F 0E 16 03 00 02 03 0F 0F 16 03 00 02 03 0F 10 16 03 00 02 03 0F 11 16 03 00 02 03 0F 12 16 03 00 02 03 0F 13 16 03 00 02 03 0F 14 16 03 00 02 03 0F 15 16 03 00 02 03 0F 16 16 03 00 02 03 0F 17 16 03 00 01 00 02 04 12 00 5A 11 01 09 06 00 00 1D 00 00 FF 02 02 01 0A 02 03 0F 01 16 01 00 02 03 0F 02 16 03 00 02 03 0F 03 16 03 00 02 03 0F 04 16 03 00 02 03 40 5D 7E
TX:	5:02:38 PM	7E A0 07 03 25 11 75 C1 7E
RX:	5:02:38 PM	7E A8 89 25 03 B0 FB 0E 0F 05 16 03 00 02 03 0F 06 16 03 00 02 03 0F 07 16 03 00 02 03 0F 08 16 03 00 02 03 0F 09 16 03 00 02 03 0F 0A 16 03 00 01 01 02 02 0F 01 16 01 02 04 12 00 5B 11 03 09 06 00 00 1D 01 00 FF 02 02 01 1A 02 03 0F 01 16 01 00 02 03 0F 02 16 03 00 02 03 0F 03 16 03 00 02 03 0F 04 16 03 00 02 03 0F 05 16 03 00 02 03 0F 06 16 03 00 02 03 0F 07 16 03 00 02 03 0F 08 16 03 00 02 03 0F 09 16 B3 5B 7E
TX:	5:02:38 PM	7E A0 07 03 25 31 77 E0 7E
RX:	5:02:38 PM	7E A8 89 25 03 B2 E9 2D 03 00 02 03 0F 0A 16 03 00 02 03 0F 0B 16 03 00 02 03 0F 0C 16 03 00 02 03 0F 0D 16 03 00 02 03 0F 0E 16 03 00 02 03 0F 0F 16 03 00 02 03 0F 10 16 03 00 02 03 0F 11 16 03 00 02 03 0F 12 16 03 00 02 03 0F 13 16 03 00 02 03 0F 14 16 03 00 02 03 0F 15 16 03 00 02 03 0F 16 16 03 00 02 03 0F 17 16 03 00 02 03 0F 18 16 03 00 02 03 0F 19 16 03 00 02 03 0F 1A 16 03 00 01 02 02 02 0F 01 16 B8 2C 7E
TX:	5:02:38 PM	7E A0 07 03 25 51 71 83 7E
RX:	5:02:38 PM	7E A8 89 25 03 B4 DF 48 01 02 02 0F 02 16 01 02 04 12 00 6F 11 00 09 06 00 00 13 00 00 FF 02 02 01 13 02 03 0F 01 16 01 00 02 03 0F 02 16 03 00 02 03 0F 03 16 03 00 02 03 0F 04 16 03 00 02 03 0F 05 16 03 00 02 03 0F 06 16 03 00 02 03 0F 07 16 03 00 02 03 0F 08 16 03 00 02 03 0F 09 16 03 00 02 03 0F 0A 16 03 00 02 03 0F 0B 16 03 00 02 03 0F 0C 16 03 00 02 03 0F 0D 16 03 00 02 03 0F 0E 16 03 00 02 03 0F 0F 65 D0 7E
TX:	5:02:38 PM	7E A0 07 03 25 71 73 A2 7E
RX:	5:02:38 PM	7E A8 89 25 03 B6 CD 6B 16 03 00 02 03 0F 10 16 03 00 02 03 0F 11 16 03 00 02 03 0F 12 16 03 00 02 03 0F 13 16 03 00 01 03 02 02 0F 01 16 01 02 02 0F 02 16 01 02 02 0F 03 16 01 02 04 12 00 70 11 00 09 06 00 00 13 0A 00 FF 02 02 01 0B 02 03 0F 01 16 01 00 02 03 0F 02 16 03 00 02 03 0F 03 16 03 00 02 03 0F 04 16 03 00 02 03 0F 05 16 03 00 02 03 0F 06 16 03 00 02 03 0F 07 16 03 00 02 03 0F 08 16 03 00 02 03 6B F6 7E
TX:	5:02:38 PM	7E A0 07 03 25 91 7D 45 7E
RX:	5:02:38 PM	7E A0 0E 25 03 B8 DC A2 0F 09 16 03 00 CB 66 7E
TX:	5:02:38 PM	7E A0 13 03 25 BA E1 6B E6 E6 00 E0 81 00 03 00 03 00 12 8A 7E
RX:	5:02:38 PM	7E A8 89 25 03 DA A7 C2 E6 E7 00 E0 81 00 04 00 03 82 03 A6 02 03 0F 0A 16 03 00 02 03 0F 0B 16 03 00 01 03 02 02 0F 01 16 01 02 02 0F 02 16 01 02 02 0F 03 16 01 02 04 12 00 71 11 00 09 06 00 00 13 14 00 FF 02 02 01 0D 02 03 0F 01 16 01 00 02 03 0F 02 16 03 00 02 03 0F 03 16 03 00 02 03 0F 04 16 03 00 02 03 0F 05 16 03 00 02 03 0F 06 16 03 00 02 03 0F 07 16 03 00 02 03 0F 08 16 03 00 02 03 0F 09 16 03 00 C1 38 7E
TX:	5:02:38 PM	7E A0 07 03 25 D1 79 07 7E
RX:	5:02:38 PM	7E A8 89 25 03 DC 91 A7 02 03 0F 0A 16 03 00 02 03 0F 0B 16 03 00 02 03 0F 0C 16 03 00 02 03 0F 0D 16 03 00 01 05 02 02 0F 01 16 01 02 02 0F 02 16 01 02 02 0F 03 16 01 02 02 0F 04 16 01 02 02 0F 05 16 01 02 04 12 00 73 11 00 09 06 00 00 13 28 00 FF 02 02 01 06 02 03 0F 01 16 01 00 02 03 0F 02 16 03 00 02 03 0F 03 16 03 00 02 03 0F 04 16 03 00 02 03 0F 05 16 03 00 02 03 0F 06 16 03 00 01 01 02 02 0F 01 16 0C 75 7E
TX:	5:02:38 PM	7E A0 07 03 25 F1 7B 26 7E
RX:	5:02:38 PM	7E A8 89 25 03 DE 83 84 01 02 04 12 00 3E 11 01 09 06 00 00 42 00 01 FF 02 02 01 06 02 03 0F 01 16 01 00 02 03 0F 02 16 03 00 02 03 0F 03 16 03 00 02 03 0F 04 16 03 00 02 03 0F 05 16 03 00 02 03 0F 06 16 03 00 01 02 02 02 0F 01 16 01 02 02 0F 02 16 01 02 04 12 00 46 11 01 09 06 00 00 60 03 0A FF 02 02 01 04 02 03 0F 01 16 01 00 02 03 0F 02 16 03 00 02 03 0F 03 16 03 00 02 03 0F 04 16 03 00 01 02 02 02 0F DA 6F 7E
TX:	5:02:38 PM	7E A0 07 03 25 11 75 C1 7E
RX:	5:02:38 PM	7E A8 89 25 03 D0 FD 6D 01 16 01 02 02 0F 02 16 01 02 04 12 00 50 11 00 09 06 00 00 1C 00 00 FF 02 02 01 03 02 03 0F 01 16 01 00 02 03 0F 02 16 03 00 02 03 0F 03 16 03 00 01 01 02 02 0F 01 16 01 02 04 12 00 51 11 00 09 06 00 00 1C 01 00 FF 02 02 01 05 02 03 0F 01 16 01 00 02 03 0F 02 16 03 00 02 03 0F 03 16 03 00 02 03 0F 04 16 03 00 02 03 0F 05 16 03 00 01 01 02 02 0F 01 16 01 02 04 12 00 52 11 00 09 06 A0 81 7E
TX:	5:02:38 PM	7E A0 07 03 25 31 77 E0 7E
RX:	5:02:38 PM	7E A8 89 25 03 D2 EF 4E 00 00 1C 02 00 FF 02 02 01 08 02 03 0F 01 16 01 00 02 03 0F 02 16 03 00 02 03 0F 03 16 03 00 02 03 0F 04 16 03 00 02 03 0F 05 16 03 00 02 03 0F 06 16 03 00 02 03 0F 07 16 03 00 02 03 0F 08 16 03 00 01 00 02 04 12 00 53 11 00 09 06 00 00 1C 03 00 FF 02 02 01 0E 02 03 0F 01 16 01 00 02 03 0F 02 16 03 00 02 03 0F 03 16 03 00 02 03 0F 04 16 03 00 02 03 0F 05 16 03 00 02 03 0F 06 16 03 0A 0C 7E
TX:	5:02:38 PM	7E A0 07 03 25 51 71 83 7E
RX:	5:02:38 PM	7E A8 89 25 03 D4 D9 2B 00 02 03 0F 07 16 03 00 02 03 0F 08 16 03 00 02 03 0F 09 16 03 00 02 03 0F 0A 16 03 00 02 03 0F 0B 16 03 00 02 03 0F 0C 16 03 00 02 03 0F 0D 16 03 00 02 03 0F 0E 16 03 00 01 00 02 04 12 00 54 11 00 09 06 00 00 1C 04 00 FF 02 02 01 07 02 03 0F 01 16 01 00 02 03 0F 02 16 03 00 02 03 0F 03 16 03 00 02 03 0F 04 16 03 00 02 03 0F 05 16 03 00 02 03 0F 06 16 03 00 02 03 0F 07 16 03 00 01 81 7C 7E
TX:	5:02:38 PM	7E A0 07 03 25 71 73 A2 7E
RX:	5:02:38 PM	7E A8 89 25 03 D6 CB 08 01 02 02 0F 01 16 01 02 04 12 00 55 11 00 09 06 00 00 1C 05 00 FF 02 02 01 06 02 03 0F 01 16 01 00 02 03 0F 02 16 03 00 02 03 0F 03 16 03 00 02 03 0F 04 16 03 00 02 03 0F 05 16 03 00 02 03 0F 06 16 03 00 01 01 02 02 0F 01 16 01 02 04 12 00 56 11 00 09 06 00 00 1C 07 00 FF 02 02 01 04 02 03 0F 01 16 01 00 02 03 0F 02 16 03 00 02 03 0F 03 16 03 00 02 03 0F 04 16 03 00 01 00 02 04 12 37 C1 7E
TX:	5:02:38 PM	7E A0 07 03 25 91 7D 45 7E
RX:	5:02:38 PM	7E A0 3B 25 03 D8 7F E3 00 0A 11 00 09 06 00 00 0C 00 00 FF 02 02 01 02 02 03 0F 01 16 01 00 02 03 0F 02 16 03 00 01 03 02 02 0F 01 16 01 02 02 0F 02 16 01 02 02 0F 03 16 01 D0 8A 7E
TX:	5:02:38 PM	7E A0 19 03 25 BC 79 D2 E6 E6 00 C0 01 C1 00 08 00 00 01 00 00 FF 02 00 60 1A 7E
RX:	5:02:38 PM	7E A0 1E 25 03 FA 6B 00 E6 E7 00 C4 01 C1 00 09 0C 07 E9 0B 0D FF 11 02 26 FF FE 5C 00 62 EE 7E
TX:	5:04:13 PM	7E A0 07 03 25 53 63 A0 7E
TX:	5:04:14 PM	7E A0 07 03 25 93 6F 66 7E
RX:	5:04:14 PM	7E A0 1E 25 03 73 A2 19 81 80 12 05 01 80 06 01 80 07 04 00 00 00 01 08 04 00 00 00 01 53 3B 7E
TX:	5:04:14 PM	7E A0 4C 03 25 10 5E 06 E6 E6 00 60 3E A1 09 06 07 60 85 74 05 08 01 01 8A 02 07 80 8B 07 60 85 74 05 08 02 02 AC 12 80 10 02 60 3F 4B 06 64 0B 11 2D 61 51 54 74 3C 5B 49 BE 10 04 0E 01 00 00 00 06 5F 1F 04 00 62 1E 5D FF FF 60 0C 7E
RX:	5:04:14 PM	7E A0 58 25 03 30 10 34 E6 E7 00 61 4A A1 09 06 07 60 85 74 05 08 01 01 A2 03 02 01 00 A3 05 A1 03 02 01 0E 88 02 07 80 89 07 60 85 74 05 08 02 02 AA 12 80 10 65 34 18 4C 58 38 59 1D 01 05 1D 40 2B 19 76 39 BE 10 04 0E 08 00 06 5F 1F 04 00 62 1E 5D 04 00 00 07 84 B0 7E
TX:	5:04:14 PM	7E A0 2B 03 25 32 8B CA E6 E6 00 C3 01 C1 00 0F 00 00 28 00 00 FF 01 01 09 10 31 AA BA A2 0E 42 94 3C 0B 89 A0 D2 47 2F D1 0C CE 27 7E
RX:	5:04:14 PM	7E A0 24 25 03 52 75 B9 E6 E7 00 C7 01 C1 00 01 00 09 10 3D A6 45 53 7D EA BD DE 87 8A 3F C6 27 FB 41 EE F5 79 7E
TX:	5:04:14 PM	7E A0 19 03 25 54 3F B9 E6 E6 00 C0 01 C1 00 0F 00 00 28 00 00 FF 02 00 91 53 7E
RX:	5:04:14 PM	7E A8 89 25 03 74 D3 8E E6 E7 00 E0 01 00 01 00 00 82 03 F9 C4 01 C1 00 01 30 02 04 12 00 0F 11 03 09 06 00 00 28 00 00 FF 02 02 01 0B 02 03 0F 01 16 01 00 02 03 0F 02 16 03 00 02 03 0F 03 16 03 00 02 03 0F 04 16 03 00 02 03 0F 05 16 03 00 02 03 0F 06 16 03 00 02 03 0F 07 16 03 00 02 03 0F 08 16 03 00 02 03 0F 09 16 03 00 02 03 0F 0A 16 03 00 02 03 0F 0B 16 03 00 01 06 02 02 0F 01 16 01 02 02 0F 02 16 01 3B C7 7E
TX:	5:04:14 PM	7E A0 07 03 25 71 73 A2 7E
RX:	5:04:14 PM	7E A8 89 25 03 76 C1 AD 02 02 0F 03 16 01 02 02 0F 04 16 01 02 02 0F 05 16 01 02 02 0F 06 16 01 02 04 12 00 17 11 01 09 06 00 00 16 00 00 FF 02 02 01 09 02 03 0F 01 16 01 00 02 03 0F 02 16 03 00 02 03 0F 03 16 03 00 02 03 0F 04 16 03 00 02 03 0F 05 16 03 00 02 03 0F 06 16 03 00 02 03 0F 07 16 03 00 02 03 0F 08 16 03 00 02 03 0F 09 16 03 00 01 00 02 04 12 00 08 11 00 09 06 00 00 01 00 00 FF 02 02 01 09 02 1A 65 7E
TX:	5:04:14 PM	7E A0 07 03 25 91 7D 45 7E
RX:	5:04:14 PM	7E A8 89 25 03 78 BF 44 03 0F 01 16 01 00 02 03 0F 02 16 03 00 02 03 0F 03 16 03 00 02 03 0F 04 16 03 00 02 03 0F 05 16 03 00 02 03 0F 06 16 03 00 02 03 0F 07 16 03 00 02 03 0F 08 16 03 00 02 03 0F 09 16 03 00 01 06 02 02 0F 01 16 01 02 02 0F 02 16 01 02 02 0F 03 16 01 02 02 0F 04 16 01 02 02 0F 05 16 01 02 02 0F 06 16 01 02 04 12 00 0F 11 03 09 06 00 00 28 00 03 FF 02 02 01 0B 02 03 0F 01 16 01 00 02 03 7E 56 7E
TX:	5:04:14 PM	7E A0 07 03 25 B1 7F 64 7E
RX:	5:04:14 PM	7E A8 89 25 03 7A AD 67 0F 02 16 03 00 02 03 0F 03 16 03 00 02 03 0F 04 16 03 00 02 03 0F 05 16 03 00 02 03 0F 06 16 03 00 02 03 0F 07 16 03 00 02 03 0F 08 16 03 00 02 03 0F 09 16 03 00 02 03 0F 0A 16 03 00 02 03 0F 0B 16 03 00 01 06 02 02 0F 01 16 01 02 02 0F 02 16 01 02 02 0F 03 16 01 02 02 0F 04 16 01 02 02 0F 05 16 01 02 02 0F 06 16 01 02 04 12 00 40 11 01 09 06 00 00 2B 00 07 FF 02 02 01 06 02 03 0F 6C BA 7E
TX:	5:04:14 PM	7E A0 07 03 25 D1 79 07 7E
RX:	5:04:14 PM	7E A8 89 25 03 7C 9B 02 01 16 01 00 02 03 0F 02 16 03 00 02 03 0F 03 16 03 00 02 03 0F 04 16 03 00 02 03 0F 05 16 03 00 02 03 0F 06 16 03 00 01 08 02 02 0F 01 16 01 02 02 0F 02 16 01 02 02 0F 03 16 01 02 02 0F 04 16 01 02 02 0F 05 16 01 02 02 0F 06 16 01 02 02 0F 07 16 01 02 02 0F 08 16 01 02 04 12 00 40 11 01 09 06 00 00 2B 00 08 FF 02 02 01 06 02 03 0F 01 16 01 00 02 03 0F 02 16 03 00 02 03 0F 03 16 03 BD 4F 7E
TX:	5:04:14 PM	7E A0 07 03 25 F1 7B 26 7E
RX:	5:04:14 PM	7E A8 89 25 03 7E 89 21 00 02 03 0F 04 16 03 00 02 03 0F 05 16 03 00 02 03 0F 06 16 03 00 01 08 02 02 0F 01 16 01 02 02 0F 02 16 01 02 02 0F 03 16 01 02 02 0F 04 16 01 02 02 0F 05 16 01 02 02 0F 06 16 01 02 02 0F 07 16 01 02 02 0F 08 16 01 02 04 12 00 01 11 00 09 06 00 00 2B 01 08 FF 02 02 01 02 02 03 0F 01 16 01 00 02 03 0F 02 16 03 00 01 00 02 04 12 00 01 11 00 09 06 00 00 2A 00 00 FF 02 02 01 02 02 03 3F FF 7E
TX:	5:04:14 PM	7E A0 07 03 25 11 75 C1 7E
RX:	5:04:14 PM	7E A8 89 25 03 70 F7 C8 0F 01 16 01 00 02 03 0F 02 16 03 00 01 00 02 04 12 00 01 11 00 09 06 01 00 00 02 00 FF 02 02 01 02 02 03 0F 01 16 01 00 02 03 0F 02 16 03 00 01 00 02 04 12 00 01 11 00 09 06 00 00 2B 01 00 FF 02 02 01 02 02 03 0F 01 16 01 00 02 03 0F 02 16 03 00 01 00 02 04 12 00 03 11 00 09 06 01 01 15 19 00 FF 02 02 01 03 02 03 0F 01 16 01 00 02 03 0F 02 16 03 00 02 03 0F 03 16 03 00 01 01 02 02 05 D2 7E
TX:	5:04:14 PM	7E A0 07 03 25 31 77 E0 7E
RX:	5:04:14 PM	7E A8 89 25 03 72 E5 EB 0F 01 16 01 02 04 12 00 1D 11 02 09 06 00 00 02 01 00 FF 02 02 01 06 02 03 0F 01 16 01 00 02 03 0F 02 16 03 00 02 03 0F 03 16 03 00 02 03 0F 04 16 03 00 02 03 0F 05 16 03 00 02 03 0F 06 16 03 00 01 01 02 02 0F 01 16 01 02 04 12 00 14 11 00 09 06 00 00 0D 00 00 FF 02 02 01 0A 02 03 0F 01 16 01 00 02 03 0F 02 16 03 00 02 03 0F 03 16 03 00 02 03 0F 04 16 03 00 02 03 0F 05 16 03 00 02 55 76 7E
TX:	5:04:14 PM	7E A0 07 03 25 51 71 83 7E
RX:	5:04:14 PM	7E A0 0E 25 03 74 BC AE 03 0F 06 16 03 46 06 7E
TX:	5:04:14 PM	7E A0 13 03 25 76 81 67 E6 E6 00 E0 81 00 01 00 01 00 D4 80 7E
RX:	5:04:14 PM	7E A8 89 25 03 96 CF 4A E6 E7 00 E0 01 00 02 00 01 82 03 F9 00 02 03 0F 07 16 03 00 02 03 0F 08 16 03 00 02 03 0F 09 16 03 00 02 03 0F 0A 16 03 00 01 01 02 02 0F 01 16 01 02 04 12 00 13 11 01 09 06 00 00 14 00 00 FF 02 02 01 09 02 03 0F 01 16 01 00 02 03 0F 02 16 03 00 02 03 0F 03 16 03 00 02 03 0F 04 16 03 00 02 03 0F 05 16 03 00 02 03 0F 06 16 03 00 02 03 0F 07 16 03 00 02 03 0F 08 16 03 00 02 03 0F 09 AC 90 7E
TX:	5:04:14 PM	7E A0 07 03 25 91 7D 45 7E
RX:	5:04:14 PM	7E A8 89 25 03 98 B1 A3 16 03 00 01 00 02 04 12 00 05 11 00 09 06 01 00 1F 04 00 FF 02 02 01 09 02 03 0F 01 16 01 00 02 03 0F 02 16 03 00 02 03 0F 03 16 03 00 02 03 0F 04 16 03 00 02 03 0F 05 16 03 00 02 03 0F 06 16 03 00 02 03 0F 07 16 03 00 02 03 0F 08 16 03 00 02 03 0F 09 16 03 00 01 02 02 02 0F 01 16 01 02 02 0F 02 16 01 02 04 12 00 15 11 00 09 06 00 00 10 01 00 FF 02 02 01 04 02 03 0F 01 16 01 00 02 C4 BC 7E
TX:	5:04:14 PM	7E A0 07 03 25 B1 7F 64 7E
RX:	5:04:14 PM	7E A8 89 25 03 9A A3 80 03 0F 02 16 03 00 02 03 0F 03 16 03 00 02 03 0F 04 16 03 00 01 00 02 04 12 00 09 11 00 09 06 00 01 0A 01 65 FF 02 02 01 02 02 03 0F 01 16 01 00 02 03 0F 02 16 03 00 01 01 02 02 0F 01 16 01 02 04 12 00 16 11 00 09 06 00 00 0F 00 00 FF 02 02 01 04 02 03 0F 01 16 01 00 02 03 0F 02 16 03 00 02 03 0F 03 16 03 00 02 03 0F 04 16 03 00 01 00 02 04 12 00 11 11 00 09 06 00 00 29 00 00 FF 02 35 FA 7E
TX:	5:04:14 PM	7E A0 07 03 25 D1 79 07 7E
RX:	5:04:14 PM	7E A8 89 25 03 9C 95 E5 02 01 02 02 03 0F 01 16 01 00 02 03 0F 02 16 03 00 01 01 02 02 0F 01 16 01 02 04 12 00 1C 11 02 09 06 00 00 02 02 00 FF 02 02 01 07 02 03 0F 01 16 01 00 02 03 0F 02 16 03 00 02 03 0F 03 16 03 00 02 03 0F 04 16 03 00 02 03 0F 05 16 03 00 02 03 0F 06 16 03 00 02 03 0F 07 16 03 00 01 00 02 04 12 00 1B 11 00 09 06 00 00 02 00 00 FF 02 02 01 04 02 03 0F 01 16 01 00 02 03 0F 02 16 03 00 00 43 7E
TX:	5:04:14 PM	7E A0 07 03 25 F1 7B 26 7E
RX:	5:04:14 PM	7E A8 89 25 03 9E 87 C6 02 03 0F 03 16 03 00 02 03 0F 04 16 03 00 01 00 02 04 12 00 2B 11 00 09 06 00 00 19 02 00 FF 02 02 01 02 02 03 0F 01 16 01 00 02 03 0F 02 16 03 00 01 00 02 04 12 00 12 11 00 09 06 00 00 2C 00 00 FF 02 02 01 07 02 03 0F 01 16 01 00 02 03 0F 02 16 03 00 02 03 0F 03 16 03 00 02 03 0F 04 16 03 00 02 03 0F 05 16 03 00 02 03 0F 06 16 03 00 02 03 0F 07 16 03 00 01 04 02 02 0F 01 16 01 02 50 8B 7E
TX:	5:04:14 PM	7E A0 07 03 25 11 75 C1 7E
RX:	5:04:14 PM	7E A8 89 25 03 90 F9 2F 02 0F 02 16 01 02 02 0F 03 16 01 02 02 0F 04 16 01 02 04 12 00 2A 11 00 09 06 00 00 19 01 00 FF 02 02 01 0A 02 03 0F 01 16 01 00 02 03 0F 02 16 03 00 02 03 0F 03 16 03 00 02 03 0F 04 16 03 00 02 03 0F 05 16 03 00 02 03 0F 06 16 03 00 02 03 0F 07 16 03 00 02 03 0F 08 16 03 00 02 03 0F 09 16 03 00 02 03 0F 0A 16 03 00 01 03 02 02 0F 01 16 01 02 02 0F 02 16 01 02 02 0F 03 16 01 02 04 B7 DD 7E
TX:	5:04:14 PM	7E A0 07 03 25 31 77 E0 7E
RX:	5:04:14 PM	7E A8 89 25 03 92 EB 0C 12 00 30 11 00 09 06 00 00 19 07 00 FF 02 02 01 0A 02 03 0F 01 16 01 00 02 03 0F 02 16 03 00 02 03 0F 03 16 03 00 02 03 0F 04 16 03 00 02 03 0F 05 16 03 00 02 03 0F 06 16 03 00 02 03 0F 07 16 03 00 02 03 0F 08 16 03 00 02 03 0F 09 16 03 00 02 03 0F 0A 16 03 00 01 02 02 02 0F 01 16 01 02 02 0F 02 16 01 02 04 12 00 28 11 00 09 06 00 00 19 09 00 FF 02 02 01 07 02 03 0F 01 16 01 00 02 D5 E8 7E
TX:	5:04:14 PM	7E A0 07 03 25 51 71 83 7E
RX:	5:04:14 PM	7E A8 89 25 03 94 DD 69 03 0F 02 16 03 00 02 03 0F 03 16 03 00 02 03 0F 04 16 03 00 02 03 0F 05 16 03 00 02 03 0F 06 16 03 00 02 03 0F 07 16 03 00 01 01 02 02 0F 01 16 01 02 04 12 00 0B 11 00 09 06 00 00 0B 00 00 FF 02 02 01 02 02 03 0F 01 16 01 00 02 03 0F 02 16 03 00 01 02 02 02 0F 01 16 01 02 02 0F 02 16 01 02 04 12 00 32 11 00 09 06 00 00 1A 00 00 FF 02 02 01 0F 02 03 0F 01 16 01 00 02 03 0F 02 16 03 91 1A 7E
TX:	5:04:14 PM	7E A0 07 03 25 71 73 A2 7E
RX:	5:04:14 PM	7E A0 0E 25 03 96 A0 6A 00 02 03 0F 03 31 EB 7E
TX:	5:04:14 PM	7E A0 13 03 25 98 F1 69 E6 E6 00 E0 81 00 02 00 02 00 71 8F 7E
RX:	5:04:14 PM	7E A8 89 25 03 B8 B3 82 E6 E7 00 E0 01 00 03 00 02 82 03 F9 16 03 00 02 03 0F 04 16 03 00 02 03 0F 05 16 03 00 02 03 0F 06 16 03 00 02 03 0F 07 16 03 00 02 03 0F 08 16 03 00 02 03 0F 09 16 03 00 02 03 0F 0A 16 03 00 02 03 0F 0B 16 03 00 02 03 0F 0C 16 03 00 02 03 0F 0D 16 03 00 02 03 0F 0E 16 03 00 02 03 0F 0F 16 03 00 01 00 02 04 12 00 33 11 00 09 06 00 00 1A 01 00 FF 02 02 01 02 02 03 0F 01 16 01 00 02 04 65 7E
TX:	5:04:14 PM	7E A0 07 03 25 B1 7F 64 7E
RX:	5:04:14 PM	7E A8 89 25 03 BA A1 A1 03 0F 02 16 03 00 01 01 02 02 0F 01 16 01 02 04 12 00 35 11 00 09 06 00 00 1A 03 00 FF 02 02 01 08 02 03 0F 01 16 01 00 02 03 0F 02 16 03 00 02 03 0F 03 16 03 00 02 03 0F 04 16 03 00 02 03 0F 05 16 03 00 02 03 0F 06 16 03 00 02 03 0F 07 16 03 00 02 03 0F 08 16 03 00 01 01 02 02 0F 01 16 01 02 04 12 00 34 11 00 09 06 00 00 1A 02 00 FF 02 02 01 05 02 03 0F 01 16 01 00 02 03 0F 02 16 F0 E2 7E
TX:	5:04:14 PM	7E A0 07 03 25 D1 79 07 7E
RX:	5:04:14 PM	7E A8 89 25 03 BC 97 C4 03 00 02 03 0F 03 16 03 00 02 03 0F 04 16 03 00 02 03 0F 05 16 03 00 01 00 02 04 12 00 5C 11 03 09 06 00 00 1D 02 00 FF 02 02 01 17 02 03 0F 01 16 01 00 02 03 0F 02 16 03 00 02 03 0F 03 16 03 00 02 03 0F 04 16 03 00 02 03 0F 05 16 03 00 02 03 0F 06 16 03 00 02 03 0F 07 16 03 00 02 03 0F 08 16 03 00 02 03 0F 09 16 03 00 02 03 0F 0A 16 03 00 02 03 0F 0B 16 03 00 02 03 0F 0C 16 03 00 29 53 7E
TX:	5:04:14 PM	7E A0 07 03 25 F1 7B 26 7E
RX:	5:04:14 PM	7E A8 89 25 03 BE 85 E7 02 03 0F 0D 16 03 00 02 03 0F 0E 16 03 00 02 03 0F 0F 16 03 00 02 03 0F 10 16 03 00 02 03 0F 11 16 03 00 02 03 0F 12 16 03 00 02 03 0F 13 16 03 00 02 03 0F 14 16 03 00 02 03 0F 15 16 03 00 02 03 0F 16 16 03 00 02 03 0F 17 16 03 00 01 00 02 04 12 00 5A 11 01 09 06 00 00 1D 00 00 FF 02 02 01 0A 02 03 0F 01 16 01 00 02 03 0F 02 16 03 00 02 03 0F 03 16 03 00 02 03 0F 04 16 03 00 02 03 40 5D 7E
TX:	5:04:14 PM	7E A0 07 03 25 11 75 C1 7E
RX:	5:04:14 PM	7E A8 89 25 03 B0 FB 0E 0F 05 16 03 00 02 03 0F 06 16 03 00 02 03 0F 07 16 03 00 02 03 0F 08 16 03 00 02 03 0F 09 16 03 00 02 03 0F 0A 16 03 00 01 01 02 02 0F 01 16 01 02 04 12 00 5B 11 03 09 06 00 00 1D 01 00 FF 02 02 01 1A 02 03 0F 01 16 01 00 02 03 0F 02 16 03 00 02 03 0F 03 16 03 00 02 03 0F 04 16 03 00 02 03 0F 05 16 03 00 02 03 0F 06 16 03 00 02 03 0F 07 16 03 00 02 03 0F 08 16 03 00 02 03 0F 09 16 B3 5B 7E
TX:	5:04:14 PM	7E A0 07 03 25 31 77 E0 7E
RX:	5:04:14 PM	7E A8 89 25 03 B2 E9 2D 03 00 02 03 0F 0A 16 03 00 02 03 0F 0B 16 03 00 02 03 0F 0C 16 03 00 02 03 0F 0D 16 03 00 02 03 0F 0E 16 03 00 02 03 0F 0F 16 03 00 02 03 0F 10 16 03 00 02 03 0F 11 16 03 00 02 03 0F 12 16 03 00 02 03 0F 13 16 03 00 02 03 0F 14 16 03 00 02 03 0F 15 16 03 00 02 03 0F 16 16 03 00 02 03 0F 17 16 03 00 02 03 0F 18 16 03 00 02 03 0F 19 16 03 00 02 03 0F 1A 16 03 00 01 02 02 02 0F 01 16 B8 2C 7E
TX:	5:04:14 PM	7E A0 07 03 25 51 71 83 7E
RX:	5:04:14 PM	7E A8 89 25 03 B4 DF 48 01 02 02 0F 02 16 01 02 04 12 00 6F 11 00 09 06 00 00 13 00 00 FF 02 02 01 13 02 03 0F 01 16 01 00 02 03 0F 02 16 03 00 02 03 0F 03 16 03 00 02 03 0F 04 16 03 00 02 03 0F 05 16 03 00 02 03 0F 06 16 03 00 02 03 0F 07 16 03 00 02 03 0F 08 16 03 00 02 03 0F 09 16 03 00 02 03 0F 0A 16 03 00 02 03 0F 0B 16 03 00 02 03 0F 0C 16 03 00 02 03 0F 0D 16 03 00 02 03 0F 0E 16 03 00 02 03 0F 0F 65 D0 7E
TX:	5:04:14 PM	7E A0 07 03 25 71 73 A2 7E
RX:	5:04:14 PM	7E A8 89 25 03 B6 CD 6B 16 03 00 02 03 0F 10 16 03 00 02 03 0F 11 16 03 00 02 03 0F 12 16 03 00 02 03 0F 13 16 03 00 01 03 02 02 0F 01 16 01 02 02 0F 02 16 01 02 02 0F 03 16 01 02 04 12 00 70 11 00 09 06 00 00 13 0A 00 FF 02 02 01 0B 02 03 0F 01 16 01 00 02 03 0F 02 16 03 00 02 03 0F 03 16 03 00 02 03 0F 04 16 03 00 02 03 0F 05 16 03 00 02 03 0F 06 16 03 00 02 03 0F 07 16 03 00 02 03 0F 08 16 03 00 02 03 6B F6 7E
TX:	5:04:14 PM	7E A0 07 03 25 91 7D 45 7E
RX:	5:04:14 PM	7E A0 0E 25 03 B8 DC A2 0F 09 16 03 00 CB 66 7E
TX:	5:04:14 PM	7E A0 13 03 25 BA E1 6B E6 E6 00 E0 81 00 03 00 03 00 12 8A 7E
RX:	5:04:14 PM	7E A8 89 25 03 DA A7 C2 E6 E7 00 E0 81 00 04 00 03 82 03 A6 02 03 0F 0A 16 03 00 02 03 0F 0B 16 03 00 01 03 02 02 0F 01 16 01 02 02 0F 02 16 01 02 02 0F 03 16 01 02 04 12 00 71 11 00 09 06 00 00 13 14 00 FF 02 02 01 0D 02 03 0F 01 16 01 00 02 03 0F 02 16 03 00 02 03 0F 03 16 03 00 02 03 0F 04 16 03 00 02 03 0F 05 16 03 00 02 03 0F 06 16 03 00 02 03 0F 07 16 03 00 02 03 0F 08 16 03 00 02 03 0F 09 16 03 00 C1 38 7E
TX:	5:04:14 PM	7E A0 07 03 25 D1 79 07 7E
RX:	5:04:14 PM	7E A8 89 25 03 DC 91 A7 02 03 0F 0A 16 03 00 02 03 0F 0B 16 03 00 02 03 0F 0C 16 03 00 02 03 0F 0D 16 03 00 01 05 02 02 0F 01 16 01 02 02 0F 02 16 01 02 02 0F 03 16 01 02 02 0F 04 16 01 02 02 0F 05 16 01 02 04 12 00 73 11 00 09 06 00 00 13 28 00 FF 02 02 01 06 02 03 0F 01 16 01 00 02 03 0F 02 16 03 00 02 03 0F 03 16 03 00 02 03 0F 04 16 03 00 02 03 0F 05 16 03 00 02 03 0F 06 16 03 00 01 01 02 02 0F 01 16 0C 75 7E
TX:	5:04:14 PM	7E A0 07 03 25 F1 7B 26 7E
RX:	5:04:14 PM	7E A8 89 25 03 DE 83 84 01 02 04 12 00 3E 11 01 09 06 00 00 42 00 01 FF 02 02 01 06 02 03 0F 01 16 01 00 02 03 0F 02 16 03 00 02 03 0F 03 16 03 00 02 03 0F 04 16 03 00 02 03 0F 05 16 03 00 02 03 0F 06 16 03 00 01 02 02 02 0F 01 16 01 02 02 0F 02 16 01 02 04 12 00 46 11 01 09 06 00 00 60 03 0A FF 02 02 01 04 02 03 0F 01 16 01 00 02 03 0F 02 16 03 00 02 03 0F 03 16 03 00 02 03 0F 04 16 03 00 01 02 02 02 0F DA 6F 7E
TX:	5:04:14 PM	7E A0 07 03 25 11 75 C1 7E
RX:	5:04:14 PM	7E A8 89 25 03 D0 FD 6D 01 16 01 02 02 0F 02 16 01 02 04 12 00 50 11 00 09 06 00 00 1C 00 00 FF 02 02 01 03 02 03 0F 01 16 01 00 02 03 0F 02 16 03 00 02 03 0F 03 16 03 00 01 01 02 02 0F 01 16 01 02 04 12 00 51 11 00 09 06 00 00 1C 01 00 FF 02 02 01 05 02 03 0F 01 16 01 00 02 03 0F 02 16 03 00 02 03 0F 03 16 03 00 02 03 0F 04 16 03 00 02 03 0F 05 16 03 00 01 01 02 02 0F 01 16 01 02 04 12 00 52 11 00 09 06 A0 81 7E
TX:	5:04:14 PM	7E A0 07 03 25 31 77 E0 7E
RX:	5:04:14 PM	7E A8 89 25 03 D2 EF 4E 00 00 1C 02 00 FF 02 02 01 08 02 03 0F 01 16 01 00 02 03 0F 02 16 03 00 02 03 0F 03 16 03 00 02 03 0F 04 16 03 00 02 03 0F 05 16 03 00 02 03 0F 06 16 03 00 02 03 0F 07 16 03 00 02 03 0F 08 16 03 00 01 00 02 04 12 00 53 11 00 09 06 00 00 1C 03 00 FF 02 02 01 0E 02 03 0F 01 16 01 00 02 03 0F 02 16 03 00 02 03 0F 03 16 03 00 02 03 0F 04 16 03 00 02 03 0F 05 16 03 00 02 03 0F 06 16 03 0A 0C 7E
TX:	5:04:14 PM	7E A0 07 03 25 51 71 83 7E
RX:	5:04:14 PM	7E A8 89 25 03 D4 D9 2B 00 02 03 0F 07 16 03 00 02 03 0F 08 16 03 00 02 03 0F 09 16 03 00 02 03 0F 0A 16 03 00 02 03 0F 0B 16 03 00 02 03 0F 0C 16 03 00 02 03 0F 0D 16 03 00 02 03 0F 0E 16 03 00 01 00 02 04 12 00 54 11 00 09 06 00 00 1C 04 00 FF 02 02 01 07 02 03 0F 01 16 01 00 02 03 0F 02 16 03 00 02 03 0F 03 16 03 00 02 03 0F 04 16 03 00 02 03 0F 05 16 03 00 02 03 0F 06 16 03 00 02 03 0F 07 16 03 00 01 81 7C 7E
TX:	5:04:14 PM	7E A0 07 03 25 71 73 A2 7E
RX:	5:04:14 PM	7E A8 89 25 03 D6 CB 08 01 02 02 0F 01 16 01 02 04 12 00 55 11 00 09 06 00 00 1C 05 00 FF 02 02 01 06 02 03 0F 01 16 01 00 02 03 0F 02 16 03 00 02 03 0F 03 16 03 00 02 03 0F 04 16 03 00 02 03 0F 05 16 03 00 02 03 0F 06 16 03 00 01 01 02 02 0F 01 16 01 02 04 12 00 56 11 00 09 06 00 00 1C 07 00 FF 02 02 01 04 02 03 0F 01 16 01 00 02 03 0F 02 16 03 00 02 03 0F 03 16 03 00 02 03 0F 04 16 03 00 01 00 02 04 12 37 C1 7E
TX:	5:04:14 PM	7E A0 07 03 25 91 7D 45 7E
RX:	5:04:14 PM	7E A0 3B 25 03 D8 7F E3 00 0A 11 00 09 06 00 00 0C 00 00 FF 02 02 01 02 02 03 0F 01 16 01 00 02 03 0F 02 16 03 00 01 03 02 02 0F 01 16 01 02 02 0F 02 16 01 02 02 0F 03 16 01 D0 8A 7E
TX:	5:04:14 PM	7E A0 19 03 25 BC 79 D2 E6 E6 00 C0 01 C1 00 08 00 00 01 00 00 FF 02 00 60 1A 7E
RX:	5:04:14 PM	7E A0 1E 25 03 FA 6B 00 E6 E7 00 C4 01 C1 00 09 0C 07 E9 0B 0D FF 11 04 0E FF FE 5C 00 29 CC 7E
TX:	5:05:03 PM	7E A0 07 03 25 53 63 A0 7E
TX:	5:05:04 PM	7E A0 07 03 25 93 6F 66 7E
RX:	5:05:04 PM	7E A0 1E 25 03 73 A2 19 81 80 12 05 01 80 06 01 80 07 04 00 00 00 01 08 04 00 00 00 01 53 3B 7E
TX:	5:05:04 PM	7E A0 4C 03 25 10 5E 06 E6 E6 00 60 3E A1 09 06 07 60 85 74 05 08 01 01 8A 02 07 80 8B 07 60 85 74 05 08 02 02 AC 12 80 10 0A 42 69 62 53 47 0C 0C 52 76 03 13 40 0D 00 56 BE 10 04 0E 01 00 00 00 06 5F 1F 04 00 62 1E 5D FF FF 5E B6 7E
RX:	5:05:04 PM	7E A0 58 25 03 30 10 34 E6 E7 00 61 4A A1 09 06 07 60 85 74 05 08 01 01 A2 03 02 01 00 A3 05 A1 03 02 01 0E 88 02 07 80 89 07 60 85 74 05 08 02 02 AA 12 80 10 5B 03 08 4A 65 57 38 58 03 06 18 03 67 08 27 10 BE 10 04 0E 08 00 06 5F 1F 04 00 62 1E 5D 04 00 00 07 B0 C8 7E
TX:	5:05:04 PM	7E A0 2B 03 25 32 8B CA E6 E6 00 C3 01 C1 00 0F 00 00 28 00 00 FF 01 01 09 10 23 E0 03 3B 8B 68 41 4D EF 1C 11 5F 21 4C D0 35 22 AD 7E
RX:	5:05:04 PM	7E A0 24 25 03 52 75 B9 E6 E7 00 C7 01 C1 00 01 00 09 10 5C F2 29 3F 20 97 30 EB E5 AD F7 11 4F 33 DF 4E 3A 23 7E
TX:	5:05:04 PM	7E A0 19 03 25 54 3F B9 E6 E6 00 C0 01 C1 00 0F 00 00 28 00 00 FF 02 00 91 53 7E
RX:	5:05:04 PM	7E A8 89 25 03 74 D3 8E E6 E7 00 E0 01 00 01 00 00 82 03 F9 C4 01 C1 00 01 30 02 04 12 00 0F 11 03 09 06 00 00 28 00 00 FF 02 02 01 0B 02 03 0F 01 16 01 00 02 03 0F 02 16 03 00 02 03 0F 03 16 03 00 02 03 0F 04 16 03 00 02 03 0F 05 16 03 00 02 03 0F 06 16 03 00 02 03 0F 07 16 03 00 02 03 0F 08 16 03 00 02 03 0F 09 16 03 00 02 03 0F 0A 16 03 00 02 03 0F 0B 16 03 00 01 06 02 02 0F 01 16 01 02 02 0F 02 16 01 3B C7 7E
TX:	5:05:04 PM	7E A0 07 03 25 71 73 A2 7E
RX:	5:05:04 PM	7E A8 89 25 03 76 C1 AD 02 02 0F 03 16 01 02 02 0F 04 16 01 02 02 0F 05 16 01 02 02 0F 06 16 01 02 04 12 00 17 11 01 09 06 00 00 16 00 00 FF 02 02 01 09 02 03 0F 01 16 01 00 02 03 0F 02 16 03 00 02 03 0F 03 16 03 00 02 03 0F 04 16 03 00 02 03 0F 05 16 03 00 02 03 0F 06 16 03 00 02 03 0F 07 16 03 00 02 03 0F 08 16 03 00 02 03 0F 09 16 03 00 01 00 02 04 12 00 08 11 00 09 06 00 00 01 00 00 FF 02 02 01 09 02 1A 65 7E
TX:	5:05:04 PM	7E A0 07 03 25 91 7D 45 7E
RX:	5:05:04 PM	7E A8 89 25 03 78 BF 44 03 0F 01 16 01 00 02 03 0F 02 16 03 00 02 03 0F 03 16 03 00 02 03 0F 04 16 03 00 02 03 0F 05 16 03 00 02 03 0F 06 16 03 00 02 03 0F 07 16 03 00 02 03 0F 08 16 03 00 02 03 0F 09 16 03 00 01 06 02 02 0F 01 16 01 02 02 0F 02 16 01 02 02 0F 03 16 01 02 02 0F 04 16 01 02 02 0F 05 16 01 02 02 0F 06 16 01 02 04 12 00 0F 11 03 09 06 00 00 28 00 03 FF 02 02 01 0B 02 03 0F 01 16 01 00 02 03 7E 56 7E
TX:	5:05:04 PM	7E A0 07 03 25 B1 7F 64 7E
RX:	5:05:04 PM	7E A8 89 25 03 7A AD 67 0F 02 16 03 00 02 03 0F 03 16 03 00 02 03 0F 04 16 03 00 02 03 0F 05 16 03 00 02 03 0F 06 16 03 00 02 03 0F 07 16 03 00 02 03 0F 08 16 03 00 02 03 0F 09 16 03 00 02 03 0F 0A 16 03 00 02 03 0F 0B 16 03 00 01 06 02 02 0F 01 16 01 02 02 0F 02 16 01 02 02 0F 03 16 01 02 02 0F 04 16 01 02 02 0F 05 16 01 02 02 0F 06 16 01 02 04 12 00 40 11 01 09 06 00 00 2B 00 07 FF 02 02 01 06 02 03 0F 6C BA 7E
TX:	5:05:04 PM	7E A0 07 03 25 D1 79 07 7E
RX:	5:05:04 PM	7E A8 89 25 03 7C 9B 02 01 16 01 00 02 03 0F 02 16 03 00 02 03 0F 03 16 03 00 02 03 0F 04 16 03 00 02 03 0F 05 16 03 00 02 03 0F 06 16 03 00 01 08 02 02 0F 01 16 01 02 02 0F 02 16 01 02 02 0F 03 16 01 02 02 0F 04 16 01 02 02 0F 05 16 01 02 02 0F 06 16 01 02 02 0F 07 16 01 02 02 0F 08 16 01 02 04 12 00 40 11 01 09 06 00 00 2B 00 08 FF 02 02 01 06 02 03 0F 01 16 01 00 02 03 0F 02 16 03 00 02 03 0F 03 16 03 BD 4F 7E
TX:	5:05:04 PM	7E A0 07 03 25 F1 7B 26 7E
RX:	5:05:04 PM	7E A8 89 25 03 7E 89 21 00 02 03 0F 04 16 03 00 02 03 0F 05 16 03 00 02 03 0F 06 16 03 00 01 08 02 02 0F 01 16 01 02 02 0F 02 16 01 02 02 0F 03 16 01 02 02 0F 04 16 01 02 02 0F 05 16 01 02 02 0F 06 16 01 02 02 0F 07 16 01 02 02 0F 08 16 01 02 04 12 00 01 11 00 09 06 00 00 2B 01 08 FF 02 02 01 02 02 03 0F 01 16 01 00 02 03 0F 02 16 03 00 01 00 02 04 12 00 01 11 00 09 06 00 00 2A 00 00 FF 02 02 01 02 02 03 3F FF 7E
TX:	5:05:04 PM	7E A0 07 03 25 11 75 C1 7E
RX:	5:05:04 PM	7E A8 89 25 03 70 F7 C8 0F 01 16 01 00 02 03 0F 02 16 03 00 01 00 02 04 12 00 01 11 00 09 06 01 00 00 02 00 FF 02 02 01 02 02 03 0F 01 16 01 00 02 03 0F 02 16 03 00 01 00 02 04 12 00 01 11 00 09 06 00 00 2B 01 00 FF 02 02 01 02 02 03 0F 01 16 01 00 02 03 0F 02 16 03 00 01 00 02 04 12 00 03 11 00 09 06 01 01 15 19 00 FF 02 02 01 03 02 03 0F 01 16 01 00 02 03 0F 02 16 03 00 02 03 0F 03 16 03 00 01 01 02 02 05 D2 7E
TX:	5:05:04 PM	7E A0 07 03 25 31 77 E0 7E
RX:	5:05:04 PM	7E A8 89 25 03 72 E5 EB 0F 01 16 01 02 04 12 00 1D 11 02 09 06 00 00 02 01 00 FF 02 02 01 06 02 03 0F 01 16 01 00 02 03 0F 02 16 03 00 02 03 0F 03 16 03 00 02 03 0F 04 16 03 00 02 03 0F 05 16 03 00 02 03 0F 06 16 03 00 01 01 02 02 0F 01 16 01 02 04 12 00 14 11 00 09 06 00 00 0D 00 00 FF 02 02 01 0A 02 03 0F 01 16 01 00 02 03 0F 02 16 03 00 02 03 0F 03 16 03 00 02 03 0F 04 16 03 00 02 03 0F 05 16 03 00 02 55 76 7E
TX:	5:05:04 PM	7E A0 07 03 25 51 71 83 7E
RX:	5:05:05 PM	7E A0 0E 25 03 74 BC AE 03 0F 06 16 03 46 06 7E
TX:	5:05:05 PM	7E A0 13 03 25 76 81 67 E6 E6 00 E0 81 00 01 00 01 00 D4 80 7E
RX:	5:05:05 PM	7E A8 89 25 03 96 CF 4A E6 E7 00 E0 01 00 02 00 01 82 03 F9 00 02 03 0F 07 16 03 00 02 03 0F 08 16 03 00 02 03 0F 09 16 03 00 02 03 0F 0A 16 03 00 01 01 02 02 0F 01 16 01 02 04 12 00 13 11 01 09 06 00 00 14 00 00 FF 02 02 01 09 02 03 0F 01 16 01 00 02 03 0F 02 16 03 00 02 03 0F 03 16 03 00 02 03 0F 04 16 03 00 02 03 0F 05 16 03 00 02 03 0F 06 16 03 00 02 03 0F 07 16 03 00 02 03 0F 08 16 03 00 02 03 0F 09 AC 90 7E
TX:	5:05:05 PM	7E A0 07 03 25 91 7D 45 7E
RX:	5:05:05 PM	7E A8 89 25 03 98 B1 A3 16 03 00 01 00 02 04 12 00 05 11 00 09 06 01 00 1F 04 00 FF 02 02 01 09 02 03 0F 01 16 01 00 02 03 0F 02 16 03 00 02 03 0F 03 16 03 00 02 03 0F 04 16 03 00 02 03 0F 05 16 03 00 02 03 0F 06 16 03 00 02 03 0F 07 16 03 00 02 03 0F 08 16 03 00 02 03 0F 09 16 03 00 01 02 02 02 0F 01 16 01 02 02 0F 02 16 01 02 04 12 00 15 11 00 09 06 00 00 10 01 00 FF 02 02 01 04 02 03 0F 01 16 01 00 02 C4 BC 7E
TX:	5:05:05 PM	7E A0 07 03 25 B1 7F 64 7E
RX:	5:05:05 PM	7E A8 89 25 03 9A A3 80 03 0F 02 16 03 00 02 03 0F 03 16 03 00 02 03 0F 04 16 03 00 01 00 02 04 12 00 09 11 00 09 06 00 01 0A 01 65 FF 02 02 01 02 02 03 0F 01 16 01 00 02 03 0F 02 16 03 00 01 01 02 02 0F 01 16 01 02 04 12 00 16 11 00 09 06 00 00 0F 00 00 FF 02 02 01 04 02 03 0F 01 16 01 00 02 03 0F 02 16 03 00 02 03 0F 03 16 03 00 02 03 0F 04 16 03 00 01 00 02 04 12 00 11 11 00 09 06 00 00 29 00 00 FF 02 35 FA 7E
TX:	5:05:05 PM	7E A0 07 03 25 D1 79 07 7E
RX:	5:05:05 PM	7E A8 89 25 03 9C 95 E5 02 01 02 02 03 0F 01 16 01 00 02 03 0F 02 16 03 00 01 01 02 02 0F 01 16 01 02 04 12 00 1C 11 02 09 06 00 00 02 02 00 FF 02 02 01 07 02 03 0F 01 16 01 00 02 03 0F 02 16 03 00 02 03 0F 03 16 03 00 02 03 0F 04 16 03 00 02 03 0F 05 16 03 00 02 03 0F 06 16 03 00 02 03 0F 07 16 03 00 01 00 02 04 12 00 1B 11 00 09 06 00 00 02 00 00 FF 02 02 01 04 02 03 0F 01 16 01 00 02 03 0F 02 16 03 00 00 43 7E
TX:	5:05:05 PM	7E A0 07 03 25 F1 7B 26 7E
RX:	5:05:05 PM	7E A8 89 25 03 9E 87 C6 02 03 0F 03 16 03 00 02 03 0F 04 16 03 00 01 00 02 04 12 00 2B 11 00 09 06 00 00 19 02 00 FF 02 02 01 02 02 03 0F 01 16 01 00 02 03 0F 02 16 03 00 01 00 02 04 12 00 12 11 00 09 06 00 00 2C 00 00 FF 02 02 01 07 02 03 0F 01 16 01 00 02 03 0F 02 16 03 00 02 03 0F 03 16 03 00 02 03 0F 04 16 03 00 02 03 0F 05 16 03 00 02 03 0F 06 16 03 00 02 03 0F 07 16 03 00 01 04 02 02 0F 01 16 01 02 50 8B 7E
TX:	5:05:05 PM	7E A0 07 03 25 11 75 C1 7E
RX:	5:05:05 PM	7E A8 89 25 03 90 F9 2F 02 0F 02 16 01 02 02 0F 03 16 01 02 02 0F 04 16 01 02 04 12 00 2A 11 00 09 06 00 00 19 01 00 FF 02 02 01 0A 02 03 0F 01 16 01 00 02 03 0F 02 16 03 00 02 03 0F 03 16 03 00 02 03 0F 04 16 03 00 02 03 0F 05 16 03 00 02 03 0F 06 16 03 00 02 03 0F 07 16 03 00 02 03 0F 08 16 03 00 02 03 0F 09 16 03 00 02 03 0F 0A 16 03 00 01 03 02 02 0F 01 16 01 02 02 0F 02 16 01 02 02 0F 03 16 01 02 04 B7 DD 7E
TX:	5:05:05 PM	7E A0 07 03 25 31 77 E0 7E
RX:	5:05:05 PM	7E A8 89 25 03 92 EB 0C 12 00 30 11 00 09 06 00 00 19 07 00 FF 02 02 01 0A 02 03 0F 01 16 01 00 02 03 0F 02 16 03 00 02 03 0F 03 16 03 00 02 03 0F 04 16 03 00 02 03 0F 05 16 03 00 02 03 0F 06 16 03 00 02 03 0F 07 16 03 00 02 03 0F 08 16 03 00 02 03 0F 09 16 03 00 02 03 0F 0A 16 03 00 01 02 02 02 0F 01 16 01 02 02 0F 02 16 01 02 04 12 00 28 11 00 09 06 00 00 19 09 00 FF 02 02 01 07 02 03 0F 01 16 01 00 02 D5 E8 7E
TX:	5:05:05 PM	7E A0 07 03 25 51 71 83 7E
RX:	5:05:05 PM	7E A8 89 25 03 94 DD 69 03 0F 02 16 03 00 02 03 0F 03 16 03 00 02 03 0F 04 16 03 00 02 03 0F 05 16 03 00 02 03 0F 06 16 03 00 02 03 0F 07 16 03 00 01 01 02 02 0F 01 16 01 02 04 12 00 0B 11 00 09 06 00 00 0B 00 00 FF 02 02 01 02 02 03 0F 01 16 01 00 02 03 0F 02 16 03 00 01 02 02 02 0F 01 16 01 02 02 0F 02 16 01 02 04 12 00 32 11 00 09 06 00 00 1A 00 00 FF 02 02 01 0F 02 03 0F 01 16 01 00 02 03 0F 02 16 03 91 1A 7E
TX:	5:05:05 PM	7E A0 07 03 25 71 73 A2 7E
RX:	5:05:05 PM	7E A0 0E 25 03 96 A0 6A 00 02 03 0F 03 31 EB 7E
TX:	5:05:05 PM	7E A0 13 03 25 98 F1 69 E6 E6 00 E0 81 00 02 00 02 00 71 8F 7E
RX:	5:05:05 PM	7E A8 89 25 03 B8 B3 82 E6 E7 00 E0 01 00 03 00 02 82 03 F9 16 03 00 02 03 0F 04 16 03 00 02 03 0F 05 16 03 00 02 03 0F 06 16 03 00 02 03 0F 07 16 03 00 02 03 0F 08 16 03 00 02 03 0F 09 16 03 00 02 03 0F 0A 16 03 00 02 03 0F 0B 16 03 00 02 03 0F 0C 16 03 00 02 03 0F 0D 16 03 00 02 03 0F 0E 16 03 00 02 03 0F 0F 16 03 00 01 00 02 04 12 00 33 11 00 09 06 00 00 1A 01 00 FF 02 02 01 02 02 03 0F 01 16 01 00 02 04 65 7E
TX:	5:05:05 PM	7E A0 07 03 25 B1 7F 64 7E
RX:	5:05:05 PM	7E A8 89 25 03 BA A1 A1 03 0F 02 16 03 00 01 01 02 02 0F 01 16 01 02 04 12 00 35 11 00 09 06 00 00 1A 03 00 FF 02 02 01 08 02 03 0F 01 16 01 00 02 03 0F 02 16 03 00 02 03 0F 03 16 03 00 02 03 0F 04 16 03 00 02 03 0F 05 16 03 00 02 03 0F 06 16 03 00 02 03 0F 07 16 03 00 02 03 0F 08 16 03 00 01 01 02 02 0F 01 16 01 02 04 12 00 34 11 00 09 06 00 00 1A 02 00 FF 02 02 01 05 02 03 0F 01 16 01 00 02 03 0F 02 16 F0 E2 7E
TX:	5:05:05 PM	7E A0 07 03 25 D1 79 07 7E
RX:	5:05:05 PM	7E A8 89 25 03 BC 97 C4 03 00 02 03 0F 03 16 03 00 02 03 0F 04 16 03 00 02 03 0F 05 16 03 00 01 00 02 04 12 00 5C 11 03 09 06 00 00 1D 02 00 FF 02 02 01 17 02 03 0F 01 16 01 00 02 03 0F 02 16 03 00 02 03 0F 03 16 03 00 02 03 0F 04 16 03 00 02 03 0F 05 16 03 00 02 03 0F 06 16 03 00 02 03 0F 07 16 03 00 02 03 0F 08 16 03 00 02 03 0F 09 16 03 00 02 03 0F 0A 16 03 00 02 03 0F 0B 16 03 00 02 03 0F 0C 16 03 00 29 53 7E
TX:	5:05:05 PM	7E A0 07 03 25 F1 7B 26 7E
RX:	5:05:05 PM	7E A8 89 25 03 BE 85 E7 02 03 0F 0D 16 03 00 02 03 0F 0E 16 03 00 02 03 0F 0F 16 03 00 02 03 0F 10 16 03 00 02 03 0F 11 16 03 00 02 03 0F 12 16 03 00 02 03 0F 13 16 03 00 02 03 0F 14 16 03 00 02 03 0F 15 16 03 00 02 03 0F 16 16 03 00 02 03 0F 17 16 03 00 01 00 02 04 12 00 5A 11 01 09 06 00 00 1D 00 00 FF 02 02 01 0A 02 03 0F 01 16 01 00 02 03 0F 02 16 03 00 02 03 0F 03 16 03 00 02 03 0F 04 16 03 00 02 03 40 5D 7E
TX:	5:05:05 PM	7E A0 07 03 25 11 75 C1 7E
RX:	5:05:05 PM	7E A8 89 25 03 B0 FB 0E 0F 05 16 03 00 02 03 0F 06 16 03 00 02 03 0F 07 16 03 00 02 03 0F 08 16 03 00 02 03 0F 09 16 03 00 02 03 0F 0A 16 03 00 01 01 02 02 0F 01 16 01 02 04 12 00 5B 11 03 09 06 00 00 1D 01 00 FF 02 02 01 1A 02 03 0F 01 16 01 00 02 03 0F 02 16 03 00 02 03 0F 03 16 03 00 02 03 0F 04 16 03 00 02 03 0F 05 16 03 00 02 03 0F 06 16 03 00 02 03 0F 07 16 03 00 02 03 0F 08 16 03 00 02 03 0F 09 16 B3 5B 7E
TX:	5:05:05 PM	7E A0 07 03 25 31 77 E0 7E
RX:	5:05:05 PM	7E A8 89 25 03 B2 E9 2D 03 00 02 03 0F 0A 16 03 00 02 03 0F 0B 16 03 00 02 03 0F 0C 16 03 00 02 03 0F 0D 16 03 00 02 03 0F 0E 16 03 00 02 03 0F 0F 16 03 00 02 03 0F 10 16 03 00 02 03 0F 11 16 03 00 02 03 0F 12 16 03 00 02 03 0F 13 16 03 00 02 03 0F 14 16 03 00 02 03 0F 15 16 03 00 02 03 0F 16 16 03 00 02 03 0F 17 16 03 00 02 03 0F 18 16 03 00 02 03 0F 19 16 03 00 02 03 0F 1A 16 03 00 01 02 02 02 0F 01 16 B8 2C 7E
TX:	5:05:05 PM	7E A0 07 03 25 51 71 83 7E
RX:	5:05:05 PM	7E A8 89 25 03 B4 DF 48 01 02 02 0F 02 16 01 02 04 12 00 6F 11 00 09 06 00 00 13 00 00 FF 02 02 01 13 02 03 0F 01 16 01 00 02 03 0F 02 16 03 00 02 03 0F 03 16 03 00 02 03 0F 04 16 03 00 02 03 0F 05 16 03 00 02 03 0F 06 16 03 00 02 03 0F 07 16 03 00 02 03 0F 08 16 03 00 02 03 0F 09 16 03 00 02 03 0F 0A 16 03 00 02 03 0F 0B 16 03 00 02 03 0F 0C 16 03 00 02 03 0F 0D 16 03 00 02 03 0F 0E 16 03 00 02 03 0F 0F 65 D0 7E
TX:	5:05:05 PM	7E A0 07 03 25 71 73 A2 7E
RX:	5:05:05 PM	7E A8 89 25 03 B6 CD 6B 16 03 00 02 03 0F 10 16 03 00 02 03 0F 11 16 03 00 02 03 0F 12 16 03 00 02 03 0F 13 16 03 00 01 03 02 02 0F 01 16 01 02 02 0F 02 16 01 02 02 0F 03 16 01 02 04 12 00 70 11 00 09 06 00 00 13 0A 00 FF 02 02 01 0B 02 03 0F 01 16 01 00 02 03 0F 02 16 03 00 02 03 0F 03 16 03 00 02 03 0F 04 16 03 00 02 03 0F 05 16 03 00 02 03 0F 06 16 03 00 02 03 0F 07 16 03 00 02 03 0F 08 16 03 00 02 03 6B F6 7E
TX:	5:05:05 PM	7E A0 07 03 25 91 7D 45 7E
RX:	5:05:05 PM	7E A0 0E 25 03 B8 DC A2 0F 09 16 03 00 CB 66 7E
TX:	5:05:05 PM	7E A0 13 03 25 BA E1 6B E6 E6 00 E0 81 00 03 00 03 00 12 8A 7E
RX:	5:05:05 PM	7E A8 89 25 03 DA A7 C2 E6 E7 00 E0 81 00 04 00 03 82 03 A6 02 03 0F 0A 16 03 00 02 03 0F 0B 16 03 00 01 03 02 02 0F 01 16 01 02 02 0F 02 16 01 02 02 0F 03 16 01 02 04 12 00 71 11 00 09 06 00 00 13 14 00 FF 02 02 01 0D 02 03 0F 01 16 01 00 02 03 0F 02 16 03 00 02 03 0F 03 16 03 00 02 03 0F 04 16 03 00 02 03 0F 05 16 03 00 02 03 0F 06 16 03 00 02 03 0F 07 16 03 00 02 03 0F 08 16 03 00 02 03 0F 09 16 03 00 C1 38 7E
TX:	5:05:05 PM	7E A0 07 03 25 D1 79 07 7E
RX:	5:05:05 PM	7E A8 89 25 03 DC 91 A7 02 03 0F 0A 16 03 00 02 03 0F 0B 16 03 00 02 03 0F 0C 16 03 00 02 03 0F 0D 16 03 00 01 05 02 02 0F 01 16 01 02 02 0F 02 16 01 02 02 0F 03 16 01 02 02 0F 04 16 01 02 02 0F 05 16 01 02 04 12 00 73 11 00 09 06 00 00 13 28 00 FF 02 02 01 06 02 03 0F 01 16 01 00 02 03 0F 02 16 03 00 02 03 0F 03 16 03 00 02 03 0F 04 16 03 00 02 03 0F 05 16 03 00 02 03 0F 06 16 03 00 01 01 02 02 0F 01 16 0C 75 7E
TX:	5:05:05 PM	7E A0 07 03 25 F1 7B 26 7E
RX:	5:05:05 PM	7E A8 89 25 03 DE 83 84 01 02 04 12 00 3E 11 01 09 06 00 00 42 00 01 FF 02 02 01 06 02 03 0F 01 16 01 00 02 03 0F 02 16 03 00 02 03 0F 03 16 03 00 02 03 0F 04 16 03 00 02 03 0F 05 16 03 00 02 03 0F 06 16 03 00 01 02 02 02 0F 01 16 01 02 02 0F 02 16 01 02 04 12 00 46 11 01 09 06 00 00 60 03 0A FF 02 02 01 04 02 03 0F 01 16 01 00 02 03 0F 02 16 03 00 02 03 0F 03 16 03 00 02 03 0F 04 16 03 00 01 02 02 02 0F DA 6F 7E
TX:	5:05:05 PM	7E A0 07 03 25 11 75 C1 7E
RX:	5:05:05 PM	7E A8 89 25 03 D0 FD 6D 01 16 01 02 02 0F 02 16 01 02 04 12 00 50 11 00 09 06 00 00 1C 00 00 FF 02 02 01 03 02 03 0F 01 16 01 00 02 03 0F 02 16 03 00 02 03 0F 03 16 03 00 01 01 02 02 0F 01 16 01 02 04 12 00 51 11 00 09 06 00 00 1C 01 00 FF 02 02 01 05 02 03 0F 01 16 01 00 02 03 0F 02 16 03 00 02 03 0F 03 16 03 00 02 03 0F 04 16 03 00 02 03 0F 05 16 03 00 01 01 02 02 0F 01 16 01 02 04 12 00 52 11 00 09 06 A0 81 7E
TX:	5:05:05 PM	7E A0 07 03 25 31 77 E0 7E
RX:	5:05:05 PM	7E A8 89 25 03 D2 EF 4E 00 00 1C 02 00 FF 02 02 01 08 02 03 0F 01 16 01 00 02 03 0F 02 16 03 00 02 03 0F 03 16 03 00 02 03 0F 04 16 03 00 02 03 0F 05 16 03 00 02 03 0F 06 16 03 00 02 03 0F 07 16 03 00 02 03 0F 08 16 03 00 01 00 02 04 12 00 53 11 00 09 06 00 00 1C 03 00 FF 02 02 01 0E 02 03 0F 01 16 01 00 02 03 0F 02 16 03 00 02 03 0F 03 16 03 00 02 03 0F 04 16 03 00 02 03 0F 05 16 03 00 02 03 0F 06 16 03 0A 0C 7E
TX:	5:05:05 PM	7E A0 07 03 25 51 71 83 7E
RX:	5:05:05 PM	7E A8 89 25 03 D4 D9 2B 00 02 03 0F 07 16 03 00 02 03 0F 08 16 03 00 02 03 0F 09 16 03 00 02 03 0F 0A 16 03 00 02 03 0F 0B 16 03 00 02 03 0F 0C 16 03 00 02 03 0F 0D 16 03 00 02 03 0F 0E 16 03 00 01 00 02 04 12 00 54 11 00 09 06 00 00 1C 04 00 FF 02 02 01 07 02 03 0F 01 16 01 00 02 03 0F 02 16 03 00 02 03 0F 03 16 03 00 02 03 0F 04 16 03 00 02 03 0F 05 16 03 00 02 03 0F 06 16 03 00 02 03 0F 07 16 03 00 01 81 7C 7E
TX:	5:05:05 PM	7E A0 07 03 25 71 73 A2 7E
RX:	5:05:05 PM	7E A8 89 25 03 D6 CB 08 01 02 02 0F 01 16 01 02 04 12 00 55 11 00 09 06 00 00 1C 05 00 FF 02 02 01 06 02 03 0F 01 16 01 00 02 03 0F 02 16 03 00 02 03 0F 03 16 03 00 02 03 0F 04 16 03 00 02 03 0F 05 16 03 00 02 03 0F 06 16 03 00 01 01 02 02 0F 01 16 01 02 04 12 00 56 11 00 09 06 00 00 1C 07 00 FF 02 02 01 04 02 03 0F 01 16 01 00 02 03 0F 02 16 03 00 02 03 0F 03 16 03 00 02 03 0F 04 16 03 00 01 00 02 04 12 37 C1 7E
TX:	5:05:05 PM	7E A0 07 03 25 91 7D 45 7E
RX:	5:05:05 PM	7E A0 3B 25 03 D8 7F E3 00 0A 11 00 09 06 00 00 0C 00 00 FF 02 02 01 02 02 03 0F 01 16 01 00 02 03 0F 02 16 03 00 01 03 02 02 0F 01 16 01 02 02 0F 02 16 01 02 02 0F 03 16 01 D0 8A 7E
TX:	5:05:05 PM	7E A0 19 03 25 BC 79 D2 E6 E6 00 C0 01 C1 00 08 00 00 01 00 00 FF 02 00 60 1A 7E
RX:	5:05:05 PM	7E A0 1E 25 03 FA 6B 00 E6 E7 00 C4 01 C1 00 09 0C 07 E9 0B 0D FF 11 05 05 FF FE 5C 00 EE 8F 7E
TX:	5:05:52 PM	7E A0 07 03 25 53 63 A0 7E
TX:	5:05:53 PM	7E A0 07 03 25 93 6F 66 7E
RX:	5:05:53 PM	7E A0 1E 25 03 73 A2 19 81 80 12 05 01 80 06 01 80 07 04 00 00 00 01 08 04 00 00 00 01 53 3B 7E
TX:	5:05:53 PM	7E A0 4C 03 25 10 5E 06 E6 E6 00 60 3E A1 09 06 07 60 85 74 05 08 01 01 8A 02 07 80 8B 07 60 85 74 05 08 02 02 AC 12 80 10 17 45 23 66 1A 2E 06 0A 70 11 6E 1E 0C 56 54 0D BE 10 04 0E 01 00 00 00 06 5F 1F 04 00 62 1E 5D FF FF 7E 49 7E
RX:	5:05:53 PM	7E A0 58 25 03 30 10 34 E6 E7 00 61 4A A1 09 06 07 60 85 74 05 08 01 01 A2 03 02 01 00 A3 05 A1 03 02 01 0E 88 02 07 80 89 07 60 85 74 05 08 02 02 AA 12 80 10 5A 40 70 76 21 62 5C 20 36 5D 08 73 2E 4B 64 3A BE 10 04 0E 08 00 06 5F 1F 04 00 62 1E 5D 04 00 00 07 5A 0A 7E
TX:	5:05:53 PM	7E A0 2B 03 25 32 8B CA E6 E6 00 C3 01 C1 00 0F 00 00 28 00 00 FF 01 01 09 10 22 50 C9 DA 85 9E 68 14 C4 11 12 70 98 34 2A 1E F1 3E 7E
RX:	5:05:53 PM	7E A0 24 25 03 52 75 B9 E6 E7 00 C7 01 C1 00 01 00 09 10 99 6B A4 01 D7 49 58 D0 12 78 00 6B 6B D5 A5 3D 7D AF 7E
TX:	5:05:53 PM	7E A0 19 03 25 54 3F B9 E6 E6 00 C0 01 C1 00 0F 00 00 28 00 00 FF 02 00 91 53 7E
RX:	5:05:53 PM	7E A8 89 25 03 74 D3 8E E6 E7 00 E0 01 00 01 00 00 82 03 F9 C4 01 C1 00 01 30 02 04 12 00 0F 11 03 09 06 00 00 28 00 00 FF 02 02 01 0B 02 03 0F 01 16 01 00 02 03 0F 02 16 03 00 02 03 0F 03 16 03 00 02 03 0F 04 16 03 00 02 03 0F 05 16 03 00 02 03 0F 06 16 03 00 02 03 0F 07 16 03 00 02 03 0F 08 16 03 00 02 03 0F 09 16 03 00 02 03 0F 0A 16 03 00 02 03 0F 0B 16 03 00 01 06 02 02 0F 01 16 01 02 02 0F 02 16 01 3B C7 7E
TX:	5:05:53 PM	7E A0 07 03 25 71 73 A2 7E
RX:	5:05:53 PM	7E A8 89 25 03 76 C1 AD 02 02 0F 03 16 01 02 02 0F 04 16 01 02 02 0F 05 16 01 02 02 0F 06 16 01 02 04 12 00 17 11 01 09 06 00 00 16 00 00 FF 02 02 01 09 02 03 0F 01 16 01 00 02 03 0F 02 16 03 00 02 03 0F 03 16 03 00 02 03 0F 04 16 03 00 02 03 0F 05 16 03 00 02 03 0F 06 16 03 00 02 03 0F 07 16 03 00 02 03 0F 08 16 03 00 02 03 0F 09 16 03 00 01 00 02 04 12 00 08 11 00 09 06 00 00 01 00 00 FF 02 02 01 09 02 1A 65 7E
TX:	5:05:53 PM	7E A0 07 03 25 91 7D 45 7E
RX:	5:05:53 PM	7E A8 89 25 03 78 BF 44 03 0F 01 16 01 00 02 03 0F 02 16 03 00 02 03 0F 03 16 03 00 02 03 0F 04 16 03 00 02 03 0F 05 16 03 00 02 03 0F 06 16 03 00 02 03 0F 07 16 03 00 02 03 0F 08 16 03 00 02 03 0F 09 16 03 00 01 06 02 02 0F 01 16 01 02 02 0F 02 16 01 02 02 0F 03 16 01 02 02 0F 04 16 01 02 02 0F 05 16 01 02 02 0F 06 16 01 02 04 12 00 0F 11 03 09 06 00 00 28 00 03 FF 02 02 01 0B 02 03 0F 01 16 01 00 02 03 7E 56 7E
TX:	5:05:53 PM	7E A0 07 03 25 B1 7F 64 7E
RX:	5:05:53 PM	7E A8 89 25 03 7A AD 67 0F 02 16 03 00 02 03 0F 03 16 03 00 02 03 0F 04 16 03 00 02 03 0F 05 16 03 00 02 03 0F 06 16 03 00 02 03 0F 07 16 03 00 02 03 0F 08 16 03 00 02 03 0F 09 16 03 00 02 03 0F 0A 16 03 00 02 03 0F 0B 16 03 00 01 06 02 02 0F 01 16 01 02 02 0F 02 16 01 02 02 0F 03 16 01 02 02 0F 04 16 01 02 02 0F 05 16 01 02 02 0F 06 16 01 02 04 12 00 40 11 01 09 06 00 00 2B 00 07 FF 02 02 01 06 02 03 0F 6C BA 7E
TX:	5:05:53 PM	7E A0 07 03 25 D1 79 07 7E
RX:	5:05:53 PM	7E A8 89 25 03 7C 9B 02 01 16 01 00 02 03 0F 02 16 03 00 02 03 0F 03 16 03 00 02 03 0F 04 16 03 00 02 03 0F 05 16 03 00 02 03 0F 06 16 03 00 01 08 02 02 0F 01 16 01 02 02 0F 02 16 01 02 02 0F 03 16 01 02 02 0F 04 16 01 02 02 0F 05 16 01 02 02 0F 06 16 01 02 02 0F 07 16 01 02 02 0F 08 16 01 02 04 12 00 40 11 01 09 06 00 00 2B 00 08 FF 02 02 01 06 02 03 0F 01 16 01 00 02 03 0F 02 16 03 00 02 03 0F 03 16 03 BD 4F 7E
TX:	5:05:53 PM	7E A0 07 03 25 F1 7B 26 7E
RX:	5:05:53 PM	7E A8 89 25 03 7E 89 21 00 02 03 0F 04 16 03 00 02 03 0F 05 16 03 00 02 03 0F 06 16 03 00 01 08 02 02 0F 01 16 01 02 02 0F 02 16 01 02 02 0F 03 16 01 02 02 0F 04 16 01 02 02 0F 05 16 01 02 02 0F 06 16 01 02 02 0F 07 16 01 02 02 0F 08 16 01 02 04 12 00 01 11 00 09 06 00 00 2B 01 08 FF 02 02 01 02 02 03 0F 01 16 01 00 02 03 0F 02 16 03 00 01 00 02 04 12 00 01 11 00 09 06 00 00 2A 00 00 FF 02 02 01 02 02 03 3F FF 7E
TX:	5:05:53 PM	7E A0 07 03 25 11 75 C1 7E
RX:	5:05:53 PM	7E A8 89 25 03 70 F7 C8 0F 01 16 01 00 02 03 0F 02 16 03 00 01 00 02 04 12 00 01 11 00 09 06 01 00 00 02 00 FF 02 02 01 02 02 03 0F 01 16 01 00 02 03 0F 02 16 03 00 01 00 02 04 12 00 01 11 00 09 06 00 00 2B 01 00 FF 02 02 01 02 02 03 0F 01 16 01 00 02 03 0F 02 16 03 00 01 00 02 04 12 00 03 11 00 09 06 01 01 15 19 00 FF 02 02 01 03 02 03 0F 01 16 01 00 02 03 0F 02 16 03 00 02 03 0F 03 16 03 00 01 01 02 02 05 D2 7E
TX:	5:05:53 PM	7E A0 07 03 25 31 77 E0 7E
RX:	5:05:53 PM	7E A8 89 25 03 72 E5 EB 0F 01 16 01 02 04 12 00 1D 11 02 09 06 00 00 02 01 00 FF 02 02 01 06 02 03 0F 01 16 01 00 02 03 0F 02 16 03 00 02 03 0F 03 16 03 00 02 03 0F 04 16 03 00 02 03 0F 05 16 03 00 02 03 0F 06 16 03 00 01 01 02 02 0F 01 16 01 02 04 12 00 14 11 00 09 06 00 00 0D 00 00 FF 02 02 01 0A 02 03 0F 01 16 01 00 02 03 0F 02 16 03 00 02 03 0F 03 16 03 00 02 03 0F 04 16 03 00 02 03 0F 05 16 03 00 02 55 76 7E
TX:	5:05:53 PM	7E A0 07 03 25 51 71 83 7E
RX:	5:05:53 PM	7E A0 0E 25 03 74 BC AE 03 0F 06 16 03 46 06 7E
TX:	5:05:53 PM	7E A0 13 03 25 76 81 67 E6 E6 00 E0 81 00 01 00 01 00 D4 80 7E
RX:	5:05:53 PM	7E A8 89 25 03 96 CF 4A E6 E7 00 E0 01 00 02 00 01 82 03 F9 00 02 03 0F 07 16 03 00 02 03 0F 08 16 03 00 02 03 0F 09 16 03 00 02 03 0F 0A 16 03 00 01 01 02 02 0F 01 16 01 02 04 12 00 13 11 01 09 06 00 00 14 00 00 FF 02 02 01 09 02 03 0F 01 16 01 00 02 03 0F 02 16 03 00 02 03 0F 03 16 03 00 02 03 0F 04 16 03 00 02 03 0F 05 16 03 00 02 03 0F 06 16 03 00 02 03 0F 07 16 03 00 02 03 0F 08 16 03 00 02 03 0F 09 AC 90 7E
TX:	5:05:53 PM	7E A0 07 03 25 91 7D 45 7E
RX:	5:05:53 PM	7E A8 89 25 03 98 B1 A3 16 03 00 01 00 02 04 12 00 05 11 00 09 06 01 00 1F 04 00 FF 02 02 01 09 02 03 0F 01 16 01 00 02 03 0F 02 16 03 00 02 03 0F 03 16 03 00 02 03 0F 04 16 03 00 02 03 0F 05 16 03 00 02 03 0F 06 16 03 00 02 03 0F 07 16 03 00 02 03 0F 08 16 03 00 02 03 0F 09 16 03 00 01 02 02 02 0F 01 16 01 02 02 0F 02 16 01 02 04 12 00 15 11 00 09 06 00 00 10 01 00 FF 02 02 01 04 02 03 0F 01 16 01 00 02 C4 BC 7E
TX:	5:05:53 PM	7E A0 07 03 25 B1 7F 64 7E
RX:	5:05:53 PM	7E A8 89 25 03 9A A3 80 03 0F 02 16 03 00 02 03 0F 03 16 03 00 02 03 0F 04 16 03 00 01 00 02 04 12 00 09 11 00 09 06 00 01 0A 01 65 FF 02 02 01 02 02 03 0F 01 16 01 00 02 03 0F 02 16 03 00 01 01 02 02 0F 01 16 01 02 04 12 00 16 11 00 09 06 00 00 0F 00 00 FF 02 02 01 04 02 03 0F 01 16 01 00 02 03 0F 02 16 03 00 02 03 0F 03 16 03 00 02 03 0F 04 16 03 00 01 00 02 04 12 00 11 11 00 09 06 00 00 29 00 00 FF 02 35 FA 7E
TX:	5:05:53 PM	7E A0 07 03 25 D1 79 07 7E
RX:	5:05:53 PM	7E A8 89 25 03 9C 95 E5 02 01 02 02 03 0F 01 16 01 00 02 03 0F 02 16 03 00 01 01 02 02 0F 01 16 01 02 04 12 00 1C 11 02 09 06 00 00 02 02 00 FF 02 02 01 07 02 03 0F 01 16 01 00 02 03 0F 02 16 03 00 02 03 0F 03 16 03 00 02 03 0F 04 16 03 00 02 03 0F 05 16 03 00 02 03 0F 06 16 03 00 02 03 0F 07 16 03 00 01 00 02 04 12 00 1B 11 00 09 06 00 00 02 00 00 FF 02 02 01 04 02 03 0F 01 16 01 00 02 03 0F 02 16 03 00 00 43 7E
TX:	5:05:53 PM	7E A0 07 03 25 F1 7B 26 7E
RX:	5:05:53 PM	7E A8 89 25 03 9E 87 C6 02 03 0F 03 16 03 00 02 03 0F 04 16 03 00 01 00 02 04 12 00 2B 11 00 09 06 00 00 19 02 00 FF 02 02 01 02 02 03 0F 01 16 01 00 02 03 0F 02 16 03 00 01 00 02 04 12 00 12 11 00 09 06 00 00 2C 00 00 FF 02 02 01 07 02 03 0F 01 16 01 00 02 03 0F 02 16 03 00 02 03 0F 03 16 03 00 02 03 0F 04 16 03 00 02 03 0F 05 16 03 00 02 03 0F 06 16 03 00 02 03 0F 07 16 03 00 01 04 02 02 0F 01 16 01 02 50 8B 7E
TX:	5:05:53 PM	7E A0 07 03 25 11 75 C1 7E
RX:	5:05:53 PM	7E A8 89 25 03 90 F9 2F 02 0F 02 16 01 02 02 0F 03 16 01 02 02 0F 04 16 01 02 04 12 00 2A 11 00 09 06 00 00 19 01 00 FF 02 02 01 0A 02 03 0F 01 16 01 00 02 03 0F 02 16 03 00 02 03 0F 03 16 03 00 02 03 0F 04 16 03 00 02 03 0F 05 16 03 00 02 03 0F 06 16 03 00 02 03 0F 07 16 03 00 02 03 0F 08 16 03 00 02 03 0F 09 16 03 00 02 03 0F 0A 16 03 00 01 03 02 02 0F 01 16 01 02 02 0F 02 16 01 02 02 0F 03 16 01 02 04 B7 DD 7E
TX:	5:05:53 PM	7E A0 07 03 25 31 77 E0 7E
RX:	5:05:53 PM	7E A8 89 25 03 92 EB 0C 12 00 30 11 00 09 06 00 00 19 07 00 FF 02 02 01 0A 02 03 0F 01 16 01 00 02 03 0F 02 16 03 00 02 03 0F 03 16 03 00 02 03 0F 04 16 03 00 02 03 0F 05 16 03 00 02 03 0F 06 16 03 00 02 03 0F 07 16 03 00 02 03 0F 08 16 03 00 02 03 0F 09 16 03 00 02 03 0F 0A 16 03 00 01 02 02 02 0F 01 16 01 02 02 0F 02 16 01 02 04 12 00 28 11 00 09 06 00 00 19 09 00 FF 02 02 01 07 02 03 0F 01 16 01 00 02 D5 E8 7E
TX:	5:05:53 PM	7E A0 07 03 25 51 71 83 7E
RX:	5:05:53 PM	7E A8 89 25 03 94 DD 69 03 0F 02 16 03 00 02 03 0F 03 16 03 00 02 03 0F 04 16 03 00 02 03 0F 05 16 03 00 02 03 0F 06 16 03 00 02 03 0F 07 16 03 00 01 01 02 02 0F 01 16 01 02 04 12 00 0B 11 00 09 06 00 00 0B 00 00 FF 02 02 01 02 02 03 0F 01 16 01 00 02 03 0F 02 16 03 00 01 02 02 02 0F 01 16 01 02 02 0F 02 16 01 02 04 12 00 32 11 00 09 06 00 00 1A 00 00 FF 02 02 01 0F 02 03 0F 01 16 01 00 02 03 0F 02 16 03 91 1A 7E
TX:	5:05:53 PM	7E A0 07 03 25 71 73 A2 7E
RX:	5:05:53 PM	7E A0 0E 25 03 96 A0 6A 00 02 03 0F 03 31 EB 7E
TX:	5:05:53 PM	7E A0 13 03 25 98 F1 69 E6 E6 00 E0 81 00 02 00 02 00 71 8F 7E
RX:	5:05:53 PM	7E A8 89 25 03 B8 B3 82 E6 E7 00 E0 01 00 03 00 02 82 03 F9 16 03 00 02 03 0F 04 16 03 00 02 03 0F 05 16 03 00 02 03 0F 06 16 03 00 02 03 0F 07 16 03 00 02 03 0F 08 16 03 00 02 03 0F 09 16 03 00 02 03 0F 0A 16 03 00 02 03 0F 0B 16 03 00 02 03 0F 0C 16 03 00 02 03 0F 0D 16 03 00 02 03 0F 0E 16 03 00 02 03 0F 0F 16 03 00 01 00 02 04 12 00 33 11 00 09 06 00 00 1A 01 00 FF 02 02 01 02 02 03 0F 01 16 01 00 02 04 65 7E
TX:	5:05:53 PM	7E A0 07 03 25 B1 7F 64 7E
RX:	5:05:53 PM	7E A8 89 25 03 BA A1 A1 03 0F 02 16 03 00 01 01 02 02 0F 01 16 01 02 04 12 00 35 11 00 09 06 00 00 1A 03 00 FF 02 02 01 08 02 03 0F 01 16 01 00 02 03 0F 02 16 03 00 02 03 0F 03 16 03 00 02 03 0F 04 16 03 00 02 03 0F 05 16 03 00 02 03 0F 06 16 03 00 02 03 0F 07 16 03 00 02 03 0F 08 16 03 00 01 01 02 02 0F 01 16 01 02 04 12 00 34 11 00 09 06 00 00 1A 02 00 FF 02 02 01 05 02 03 0F 01 16 01 00 02 03 0F 02 16 F0 E2 7E
TX:	5:05:53 PM	7E A0 07 03 25 D1 79 07 7E
RX:	5:05:53 PM	7E A8 89 25 03 BC 97 C4 03 00 02 03 0F 03 16 03 00 02 03 0F 04 16 03 00 02 03 0F 05 16 03 00 01 00 02 04 12 00 5C 11 03 09 06 00 00 1D 02 00 FF 02 02 01 17 02 03 0F 01 16 01 00 02 03 0F 02 16 03 00 02 03 0F 03 16 03 00 02 03 0F 04 16 03 00 02 03 0F 05 16 03 00 02 03 0F 06 16 03 00 02 03 0F 07 16 03 00 02 03 0F 08 16 03 00 02 03 0F 09 16 03 00 02 03 0F 0A 16 03 00 02 03 0F 0B 16 03 00 02 03 0F 0C 16 03 00 29 53 7E
TX:	5:05:53 PM	7E A0 07 03 25 F1 7B 26 7E
RX:	5:05:53 PM	7E A8 89 25 03 BE 85 E7 02 03 0F 0D 16 03 00 02 03 0F 0E 16 03 00 02 03 0F 0F 16 03 00 02 03 0F 10 16 03 00 02 03 0F 11 16 03 00 02 03 0F 12 16 03 00 02 03 0F 13 16 03 00 02 03 0F 14 16 03 00 02 03 0F 15 16 03 00 02 03 0F 16 16 03 00 02 03 0F 17 16 03 00 01 00 02 04 12 00 5A 11 01 09 06 00 00 1D 00 00 FF 02 02 01 0A 02 03 0F 01 16 01 00 02 03 0F 02 16 03 00 02 03 0F 03 16 03 00 02 03 0F 04 16 03 00 02 03 40 5D 7E
TX:	5:05:53 PM	7E A0 07 03 25 11 75 C1 7E
RX:	5:05:53 PM	7E A8 89 25 03 B0 FB 0E 0F 05 16 03 00 02 03 0F 06 16 03 00 02 03 0F 07 16 03 00 02 03 0F 08 16 03 00 02 03 0F 09 16 03 00 02 03 0F 0A 16 03 00 01 01 02 02 0F 01 16 01 02 04 12 00 5B 11 03 09 06 00 00 1D 01 00 FF 02 02 01 1A 02 03 0F 01 16 01 00 02 03 0F 02 16 03 00 02 03 0F 03 16 03 00 02 03 0F 04 16 03 00 02 03 0F 05 16 03 00 02 03 0F 06 16 03 00 02 03 0F 07 16 03 00 02 03 0F 08 16 03 00 02 03 0F 09 16 B3 5B 7E
TX:	5:05:53 PM	7E A0 07 03 25 31 77 E0 7E
RX:	5:05:53 PM	7E A8 89 25 03 B2 E9 2D 03 00 02 03 0F 0A 16 03 00 02 03 0F 0B 16 03 00 02 03 0F 0C 16 03 00 02 03 0F 0D 16 03 00 02 03 0F 0E 16 03 00 02 03 0F 0F 16 03 00 02 03 0F 10 16 03 00 02 03 0F 11 16 03 00 02 03 0F 12 16 03 00 02 03 0F 13 16 03 00 02 03 0F 14 16 03 00 02 03 0F 15 16 03 00 02 03 0F 16 16 03 00 02 03 0F 17 16 03 00 02 03 0F 18 16 03 00 02 03 0F 19 16 03 00 02 03 0F 1A 16 03 00 01 02 02 02 0F 01 16 B8 2C 7E
TX:	5:05:53 PM	7E A0 07 03 25 51 71 83 7E
RX:	5:05:53 PM	7E A8 89 25 03 B4 DF 48 01 02 02 0F 02 16 01 02 04 12 00 6F 11 00 09 06 00 00 13 00 00 FF 02 02 01 13 02 03 0F 01 16 01 00 02 03 0F 02 16 03 00 02 03 0F 03 16 03 00 02 03 0F 04 16 03 00 02 03 0F 05 16 03 00 02 03 0F 06 16 03 00 02 03 0F 07 16 03 00 02 03 0F 08 16 03 00 02 03 0F 09 16 03 00 02 03 0F 0A 16 03 00 02 03 0F 0B 16 03 00 02 03 0F 0C 16 03 00 02 03 0F 0D 16 03 00 02 03 0F 0E 16 03 00 02 03 0F 0F 65 D0 7E
TX:	5:05:53 PM	7E A0 07 03 25 71 73 A2 7E
RX:	5:05:53 PM	7E A8 89 25 03 B6 CD 6B 16 03 00 02 03 0F 10 16 03 00 02 03 0F 11 16 03 00 02 03 0F 12 16 03 00 02 03 0F 13 16 03 00 01 03 02 02 0F 01 16 01 02 02 0F 02 16 01 02 02 0F 03 16 01 02 04 12 00 70 11 00 09 06 00 00 13 0A 00 FF 02 02 01 0B 02 03 0F 01 16 01 00 02 03 0F 02 16 03 00 02 03 0F 03 16 03 00 02 03 0F 04 16 03 00 02 03 0F 05 16 03 00 02 03 0F 06 16 03 00 02 03 0F 07 16 03 00 02 03 0F 08 16 03 00 02 03 6B F6 7E
TX:	5:05:53 PM	7E A0 07 03 25 91 7D 45 7E
RX:	5:05:53 PM	7E A0 0E 25 03 B8 DC A2 0F 09 16 03 00 CB 66 7E
TX:	5:05:53 PM	7E A0 13 03 25 BA E1 6B E6 E6 00 E0 81 00 03 00 03 00 12 8A 7E
RX:	5:05:53 PM	7E A8 89 25 03 DA A7 C2 E6 E7 00 E0 81 00 04 00 03 82 03 A6 02 03 0F 0A 16 03 00 02 03 0F 0B 16 03 00 01 03 02 02 0F 01 16 01 02 02 0F 02 16 01 02 02 0F 03 16 01 02 04 12 00 71 11 00 09 06 00 00 13 14 00 FF 02 02 01 0D 02 03 0F 01 16 01 00 02 03 0F 02 16 03 00 02 03 0F 03 16 03 00 02 03 0F 04 16 03 00 02 03 0F 05 16 03 00 02 03 0F 06 16 03 00 02 03 0F 07 16 03 00 02 03 0F 08 16 03 00 02 03 0F 09 16 03 00 C1 38 7E
TX:	5:05:53 PM	7E A0 07 03 25 D1 79 07 7E
RX:	5:05:53 PM	7E A8 89 25 03 DC 91 A7 02 03 0F 0A 16 03 00 02 03 0F 0B 16 03 00 02 03 0F 0C 16 03 00 02 03 0F 0D 16 03 00 01 05 02 02 0F 01 16 01 02 02 0F 02 16 01 02 02 0F 03 16 01 02 02 0F 04 16 01 02 02 0F 05 16 01 02 04 12 00 73 11 00 09 06 00 00 13 28 00 FF 02 02 01 06 02 03 0F 01 16 01 00 02 03 0F 02 16 03 00 02 03 0F 03 16 03 00 02 03 0F 04 16 03 00 02 03 0F 05 16 03 00 02 03 0F 06 16 03 00 01 01 02 02 0F 01 16 0C 75 7E
TX:	5:05:53 PM	7E A0 07 03 25 F1 7B 26 7E
RX:	5:05:53 PM	7E A8 89 25 03 DE 83 84 01 02 04 12 00 3E 11 01 09 06 00 00 42 00 01 FF 02 02 01 06 02 03 0F 01 16 01 00 02 03 0F 02 16 03 00 02 03 0F 03 16 03 00 02 03 0F 04 16 03 00 02 03 0F 05 16 03 00 02 03 0F 06 16 03 00 01 02 02 02 0F 01 16 01 02 02 0F 02 16 01 02 04 12 00 46 11 01 09 06 00 00 60 03 0A FF 02 02 01 04 02 03 0F 01 16 01 00 02 03 0F 02 16 03 00 02 03 0F 03 16 03 00 02 03 0F 04 16 03 00 01 02 02 02 0F DA 6F 7E
TX:	5:05:53 PM	7E A0 07 03 25 11 75 C1 7E
RX:	5:05:53 PM	7E A8 89 25 03 D0 FD 6D 01 16 01 02 02 0F 02 16 01 02 04 12 00 50 11 00 09 06 00 00 1C 00 00 FF 02 02 01 03 02 03 0F 01 16 01 00 02 03 0F 02 16 03 00 02 03 0F 03 16 03 00 01 01 02 02 0F 01 16 01 02 04 12 00 51 11 00 09 06 00 00 1C 01 00 FF 02 02 01 05 02 03 0F 01 16 01 00 02 03 0F 02 16 03 00 02 03 0F 03 16 03 00 02 03 0F 04 16 03 00 02 03 0F 05 16 03 00 01 01 02 02 0F 01 16 01 02 04 12 00 52 11 00 09 06 A0 81 7E
TX:	5:05:53 PM	7E A0 07 03 25 31 77 E0 7E
RX:	5:05:53 PM	7E A8 89 25 03 D2 EF 4E 00 00 1C 02 00 FF 02 02 01 08 02 03 0F 01 16 01 00 02 03 0F 02 16 03 00 02 03 0F 03 16 03 00 02 03 0F 04 16 03 00 02 03 0F 05 16 03 00 02 03 0F 06 16 03 00 02 03 0F 07 16 03 00 02 03 0F 08 16 03 00 01 00 02 04 12 00 53 11 00 09 06 00 00 1C 03 00 FF 02 02 01 0E 02 03 0F 01 16 01 00 02 03 0F 02 16 03 00 02 03 0F 03 16 03 00 02 03 0F 04 16 03 00 02 03 0F 05 16 03 00 02 03 0F 06 16 03 0A 0C 7E
TX:	5:05:53 PM	7E A0 07 03 25 51 71 83 7E
RX:	5:05:53 PM	7E A8 89 25 03 D4 D9 2B 00 02 03 0F 07 16 03 00 02 03 0F 08 16 03 00 02 03 0F 09 16 03 00 02 03 0F 0A 16 03 00 02 03 0F 0B 16 03 00 02 03 0F 0C 16 03 00 02 03 0F 0D 16 03 00 02 03 0F 0E 16 03 00 01 00 02 04 12 00 54 11 00 09 06 00 00 1C 04 00 FF 02 02 01 07 02 03 0F 01 16 01 00 02 03 0F 02 16 03 00 02 03 0F 03 16 03 00 02 03 0F 04 16 03 00 02 03 0F 05 16 03 00 02 03 0F 06 16 03 00 02 03 0F 07 16 03 00 01 81 7C 7E
TX:	5:05:53 PM	7E A0 07 03 25 71 73 A2 7E
RX:	5:05:53 PM	7E A8 89 25 03 D6 CB 08 01 02 02 0F 01 16 01 02 04 12 00 55 11 00 09 06 00 00 1C 05 00 FF 02 02 01 06 02 03 0F 01 16 01 00 02 03 0F 02 16 03 00 02 03 0F 03 16 03 00 02 03 0F 04 16 03 00 02 03 0F 05 16 03 00 02 03 0F 06 16 03 00 01 01 02 02 0F 01 16 01 02 04 12 00 56 11 00 09 06 00 00 1C 07 00 FF 02 02 01 04 02 03 0F 01 16 01 00 02 03 0F 02 16 03 00 02 03 0F 03 16 03 00 02 03 0F 04 16 03 00 01 00 02 04 12 37 C1 7E
TX:	5:05:53 PM	7E A0 07 03 25 91 7D 45 7E
RX:	5:05:53 PM	7E A0 3B 25 03 D8 7F E3 00 0A 11 00 09 06 00 00 0C 00 00 FF 02 02 01 02 02 03 0F 01 16 01 00 02 03 0F 02 16 03 00 01 03 02 02 0F 01 16 01 02 02 0F 02 16 01 02 02 0F 03 16 01 D0 8A 7E
TX:	5:05:53 PM	7E A0 19 03 25 BC 79 D2 E6 E6 00 C0 01 C1 00 08 00 00 01 00 00 FF 02 00 60 1A 7E
RX:	5:05:53 PM	7E A0 1E 25 03 FA 6B 00 E6 E7 00 C4 01 C1 00 09 0C 07 E9 0B 0D FF 11 05 35 FF FE 5C 00 3F 5B 7E
TX:	5:05:56 PM	7E A0 07 03 25 93 6F 66 7E
TX:	5:06:01 PM	7E A0 07 03 25 93 6F 66 7E
TX:	5:06:06 PM	7E A0 07 03 25 93 6F 66 7E
TX:	5:06:20 PM	7E A0 07 03 25 93 6F 66 7E
RX:	5:06:20 PM	7E A0 1E 25 03 73 A2 19 81 80 12 05 01 80 06 01 80 07 04 00 00 00 01 08 04 00 00 00 01 53 3B 7E
TX:	5:06:20 PM	7E A0 4C 03 25 10 5E 06 E6 E6 00 60 3E A1 09 06 07 60 85 74 05 08 01 01 8A 02 07 80 8B 07 60 85 74 05 08 02 02 AC 12 80 10 6B 69 0F 32 6D 56 77 56 21 09 48 27 5E 3B 50 64 BE 10 04 0E 01 00 00 00 06 5F 1F 04 00 62 1E 5D FF FF BF 67 7E
RX:	5:06:20 PM	7E A0 58 25 03 30 10 34 E6 E7 00 61 4A A1 09 06 07 60 85 74 05 08 01 01 A2 03 02 01 00 A3 05 A1 03 02 01 0E 88 02 07 80 89 07 60 85 74 05 08 02 02 AA 12 80 10 3C 55 12 33 58 1A 77 44 48 6E 4C 4A 6E 48 13 23 BE 10 04 0E 08 00 06 5F 1F 04 00 62 1E 5D 04 00 00 07 A0 70 7E
TX:	5:06:20 PM	7E A0 2B 03 25 32 8B CA E6 E6 00 C3 01 C1 00 0F 00 00 28 00 00 FF 01 01 09 10 71 B1 54 33 67 0D B2 6B EE 9F 85 2C 32 D7 42 E4 41 3F 7E
RX:	5:06:20 PM	7E A0 24 25 03 52 75 B9 E6 E7 00 C7 01 C1 00 01 00 09 10 81 6E D2 4B 39 1E 2F 51 57 87 64 1F 4E 94 B9 25 E2 2A 7E
TX:	5:06:20 PM	7E A0 19 03 25 54 3F B9 E6 E6 00 C0 01 C1 00 0F 00 00 28 00 00 FF 02 00 91 53 7E
RX:	5:06:20 PM	7E A8 89 25 03 74 D3 8E E6 E7 00 E0 01 00 01 00 00 82 03 F9 C4 01 C1 00 01 30 02 04 12 00 0F 11 03 09 06 00 00 28 00 00 FF 02 02 01 0B 02 03 0F 01 16 01 00 02 03 0F 02 16 03 00 02 03 0F 03 16 03 00 02 03 0F 04 16 03 00 02 03 0F 05 16 03 00 02 03 0F 06 16 03 00 02 03 0F 07 16 03 00 02 03 0F 08 16 03 00 02 03 0F 09 16 03 00 02 03 0F 0A 16 03 00 02 03 0F 0B 16 03 00 01 06 02 02 0F 01 16 01 02 02 0F 02 16 01 3B C7 7E
TX:	5:06:20 PM	7E A0 07 03 25 71 73 A2 7E
RX:	5:06:20 PM	7E A8 89 25 03 76 C1 AD 02 02 0F 03 16 01 02 02 0F 04 16 01 02 02 0F 05 16 01 02 02 0F 06 16 01 02 04 12 00 17 11 01 09 06 00 00 16 00 00 FF 02 02 01 09 02 03 0F 01 16 01 00 02 03 0F 02 16 03 00 02 03 0F 03 16 03 00 02 03 0F 04 16 03 00 02 03 0F 05 16 03 00 02 03 0F 06 16 03 00 02 03 0F 07 16 03 00 02 03 0F 08 16 03 00 02 03 0F 09 16 03 00 01 00 02 04 12 00 08 11 00 09 06 00 00 01 00 00 FF 02 02 01 09 02 1A 65 7E
TX:	5:06:20 PM	7E A0 07 03 25 91 7D 45 7E
RX:	5:06:20 PM	7E A8 89 25 03 78 BF 44 03 0F 01 16 01 00 02 03 0F 02 16 03 00 02 03 0F 03 16 03 00 02 03 0F 04 16 03 00 02 03 0F 05 16 03 00 02 03 0F 06 16 03 00 02 03 0F 07 16 03 00 02 03 0F 08 16 03 00 02 03 0F 09 16 03 00 01 06 02 02 0F 01 16 01 02 02 0F 02 16 01 02 02 0F 03 16 01 02 02 0F 04 16 01 02 02 0F 05 16 01 02 02 0F 06 16 01 02 04 12 00 0F 11 03 09 06 00 00 28 00 03 FF 02 02 01 0B 02 03 0F 01 16 01 00 02 03 7E 56 7E
TX:	5:06:20 PM	7E A0 07 03 25 B1 7F 64 7E
RX:	5:06:20 PM	7E A8 89 25 03 7A AD 67 0F 02 16 03 00 02 03 0F 03 16 03 00 02 03 0F 04 16 03 00 02 03 0F 05 16 03 00 02 03 0F 06 16 03 00 02 03 0F 07 16 03 00 02 03 0F 08 16 03 00 02 03 0F 09 16 03 00 02 03 0F 0A 16 03 00 02 03 0F 0B 16 03 00 01 06 02 02 0F 01 16 01 02 02 0F 02 16 01 02 02 0F 03 16 01 02 02 0F 04 16 01 02 02 0F 05 16 01 02 02 0F 06 16 01 02 04 12 00 40 11 01 09 06 00 00 2B 00 07 FF 02 02 01 06 02 03 0F 6C BA 7E
TX:	5:06:20 PM	7E A0 07 03 25 D1 79 07 7E
RX:	5:06:20 PM	7E A8 89 25 03 7C 9B 02 01 16 01 00 02 03 0F 02 16 03 00 02 03 0F 03 16 03 00 02 03 0F 04 16 03 00 02 03 0F 05 16 03 00 02 03 0F 06 16 03 00 01 08 02 02 0F 01 16 01 02 02 0F 02 16 01 02 02 0F 03 16 01 02 02 0F 04 16 01 02 02 0F 05 16 01 02 02 0F 06 16 01 02 02 0F 07 16 01 02 02 0F 08 16 01 02 04 12 00 40 11 01 09 06 00 00 2B 00 08 FF 02 02 01 06 02 03 0F 01 16 01 00 02 03 0F 02 16 03 00 02 03 0F 03 16 03 BD 4F 7E
TX:	5:06:20 PM	7E A0 07 03 25 F1 7B 26 7E
RX:	5:06:20 PM	7E A8 89 25 03 7E 89 21 00 02 03 0F 04 16 03 00 02 03 0F 05 16 03 00 02 03 0F 06 16 03 00 01 08 02 02 0F 01 16 01 02 02 0F 02 16 01 02 02 0F 03 16 01 02 02 0F 04 16 01 02 02 0F 05 16 01 02 02 0F 06 16 01 02 02 0F 07 16 01 02 02 0F 08 16 01 02 04 12 00 01 11 00 09 06 00 00 2B 01 08 FF 02 02 01 02 02 03 0F 01 16 01 00 02 03 0F 02 16 03 00 01 00 02 04 12 00 01 11 00 09 06 00 00 2A 00 00 FF 02 02 01 02 02 03 3F FF 7E
TX:	5:06:20 PM	7E A0 07 03 25 11 75 C1 7E
RX:	5:06:20 PM	7E A8 89 25 03 70 F7 C8 0F 01 16 01 00 02 03 0F 02 16 03 00 01 00 02 04 12 00 01 11 00 09 06 01 00 00 02 00 FF 02 02 01 02 02 03 0F 01 16 01 00 02 03 0F 02 16 03 00 01 00 02 04 12 00 01 11 00 09 06 00 00 2B 01 00 FF 02 02 01 02 02 03 0F 01 16 01 00 02 03 0F 02 16 03 00 01 00 02 04 12 00 03 11 00 09 06 01 01 15 19 00 FF 02 02 01 03 02 03 0F 01 16 01 00 02 03 0F 02 16 03 00 02 03 0F 03 16 03 00 01 01 02 02 05 D2 7E
TX:	5:06:20 PM	7E A0 07 03 25 31 77 E0 7E
RX:	5:06:20 PM	7E A8 89 25 03 72 E5 EB 0F 01 16 01 02 04 12 00 1D 11 02 09 06 00 00 02 01 00 FF 02 02 01 06 02 03 0F 01 16 01 00 02 03 0F 02 16 03 00 02 03 0F 03 16 03 00 02 03 0F 04 16 03 00 02 03 0F 05 16 03 00 02 03 0F 06 16 03 00 01 01 02 02 0F 01 16 01 02 04 12 00 14 11 00 09 06 00 00 0D 00 00 FF 02 02 01 0A 02 03 0F 01 16 01 00 02 03 0F 02 16 03 00 02 03 0F 03 16 03 00 02 03 0F 04 16 03 00 02 03 0F 05 16 03 00 02 55 76 7E
TX:	5:06:20 PM	7E A0 07 03 25 51 71 83 7E
RX:	5:06:20 PM	7E A0 0E 25 03 74 BC AE 03 0F 06 16 03 46 06 7E
TX:	5:06:20 PM	7E A0 13 03 25 76 81 67 E6 E6 00 E0 81 00 01 00 01 00 D4 80 7E
RX:	5:06:20 PM	7E A8 89 25 03 96 CF 4A E6 E7 00 E0 01 00 02 00 01 82 03 F9 00 02 03 0F 07 16 03 00 02 03 0F 08 16 03 00 02 03 0F 09 16 03 00 02 03 0F 0A 16 03 00 01 01 02 02 0F 01 16 01 02 04 12 00 13 11 01 09 06 00 00 14 00 00 FF 02 02 01 09 02 03 0F 01 16 01 00 02 03 0F 02 16 03 00 02 03 0F 03 16 03 00 02 03 0F 04 16 03 00 02 03 0F 05 16 03 00 02 03 0F 06 16 03 00 02 03 0F 07 16 03 00 02 03 0F 08 16 03 00 02 03 0F 09 AC 90 7E
TX:	5:06:20 PM	7E A0 07 03 25 91 7D 45 7E
RX:	5:06:20 PM	7E A8 89 25 03 98 B1 A3 16 03 00 01 00 02 04 12 00 05 11 00 09 06 01 00 1F 04 00 FF 02 02 01 09 02 03 0F 01 16 01 00 02 03 0F 02 16 03 00 02 03 0F 03 16 03 00 02 03 0F 04 16 03 00 02 03 0F 05 16 03 00 02 03 0F 06 16 03 00 02 03 0F 07 16 03 00 02 03 0F 08 16 03 00 02 03 0F 09 16 03 00 01 02 02 02 0F 01 16 01 02 02 0F 02 16 01 02 04 12 00 15 11 00 09 06 00 00 10 01 00 FF 02 02 01 04 02 03 0F 01 16 01 00 02 C4 BC 7E
TX:	5:06:20 PM	7E A0 07 03 25 B1 7F 64 7E
RX:	5:06:20 PM	7E A8 89 25 03 9A A3 80 03 0F 02 16 03 00 02 03 0F 03 16 03 00 02 03 0F 04 16 03 00 01 00 02 04 12 00 09 11 00 09 06 00 01 0A 01 65 FF 02 02 01 02 02 03 0F 01 16 01 00 02 03 0F 02 16 03 00 01 01 02 02 0F 01 16 01 02 04 12 00 16 11 00 09 06 00 00 0F 00 00 FF 02 02 01 04 02 03 0F 01 16 01 00 02 03 0F 02 16 03 00 02 03 0F 03 16 03 00 02 03 0F 04 16 03 00 01 00 02 04 12 00 11 11 00 09 06 00 00 29 00 00 FF 02 35 FA 7E
TX:	5:06:20 PM	7E A0 07 03 25 D1 79 07 7E
RX:	5:06:20 PM	7E A8 89 25 03 9C 95 E5 02 01 02 02 03 0F 01 16 01 00 02 03 0F 02 16 03 00 01 01 02 02 0F 01 16 01 02 04 12 00 1C 11 02 09 06 00 00 02 02 00 FF 02 02 01 07 02 03 0F 01 16 01 00 02 03 0F 02 16 03 00 02 03 0F 03 16 03 00 02 03 0F 04 16 03 00 02 03 0F 05 16 03 00 02 03 0F 06 16 03 00 02 03 0F 07 16 03 00 01 00 02 04 12 00 1B 11 00 09 06 00 00 02 00 00 FF 02 02 01 04 02 03 0F 01 16 01 00 02 03 0F 02 16 03 00 00 43 7E
TX:	5:06:20 PM	7E A0 07 03 25 F1 7B 26 7E
RX:	5:06:20 PM	7E A8 89 25 03 9E 87 C6 02 03 0F 03 16 03 00 02 03 0F 04 16 03 00 01 00 02 04 12 00 2B 11 00 09 06 00 00 19 02 00 FF 02 02 01 02 02 03 0F 01 16 01 00 02 03 0F 02 16 03 00 01 00 02 04 12 00 12 11 00 09 06 00 00 2C 00 00 FF 02 02 01 07 02 03 0F 01 16 01 00 02 03 0F 02 16 03 00 02 03 0F 03 16 03 00 02 03 0F 04 16 03 00 02 03 0F 05 16 03 00 02 03 0F 06 16 03 00 02 03 0F 07 16 03 00 01 04 02 02 0F 01 16 01 02 50 8B 7E
TX:	5:06:20 PM	7E A0 07 03 25 11 75 C1 7E
RX:	5:06:20 PM	7E A8 89 25 03 90 F9 2F 02 0F 02 16 01 02 02 0F 03 16 01 02 02 0F 04 16 01 02 04 12 00 2A 11 00 09 06 00 00 19 01 00 FF 02 02 01 0A 02 03 0F 01 16 01 00 02 03 0F 02 16 03 00 02 03 0F 03 16 03 00 02 03 0F 04 16 03 00 02 03 0F 05 16 03 00 02 03 0F 06 16 03 00 02 03 0F 07 16 03 00 02 03 0F 08 16 03 00 02 03 0F 09 16 03 00 02 03 0F 0A 16 03 00 01 03 02 02 0F 01 16 01 02 02 0F 02 16 01 02 02 0F 03 16 01 02 04 B7 DD 7E
TX:	5:06:20 PM	7E A0 07 03 25 31 77 E0 7E
RX:	5:06:20 PM	7E A8 89 25 03 92 EB 0C 12 00 30 11 00 09 06 00 00 19 07 00 FF 02 02 01 0A 02 03 0F 01 16 01 00 02 03 0F 02 16 03 00 02 03 0F 03 16 03 00 02 03 0F 04 16 03 00 02 03 0F 05 16 03 00 02 03 0F 06 16 03 00 02 03 0F 07 16 03 00 02 03 0F 08 16 03 00 02 03 0F 09 16 03 00 02 03 0F 0A 16 03 00 01 02 02 02 0F 01 16 01 02 02 0F 02 16 01 02 04 12 00 28 11 00 09 06 00 00 19 09 00 FF 02 02 01 07 02 03 0F 01 16 01 00 02 D5 E8 7E
TX:	5:06:20 PM	7E A0 07 03 25 51 71 83 7E
RX:	5:06:20 PM	7E A8 89 25 03 94 DD 69 03 0F 02 16 03 00 02 03 0F 03 16 03 00 02 03 0F 04 16 03 00 02 03 0F 05 16 03 00 02 03 0F 06 16 03 00 02 03 0F 07 16 03 00 01 01 02 02 0F 01 16 01 02 04 12 00 0B 11 00 09 06 00 00 0B 00 00 FF 02 02 01 02 02 03 0F 01 16 01 00 02 03 0F 02 16 03 00 01 02 02 02 0F 01 16 01 02 02 0F 02 16 01 02 04 12 00 32 11 00 09 06 00 00 1A 00 00 FF 02 02 01 0F 02 03 0F 01 16 01 00 02 03 0F 02 16 03 91 1A 7E
TX:	5:06:20 PM	7E A0 07 03 25 71 73 A2 7E
RX:	5:06:20 PM	7E A0 0E 25 03 96 A0 6A 00 02 03 0F 03 31 EB 7E
TX:	5:06:20 PM	7E A0 13 03 25 98 F1 69 E6 E6 00 E0 81 00 02 00 02 00 71 8F 7E
RX:	5:06:20 PM	7E A8 89 25 03 B8 B3 82 E6 E7 00 E0 01 00 03 00 02 82 03 F9 16 03 00 02 03 0F 04 16 03 00 02 03 0F 05 16 03 00 02 03 0F 06 16 03 00 02 03 0F 07 16 03 00 02 03 0F 08 16 03 00 02 03 0F 09 16 03 00 02 03 0F 0A 16 03 00 02 03 0F 0B 16 03 00 02 03 0F 0C 16 03 00 02 03 0F 0D 16 03 00 02 03 0F 0E 16 03 00 02 03 0F 0F 16 03 00 01 00 02 04 12 00 33 11 00 09 06 00 00 1A 01 00 FF 02 02 01 02 02 03 0F 01 16 01 00 02 04 65 7E
TX:	5:06:20 PM	7E A0 07 03 25 B1 7F 64 7E
RX:	5:06:20 PM	7E A8 89 25 03 BA A1 A1 03 0F 02 16 03 00 01 01 02 02 0F 01 16 01 02 04 12 00 35 11 00 09 06 00 00 1A 03 00 FF 02 02 01 08 02 03 0F 01 16 01 00 02 03 0F 02 16 03 00 02 03 0F 03 16 03 00 02 03 0F 04 16 03 00 02 03 0F 05 16 03 00 02 03 0F 06 16 03 00 02 03 0F 07 16 03 00 02 03 0F 08 16 03 00 01 01 02 02 0F 01 16 01 02 04 12 00 34 11 00 09 06 00 00 1A 02 00 FF 02 02 01 05 02 03 0F 01 16 01 00 02 03 0F 02 16 F0 E2 7E
TX:	5:06:20 PM	7E A0 07 03 25 D1 79 07 7E
RX:	5:06:20 PM	7E A8 89 25 03 BC 97 C4 03 00 02 03 0F 03 16 03 00 02 03 0F 04 16 03 00 02 03 0F 05 16 03 00 01 00 02 04 12 00 5C 11 03 09 06 00 00 1D 02 00 FF 02 02 01 17 02 03 0F 01 16 01 00 02 03 0F 02 16 03 00 02 03 0F 03 16 03 00 02 03 0F 04 16 03 00 02 03 0F 05 16 03 00 02 03 0F 06 16 03 00 02 03 0F 07 16 03 00 02 03 0F 08 16 03 00 02 03 0F 09 16 03 00 02 03 0F 0A 16 03 00 02 03 0F 0B 16 03 00 02 03 0F 0C 16 03 00 29 53 7E
TX:	5:06:20 PM	7E A0 07 03 25 F1 7B 26 7E
RX:	5:06:20 PM	7E A8 89 25 03 BE 85 E7 02 03 0F 0D 16 03 00 02 03 0F 0E 16 03 00 02 03 0F 0F 16 03 00 02 03 0F 10 16 03 00 02 03 0F 11 16 03 00 02 03 0F 12 16 03 00 02 03 0F 13 16 03 00 02 03 0F 14 16 03 00 02 03 0F 15 16 03 00 02 03 0F 16 16 03 00 02 03 0F 17 16 03 00 01 00 02 04 12 00 5A 11 01 09 06 00 00 1D 00 00 FF 02 02 01 0A 02 03 0F 01 16 01 00 02 03 0F 02 16 03 00 02 03 0F 03 16 03 00 02 03 0F 04 16 03 00 02 03 40 5D 7E
TX:	5:06:20 PM	7E A0 07 03 25 11 75 C1 7E
RX:	5:06:20 PM	7E A8 89 25 03 B0 FB 0E 0F 05 16 03 00 02 03 0F 06 16 03 00 02 03 0F 07 16 03 00 02 03 0F 08 16 03 00 02 03 0F 09 16 03 00 02 03 0F 0A 16 03 00 01 01 02 02 0F 01 16 01 02 04 12 00 5B 11 03 09 06 00 00 1D 01 00 FF 02 02 01 1A 02 03 0F 01 16 01 00 02 03 0F 02 16 03 00 02 03 0F 03 16 03 00 02 03 0F 04 16 03 00 02 03 0F 05 16 03 00 02 03 0F 06 16 03 00 02 03 0F 07 16 03 00 02 03 0F 08 16 03 00 02 03 0F 09 16 B3 5B 7E
TX:	5:06:20 PM	7E A0 07 03 25 31 77 E0 7E
RX:	5:06:20 PM	7E A8 89 25 03 B2 E9 2D 03 00 02 03 0F 0A 16 03 00 02 03 0F 0B 16 03 00 02 03 0F 0C 16 03 00 02 03 0F 0D 16 03 00 02 03 0F 0E 16 03 00 02 03 0F 0F 16 03 00 02 03 0F 10 16 03 00 02 03 0F 11 16 03 00 02 03 0F 12 16 03 00 02 03 0F 13 16 03 00 02 03 0F 14 16 03 00 02 03 0F 15 16 03 00 02 03 0F 16 16 03 00 02 03 0F 17 16 03 00 02 03 0F 18 16 03 00 02 03 0F 19 16 03 00 02 03 0F 1A 16 03 00 01 02 02 02 0F 01 16 B8 2C 7E
TX:	5:06:20 PM	7E A0 07 03 25 51 71 83 7E
RX:	5:06:20 PM	7E A8 89 25 03 B4 DF 48 01 02 02 0F 02 16 01 02 04 12 00 6F 11 00 09 06 00 00 13 00 00 FF 02 02 01 13 02 03 0F 01 16 01 00 02 03 0F 02 16 03 00 02 03 0F 03 16 03 00 02 03 0F 04 16 03 00 02 03 0F 05 16 03 00 02 03 0F 06 16 03 00 02 03 0F 07 16 03 00 02 03 0F 08 16 03 00 02 03 0F 09 16 03 00 02 03 0F 0A 16 03 00 02 03 0F 0B 16 03 00 02 03 0F 0C 16 03 00 02 03 0F 0D 16 03 00 02 03 0F 0E 16 03 00 02 03 0F 0F 65 D0 7E
TX:	5:06:20 PM	7E A0 07 03 25 71 73 A2 7E
RX:	5:06:20 PM	7E A8 89 25 03 B6 CD 6B 16 03 00 02 03 0F 10 16 03 00 02 03 0F 11 16 03 00 02 03 0F 12 16 03 00 02 03 0F 13 16 03 00 01 03 02 02 0F 01 16 01 02 02 0F 02 16 01 02 02 0F 03 16 01 02 04 12 00 70 11 00 09 06 00 00 13 0A 00 FF 02 02 01 0B 02 03 0F 01 16 01 00 02 03 0F 02 16 03 00 02 03 0F 03 16 03 00 02 03 0F 04 16 03 00 02 03 0F 05 16 03 00 02 03 0F 06 16 03 00 02 03 0F 07 16 03 00 02 03 0F 08 16 03 00 02 03 6B F6 7E
TX:	5:06:20 PM	7E A0 07 03 25 91 7D 45 7E
RX:	5:06:20 PM	7E A0 0E 25 03 B8 DC A2 0F 09 16 03 00 CB 66 7E
TX:	5:06:21 PM	7E A0 13 03 25 BA E1 6B E6 E6 00 E0 81 00 03 00 03 00 12 8A 7E
RX:	5:06:21 PM	7E A8 89 25 03 DA A7 C2 E6 E7 00 E0 81 00 04 00 03 82 03 A6 02 03 0F 0A 16 03 00 02 03 0F 0B 16 03 00 01 03 02 02 0F 01 16 01 02 02 0F 02 16 01 02 02 0F 03 16 01 02 04 12 00 71 11 00 09 06 00 00 13 14 00 FF 02 02 01 0D 02 03 0F 01 16 01 00 02 03 0F 02 16 03 00 02 03 0F 03 16 03 00 02 03 0F 04 16 03 00 02 03 0F 05 16 03 00 02 03 0F 06 16 03 00 02 03 0F 07 16 03 00 02 03 0F 08 16 03 00 02 03 0F 09 16 03 00 C1 38 7E
TX:	5:06:21 PM	7E A0 07 03 25 D1 79 07 7E
RX:	5:06:21 PM	7E A8 89 25 03 DC 91 A7 02 03 0F 0A 16 03 00 02 03 0F 0B 16 03 00 02 03 0F 0C 16 03 00 02 03 0F 0D 16 03 00 01 05 02 02 0F 01 16 01 02 02 0F 02 16 01 02 02 0F 03 16 01 02 02 0F 04 16 01 02 02 0F 05 16 01 02 04 12 00 73 11 00 09 06 00 00 13 28 00 FF 02 02 01 06 02 03 0F 01 16 01 00 02 03 0F 02 16 03 00 02 03 0F 03 16 03 00 02 03 0F 04 16 03 00 02 03 0F 05 16 03 00 02 03 0F 06 16 03 00 01 01 02 02 0F 01 16 0C 75 7E
TX:	5:06:21 PM	7E A0 07 03 25 F1 7B 26 7E
RX:	5:06:21 PM	7E A8 89 25 03 DE 83 84 01 02 04 12 00 3E 11 01 09 06 00 00 42 00 01 FF 02 02 01 06 02 03 0F 01 16 01 00 02 03 0F 02 16 03 00 02 03 0F 03 16 03 00 02 03 0F 04 16 03 00 02 03 0F 05 16 03 00 02 03 0F 06 16 03 00 01 02 02 02 0F 01 16 01 02 02 0F 02 16 01 02 04 12 00 46 11 01 09 06 00 00 60 03 0A FF 02 02 01 04 02 03 0F 01 16 01 00 02 03 0F 02 16 03 00 02 03 0F 03 16 03 00 02 03 0F 04 16 03 00 01 02 02 02 0F DA 6F 7E
TX:	5:06:21 PM	7E A0 07 03 25 11 75 C1 7E
RX:	5:06:21 PM	7E A8 89 25 03 D0 FD 6D 01 16 01 02 02 0F 02 16 01 02 04 12 00 50 11 00 09 06 00 00 1C 00 00 FF 02 02 01 03 02 03 0F 01 16 01 00 02 03 0F 02 16 03 00 02 03 0F 03 16 03 00 01 01 02 02 0F 01 16 01 02 04 12 00 51 11 00 09 06 00 00 1C 01 00 FF 02 02 01 05 02 03 0F 01 16 01 00 02 03 0F 02 16 03 00 02 03 0F 03 16 03 00 02 03 0F 04 16 03 00 02 03 0F 05 16 03 00 01 01 02 02 0F 01 16 01 02 04 12 00 52 11 00 09 06 A0 81 7E
TX:	5:06:21 PM	7E A0 07 03 25 31 77 E0 7E
RX:	5:06:21 PM	7E A8 89 25 03 D2 EF 4E 00 00 1C 02 00 FF 02 02 01 08 02 03 0F 01 16 01 00 02 03 0F 02 16 03 00 02 03 0F 03 16 03 00 02 03 0F 04 16 03 00 02 03 0F 05 16 03 00 02 03 0F 06 16 03 00 02 03 0F 07 16 03 00 02 03 0F 08 16 03 00 01 00 02 04 12 00 53 11 00 09 06 00 00 1C 03 00 FF 02 02 01 0E 02 03 0F 01 16 01 00 02 03 0F 02 16 03 00 02 03 0F 03 16 03 00 02 03 0F 04 16 03 00 02 03 0F 05 16 03 00 02 03 0F 06 16 03 0A 0C 7E
TX:	5:06:21 PM	7E A0 07 03 25 51 71 83 7E
RX:	5:06:21 PM	7E A8 89 25 03 D4 D9 2B 00 02 03 0F 07 16 03 00 02 03 0F 08 16 03 00 02 03 0F 09 16 03 00 02 03 0F 0A 16 03 00 02 03 0F 0B 16 03 00 02 03 0F 0C 16 03 00 02 03 0F 0D 16 03 00 02 03 0F 0E 16 03 00 01 00 02 04 12 00 54 11 00 09 06 00 00 1C 04 00 FF 02 02 01 07 02 03 0F 01 16 01 00 02 03 0F 02 16 03 00 02 03 0F 03 16 03 00 02 03 0F 04 16 03 00 02 03 0F 05 16 03 00 02 03 0F 06 16 03 00 02 03 0F 07 16 03 00 01 81 7C 7E
TX:	5:06:21 PM	7E A0 07 03 25 71 73 A2 7E
RX:	5:06:21 PM	7E A8 89 25 03 D6 CB 08 01 02 02 0F 01 16 01 02 04 12 00 55 11 00 09 06 00 00 1C 05 00 FF 02 02 01 06 02 03 0F 01 16 01 00 02 03 0F 02 16 03 00 02 03 0F 03 16 03 00 02 03 0F 04 16 03 00 02 03 0F 05 16 03 00 02 03 0F 06 16 03 00 01 01 02 02 0F 01 16 01 02 04 12 00 56 11 00 09 06 00 00 1C 07 00 FF 02 02 01 04 02 03 0F 01 16 01 00 02 03 0F 02 16 03 00 02 03 0F 03 16 03 00 02 03 0F 04 16 03 00 01 00 02 04 12 37 C1 7E
TX:	5:06:21 PM	7E A0 07 03 25 91 7D 45 7E
RX:	5:06:21 PM	7E A0 3B 25 03 D8 7F E3 00 0A 11 00 09 06 00 00 0C 00 00 FF 02 02 01 02 02 03 0F 01 16 01 00 02 03 0F 02 16 03 00 01 03 02 02 0F 01 16 01 02 02 0F 02 16 01 02 02 0F 03 16 01 D0 8A 7E
TX:	5:06:21 PM	7E A0 19 03 25 BC 79 D2 E6 E6 00 C0 01 C1 00 08 00 00 01 00 00 FF 02 00 60 1A 7E
RX:	5:06:21 PM	7E A0 1E 25 03 FA 6B 00 E6 E7 00 C4 01 C1 00 09 0C 07 E9 0B 0D FF 11 06 15 FF FE 5C 00 D3 37 7E
TX:	5:06:23 PM	7E A0 07 03 25 93 6F 66 7E
TX:	5:06:28 PM	7E A0 07 03 25 93 6F 66 7E
TX:	5:06:33 PM	7E A0 07 03 25 93 6F 66 7E
TX:	5:14:59 PM	7E A0 07 03 25 93 6F 66 7E
RX:	5:14:59 PM	7E A0 1E 25 03 73 A2 19 81 80 12 05 01 80 06 01 80 07 04 00 00 00 01 08 04 00 00 00 01 53 3B 7E
TX:	5:14:59 PM	7E A0 4C 03 25 10 5E 06 E6 E6 00 60 3E A1 09 06 07 60 85 74 05 08 01 01 8A 02 07 80 8B 07 60 85 74 05 08 02 02 AC 12 80 10 17 27 29 68 67 54 31 67 0B 72 72 0B 23 6D 74 5B BE 10 04 0E 01 00 00 00 06 5F 1F 04 00 62 1E 5D FF FF 7F 1E 7E
RX:	5:14:59 PM	7E A0 58 25 03 30 10 34 E6 E7 00 61 4A A1 09 06 07 60 85 74 05 08 01 01 A2 03 02 01 00 A3 05 A1 03 02 01 0E 88 02 07 80 89 07 60 85 74 05 08 02 02 AA 12 80 10 50 5A 55 32 1E 2F 68 18 5B 47 68 0E 28 00 6B 72 BE 10 04 0E 08 00 06 5F 1F 04 00 62 1E 5D 04 00 00 07 69 09 7E
TX:	5:14:59 PM	7E A0 2B 03 25 32 8B CA E6 E6 00 C3 01 C1 00 0F 00 00 28 00 00 FF 01 01 09 10 D4 4C 7E 5D 82 16 22 8C 14 C8 E8 82 FF 2B 1C 39 24 C4 7E
RX:	5:14:59 PM	7E A0 24 25 03 52 75 B9 E6 E7 00 C7 01 C1 00 01 00 09 10 10 A9 59 7F 5A 8E 42 3B 17 76 60 4B A0 C5 5C 56 1F B3 7E
TX:	5:14:59 PM	7E A0 19 03 25 54 3F B9 E6 E6 00 C0 01 C1 00 0F 00 00 28 00 00 FF 02 00 91 53 7E
RX:	5:14:59 PM	7E A8 89 25 03 74 D3 8E E6 E7 00 E0 01 00 01 00 00 82 03 F9 C4 01 C1 00 01 30 02 04 12 00 0F 11 03 09 06 00 00 28 00 00 FF 02 02 01 0B 02 03 0F 01 16 01 00 02 03 0F 02 16 03 00 02 03 0F 03 16 03 00 02 03 0F 04 16 03 00 02 03 0F 05 16 03 00 02 03 0F 06 16 03 00 02 03 0F 07 16 03 00 02 03 0F 08 16 03 00 02 03 0F 09 16 03 00 02 03 0F 0A 16 03 00 02 03 0F 0B 16 03 00 01 06 02 02 0F 01 16 01 02 02 0F 02 16 01 3B C7 7E
TX:	5:14:59 PM	7E A0 07 03 25 71 73 A2 7E
RX:	5:14:59 PM	7E A8 89 25 03 76 C1 AD 02 02 0F 03 16 01 02 02 0F 04 16 01 02 02 0F 05 16 01 02 02 0F 06 16 01 02 04 12 00 17 11 01 09 06 00 00 16 00 00 FF 02 02 01 09 02 03 0F 01 16 01 00 02 03 0F 02 16 03 00 02 03 0F 03 16 03 00 02 03 0F 04 16 03 00 02 03 0F 05 16 03 00 02 03 0F 06 16 03 00 02 03 0F 07 16 03 00 02 03 0F 08 16 03 00 02 03 0F 09 16 03 00 01 00 02 04 12 00 08 11 00 09 06 00 00 01 00 00 FF 02 02 01 09 02 1A 65 7E
TX:	5:14:59 PM	7E A0 07 03 25 91 7D 45 7E
RX:	5:14:59 PM	7E A8 89 25 03 78 BF 44 03 0F 01 16 01 00 02 03 0F 02 16 03 00 02 03 0F 03 16 03 00 02 03 0F 04 16 03 00 02 03 0F 05 16 03 00 02 03 0F 06 16 03 00 02 03 0F 07 16 03 00 02 03 0F 08 16 03 00 02 03 0F 09 16 03 00 01 06 02 02 0F 01 16 01 02 02 0F 02 16 01 02 02 0F 03 16 01 02 02 0F 04 16 01 02 02 0F 05 16 01 02 02 0F 06 16 01 02 04 12 00 0F 11 03 09 06 00 00 28 00 03 FF 02 02 01 0B 02 03 0F 01 16 01 00 02 03 7E 56 7E
TX:	5:14:59 PM	7E A0 07 03 25 B1 7F 64 7E
RX:	5:14:59 PM	7E A8 89 25 03 7A AD 67 0F 02 16 03 00 02 03 0F 03 16 03 00 02 03 0F 04 16 03 00 02 03 0F 05 16 03 00 02 03 0F 06 16 03 00 02 03 0F 07 16 03 00 02 03 0F 08 16 03 00 02 03 0F 09 16 03 00 02 03 0F 0A 16 03 00 02 03 0F 0B 16 03 00 01 06 02 02 0F 01 16 01 02 02 0F 02 16 01 02 02 0F 03 16 01 02 02 0F 04 16 01 02 02 0F 05 16 01 02 02 0F 06 16 01 02 04 12 00 40 11 01 09 06 00 00 2B 00 07 FF 02 02 01 06 02 03 0F 6C BA 7E
TX:	5:14:59 PM	7E A0 07 03 25 D1 79 07 7E
RX:	5:14:59 PM	7E A8 89 25 03 7C 9B 02 01 16 01 00 02 03 0F 02 16 03 00 02 03 0F 03 16 03 00 02 03 0F 04 16 03 00 02 03 0F 05 16 03 00 02 03 0F 06 16 03 00 01 08 02 02 0F 01 16 01 02 02 0F 02 16 01 02 02 0F 03 16 01 02 02 0F 04 16 01 02 02 0F 05 16 01 02 02 0F 06 16 01 02 02 0F 07 16 01 02 02 0F 08 16 01 02 04 12 00 40 11 01 09 06 00 00 2B 00 08 FF 02 02 01 06 02 03 0F 01 16 01 00 02 03 0F 02 16 03 00 02 03 0F 03 16 03 BD 4F 7E
TX:	5:14:59 PM	7E A0 07 03 25 F1 7B 26 7E
RX:	5:14:59 PM	7E A8 89 25 03 7E 89 21 00 02 03 0F 04 16 03 00 02 03 0F 05 16 03 00 02 03 0F 06 16 03 00 01 08 02 02 0F 01 16 01 02 02 0F 02 16 01 02 02 0F 03 16 01 02 02 0F 04 16 01 02 02 0F 05 16 01 02 02 0F 06 16 01 02 02 0F 07 16 01 02 02 0F 08 16 01 02 04 12 00 01 11 00 09 06 00 00 2B 01 08 FF 02 02 01 02 02 03 0F 01 16 01 00 02 03 0F 02 16 03 00 01 00 02 04 12 00 01 11 00 09 06 00 00 2A 00 00 FF 02 02 01 02 02 03 3F FF 7E
TX:	5:14:59 PM	7E A0 07 03 25 11 75 C1 7E
RX:	5:14:59 PM	7E A8 89 25 03 70 F7 C8 0F 01 16 01 00 02 03 0F 02 16 03 00 01 00 02 04 12 00 01 11 00 09 06 01 00 00 02 00 FF 02 02 01 02 02 03 0F 01 16 01 00 02 03 0F 02 16 03 00 01 00 02 04 12 00 01 11 00 09 06 00 00 2B 01 00 FF 02 02 01 02 02 03 0F 01 16 01 00 02 03 0F 02 16 03 00 01 00 02 04 12 00 03 11 00 09 06 01 01 15 19 00 FF 02 02 01 03 02 03 0F 01 16 01 00 02 03 0F 02 16 03 00 02 03 0F 03 16 03 00 01 01 02 02 05 D2 7E
TX:	5:14:59 PM	7E A0 07 03 25 31 77 E0 7E
RX:	5:14:59 PM	7E A8 89 25 03 72 E5 EB 0F 01 16 01 02 04 12 00 1D 11 02 09 06 00 00 02 01 00 FF 02 02 01 06 02 03 0F 01 16 01 00 02 03 0F 02 16 03 00 02 03 0F 03 16 03 00 02 03 0F 04 16 03 00 02 03 0F 05 16 03 00 02 03 0F 06 16 03 00 01 01 02 02 0F 01 16 01 02 04 12 00 14 11 00 09 06 00 00 0D 00 00 FF 02 02 01 0A 02 03 0F 01 16 01 00 02 03 0F 02 16 03 00 02 03 0F 03 16 03 00 02 03 0F 04 16 03 00 02 03 0F 05 16 03 00 02 55 76 7E
TX:	5:14:59 PM	7E A0 07 03 25 51 71 83 7E
RX:	5:14:59 PM	7E A0 0E 25 03 74 BC AE 03 0F 06 16 03 46 06 7E
TX:	5:14:59 PM	7E A0 13 03 25 76 81 67 E6 E6 00 E0 81 00 01 00 01 00 D4 80 7E
RX:	5:14:59 PM	7E A8 89 25 03 96 CF 4A E6 E7 00 E0 01 00 02 00 01 82 03 F9 00 02 03 0F 07 16 03 00 02 03 0F 08 16 03 00 02 03 0F 09 16 03 00 02 03 0F 0A 16 03 00 01 01 02 02 0F 01 16 01 02 04 12 00 13 11 01 09 06 00 00 14 00 00 FF 02 02 01 09 02 03 0F 01 16 01 00 02 03 0F 02 16 03 00 02 03 0F 03 16 03 00 02 03 0F 04 16 03 00 02 03 0F 05 16 03 00 02 03 0F 06 16 03 00 02 03 0F 07 16 03 00 02 03 0F 08 16 03 00 02 03 0F 09 AC 90 7E
TX:	5:14:59 PM	7E A0 07 03 25 91 7D 45 7E
RX:	5:14:59 PM	7E A8 89 25 03 98 B1 A3 16 03 00 01 00 02 04 12 00 05 11 00 09 06 01 00 1F 04 00 FF 02 02 01 09 02 03 0F 01 16 01 00 02 03 0F 02 16 03 00 02 03 0F 03 16 03 00 02 03 0F 04 16 03 00 02 03 0F 05 16 03 00 02 03 0F 06 16 03 00 02 03 0F 07 16 03 00 02 03 0F 08 16 03 00 02 03 0F 09 16 03 00 01 02 02 02 0F 01 16 01 02 02 0F 02 16 01 02 04 12 00 15 11 00 09 06 00 00 10 01 00 FF 02 02 01 04 02 03 0F 01 16 01 00 02 C4 BC 7E
TX:	5:14:59 PM	7E A0 07 03 25 B1 7F 64 7E
RX:	5:14:59 PM	7E A8 89 25 03 9A A3 80 03 0F 02 16 03 00 02 03 0F 03 16 03 00 02 03 0F 04 16 03 00 01 00 02 04 12 00 09 11 00 09 06 00 01 0A 01 65 FF 02 02 01 02 02 03 0F 01 16 01 00 02 03 0F 02 16 03 00 01 01 02 02 0F 01 16 01 02 04 12 00 16 11 00 09 06 00 00 0F 00 00 FF 02 02 01 04 02 03 0F 01 16 01 00 02 03 0F 02 16 03 00 02 03 0F 03 16 03 00 02 03 0F 04 16 03 00 01 00 02 04 12 00 11 11 00 09 06 00 00 29 00 00 FF 02 35 FA 7E
TX:	5:14:59 PM	7E A0 07 03 25 D1 79 07 7E
RX:	5:14:59 PM	7E A8 89 25 03 9C 95 E5 02 01 02 02 03 0F 01 16 01 00 02 03 0F 02 16 03 00 01 01 02 02 0F 01 16 01 02 04 12 00 1C 11 02 09 06 00 00 02 02 00 FF 02 02 01 07 02 03 0F 01 16 01 00 02 03 0F 02 16 03 00 02 03 0F 03 16 03 00 02 03 0F 04 16 03 00 02 03 0F 05 16 03 00 02 03 0F 06 16 03 00 02 03 0F 07 16 03 00 01 00 02 04 12 00 1B 11 00 09 06 00 00 02 00 00 FF 02 02 01 04 02 03 0F 01 16 01 00 02 03 0F 02 16 03 00 00 43 7E
TX:	5:14:59 PM	7E A0 07 03 25 F1 7B 26 7E
RX:	5:14:59 PM	7E A8 89 25 03 9E 87 C6 02 03 0F 03 16 03 00 02 03 0F 04 16 03 00 01 00 02 04 12 00 2B 11 00 09 06 00 00 19 02 00 FF 02 02 01 02 02 03 0F 01 16 01 00 02 03 0F 02 16 03 00 01 00 02 04 12 00 12 11 00 09 06 00 00 2C 00 00 FF 02 02 01 07 02 03 0F 01 16 01 00 02 03 0F 02 16 03 00 02 03 0F 03 16 03 00 02 03 0F 04 16 03 00 02 03 0F 05 16 03 00 02 03 0F 06 16 03 00 02 03 0F 07 16 03 00 01 04 02 02 0F 01 16 01 02 50 8B 7E
TX:	5:14:59 PM	7E A0 07 03 25 11 75 C1 7E
RX:	5:14:59 PM	7E A8 89 25 03 90 F9 2F 02 0F 02 16 01 02 02 0F 03 16 01 02 02 0F 04 16 01 02 04 12 00 2A 11 00 09 06 00 00 19 01 00 FF 02 02 01 0A 02 03 0F 01 16 01 00 02 03 0F 02 16 03 00 02 03 0F 03 16 03 00 02 03 0F 04 16 03 00 02 03 0F 05 16 03 00 02 03 0F 06 16 03 00 02 03 0F 07 16 03 00 02 03 0F 08 16 03 00 02 03 0F 09 16 03 00 02 03 0F 0A 16 03 00 01 03 02 02 0F 01 16 01 02 02 0F 02 16 01 02 02 0F 03 16 01 02 04 B7 DD 7E
TX:	5:14:59 PM	7E A0 07 03 25 31 77 E0 7E
RX:	5:14:59 PM	7E A8 89 25 03 92 EB 0C 12 00 30 11 00 09 06 00 00 19 07 00 FF 02 02 01 0A 02 03 0F 01 16 01 00 02 03 0F 02 16 03 00 02 03 0F 03 16 03 00 02 03 0F 04 16 03 00 02 03 0F 05 16 03 00 02 03 0F 06 16 03 00 02 03 0F 07 16 03 00 02 03 0F 08 16 03 00 02 03 0F 09 16 03 00 02 03 0F 0A 16 03 00 01 02 02 02 0F 01 16 01 02 02 0F 02 16 01 02 04 12 00 28 11 00 09 06 00 00 19 09 00 FF 02 02 01 07 02 03 0F 01 16 01 00 02 D5 E8 7E
TX:	5:14:59 PM	7E A0 07 03 25 51 71 83 7E
RX:	5:14:59 PM	7E A8 89 25 03 94 DD 69 03 0F 02 16 03 00 02 03 0F 03 16 03 00 02 03 0F 04 16 03 00 02 03 0F 05 16 03 00 02 03 0F 06 16 03 00 02 03 0F 07 16 03 00 01 01 02 02 0F 01 16 01 02 04 12 00 0B 11 00 09 06 00 00 0B 00 00 FF 02 02 01 02 02 03 0F 01 16 01 00 02 03 0F 02 16 03 00 01 02 02 02 0F 01 16 01 02 02 0F 02 16 01 02 04 12 00 32 11 00 09 06 00 00 1A 00 00 FF 02 02 01 0F 02 03 0F 01 16 01 00 02 03 0F 02 16 03 91 1A 7E
TX:	5:14:59 PM	7E A0 07 03 25 71 73 A2 7E
RX:	5:14:59 PM	7E A0 0E 25 03 96 A0 6A 00 02 03 0F 03 31 EB 7E
TX:	5:14:59 PM	7E A0 13 03 25 98 F1 69 E6 E6 00 E0 81 00 02 00 02 00 71 8F 7E
RX:	5:14:59 PM	7E A8 89 25 03 B8 B3 82 E6 E7 00 E0 01 00 03 00 02 82 03 F9 16 03 00 02 03 0F 04 16 03 00 02 03 0F 05 16 03 00 02 03 0F 06 16 03 00 02 03 0F 07 16 03 00 02 03 0F 08 16 03 00 02 03 0F 09 16 03 00 02 03 0F 0A 16 03 00 02 03 0F 0B 16 03 00 02 03 0F 0C 16 03 00 02 03 0F 0D 16 03 00 02 03 0F 0E 16 03 00 02 03 0F 0F 16 03 00 01 00 02 04 12 00 33 11 00 09 06 00 00 1A 01 00 FF 02 02 01 02 02 03 0F 01 16 01 00 02 04 65 7E
TX:	5:14:59 PM	7E A0 07 03 25 B1 7F 64 7E
RX:	5:14:59 PM	7E A8 89 25 03 BA A1 A1 03 0F 02 16 03 00 01 01 02 02 0F 01 16 01 02 04 12 00 35 11 00 09 06 00 00 1A 03 00 FF 02 02 01 08 02 03 0F 01 16 01 00 02 03 0F 02 16 03 00 02 03 0F 03 16 03 00 02 03 0F 04 16 03 00 02 03 0F 05 16 03 00 02 03 0F 06 16 03 00 02 03 0F 07 16 03 00 02 03 0F 08 16 03 00 01 01 02 02 0F 01 16 01 02 04 12 00 34 11 00 09 06 00 00 1A 02 00 FF 02 02 01 05 02 03 0F 01 16 01 00 02 03 0F 02 16 F0 E2 7E
TX:	5:14:59 PM	7E A0 07 03 25 D1 79 07 7E
RX:	5:14:59 PM	7E A8 89 25 03 BC 97 C4 03 00 02 03 0F 03 16 03 00 02 03 0F 04 16 03 00 02 03 0F 05 16 03 00 01 00 02 04 12 00 5C 11 03 09 06 00 00 1D 02 00 FF 02 02 01 17 02 03 0F 01 16 01 00 02 03 0F 02 16 03 00 02 03 0F 03 16 03 00 02 03 0F 04 16 03 00 02 03 0F 05 16 03 00 02 03 0F 06 16 03 00 02 03 0F 07 16 03 00 02 03 0F 08 16 03 00 02 03 0F 09 16 03 00 02 03 0F 0A 16 03 00 02 03 0F 0B 16 03 00 02 03 0F 0C 16 03 00 29 53 7E
TX:	5:14:59 PM	7E A0 07 03 25 F1 7B 26 7E
RX:	5:14:59 PM	7E A8 89 25 03 BE 85 E7 02 03 0F 0D 16 03 00 02 03 0F 0E 16 03 00 02 03 0F 0F 16 03 00 02 03 0F 10 16 03 00 02 03 0F 11 16 03 00 02 03 0F 12 16 03 00 02 03 0F 13 16 03 00 02 03 0F 14 16 03 00 02 03 0F 15 16 03 00 02 03 0F 16 16 03 00 02 03 0F 17 16 03 00 01 00 02 04 12 00 5A 11 01 09 06 00 00 1D 00 00 FF 02 02 01 0A 02 03 0F 01 16 01 00 02 03 0F 02 16 03 00 02 03 0F 03 16 03 00 02 03 0F 04 16 03 00 02 03 40 5D 7E
TX:	5:14:59 PM	7E A0 07 03 25 11 75 C1 7E
RX:	5:14:59 PM	7E A8 89 25 03 B0 FB 0E 0F 05 16 03 00 02 03 0F 06 16 03 00 02 03 0F 07 16 03 00 02 03 0F 08 16 03 00 02 03 0F 09 16 03 00 02 03 0F 0A 16 03 00 01 01 02 02 0F 01 16 01 02 04 12 00 5B 11 03 09 06 00 00 1D 01 00 FF 02 02 01 1A 02 03 0F 01 16 01 00 02 03 0F 02 16 03 00 02 03 0F 03 16 03 00 02 03 0F 04 16 03 00 02 03 0F 05 16 03 00 02 03 0F 06 16 03 00 02 03 0F 07 16 03 00 02 03 0F 08 16 03 00 02 03 0F 09 16 B3 5B 7E
TX:	5:14:59 PM	7E A0 07 03 25 31 77 E0 7E
RX:	5:14:59 PM	7E A8 89 25 03 B2 E9 2D 03 00 02 03 0F 0A 16 03 00 02 03 0F 0B 16 03 00 02 03 0F 0C 16 03 00 02 03 0F 0D 16 03 00 02 03 0F 0E 16 03 00 02 03 0F 0F 16 03 00 02 03 0F 10 16 03 00 02 03 0F 11 16 03 00 02 03 0F 12 16 03 00 02 03 0F 13 16 03 00 02 03 0F 14 16 03 00 02 03 0F 15 16 03 00 02 03 0F 16 16 03 00 02 03 0F 17 16 03 00 02 03 0F 18 16 03 00 02 03 0F 19 16 03 00 02 03 0F 1A 16 03 00 01 02 02 02 0F 01 16 B8 2C 7E
TX:	5:14:59 PM	7E A0 07 03 25 51 71 83 7E
RX:	5:14:59 PM	7E A8 89 25 03 B4 DF 48 01 02 02 0F 02 16 01 02 04 12 00 6F 11 00 09 06 00 00 13 00 00 FF 02 02 01 13 02 03 0F 01 16 01 00 02 03 0F 02 16 03 00 02 03 0F 03 16 03 00 02 03 0F 04 16 03 00 02 03 0F 05 16 03 00 02 03 0F 06 16 03 00 02 03 0F 07 16 03 00 02 03 0F 08 16 03 00 02 03 0F 09 16 03 00 02 03 0F 0A 16 03 00 02 03 0F 0B 16 03 00 02 03 0F 0C 16 03 00 02 03 0F 0D 16 03 00 02 03 0F 0E 16 03 00 02 03 0F 0F 65 D0 7E
TX:	5:14:59 PM	7E A0 07 03 25 71 73 A2 7E
RX:	5:14:59 PM	7E A8 89 25 03 B6 CD 6B 16 03 00 02 03 0F 10 16 03 00 02 03 0F 11 16 03 00 02 03 0F 12 16 03 00 02 03 0F 13 16 03 00 01 03 02 02 0F 01 16 01 02 02 0F 02 16 01 02 02 0F 03 16 01 02 04 12 00 70 11 00 09 06 00 00 13 0A 00 FF 02 02 01 0B 02 03 0F 01 16 01 00 02 03 0F 02 16 03 00 02 03 0F 03 16 03 00 02 03 0F 04 16 03 00 02 03 0F 05 16 03 00 02 03 0F 06 16 03 00 02 03 0F 07 16 03 00 02 03 0F 08 16 03 00 02 03 6B F6 7E
TX:	5:14:59 PM	7E A0 07 03 25 91 7D 45 7E
RX:	5:14:59 PM	7E A0 0E 25 03 B8 DC A2 0F 09 16 03 00 CB 66 7E
TX:	5:14:59 PM	7E A0 13 03 25 BA E1 6B E6 E6 00 E0 81 00 03 00 03 00 12 8A 7E
RX:	5:14:59 PM	7E A8 89 25 03 DA A7 C2 E6 E7 00 E0 81 00 04 00 03 82 03 A6 02 03 0F 0A 16 03 00 02 03 0F 0B 16 03 00 01 03 02 02 0F 01 16 01 02 02 0F 02 16 01 02 02 0F 03 16 01 02 04 12 00 71 11 00 09 06 00 00 13 14 00 FF 02 02 01 0D 02 03 0F 01 16 01 00 02 03 0F 02 16 03 00 02 03 0F 03 16 03 00 02 03 0F 04 16 03 00 02 03 0F 05 16 03 00 02 03 0F 06 16 03 00 02 03 0F 07 16 03 00 02 03 0F 08 16 03 00 02 03 0F 09 16 03 00 C1 38 7E
TX:	5:14:59 PM	7E A0 07 03 25 D1 79 07 7E
RX:	5:14:59 PM	7E A8 89 25 03 DC 91 A7 02 03 0F 0A 16 03 00 02 03 0F 0B 16 03 00 02 03 0F 0C 16 03 00 02 03 0F 0D 16 03 00 01 05 02 02 0F 01 16 01 02 02 0F 02 16 01 02 02 0F 03 16 01 02 02 0F 04 16 01 02 02 0F 05 16 01 02 04 12 00 73 11 00 09 06 00 00 13 28 00 FF 02 02 01 06 02 03 0F 01 16 01 00 02 03 0F 02 16 03 00 02 03 0F 03 16 03 00 02 03 0F 04 16 03 00 02 03 0F 05 16 03 00 02 03 0F 06 16 03 00 01 01 02 02 0F 01 16 0C 75 7E
TX:	5:14:59 PM	7E A0 07 03 25 F1 7B 26 7E
RX:	5:14:59 PM	7E A8 89 25 03 DE 83 84 01 02 04 12 00 3E 11 01 09 06 00 00 42 00 01 FF 02 02 01 06 02 03 0F 01 16 01 00 02 03 0F 02 16 03 00 02 03 0F 03 16 03 00 02 03 0F 04 16 03 00 02 03 0F 05 16 03 00 02 03 0F 06 16 03 00 01 02 02 02 0F 01 16 01 02 02 0F 02 16 01 02 04 12 00 46 11 01 09 06 00 00 60 03 0A FF 02 02 01 04 02 03 0F 01 16 01 00 02 03 0F 02 16 03 00 02 03 0F 03 16 03 00 02 03 0F 04 16 03 00 01 02 02 02 0F DA 6F 7E
TX:	5:14:59 PM	7E A0 07 03 25 11 75 C1 7E
RX:	5:14:59 PM	7E A8 89 25 03 D0 FD 6D 01 16 01 02 02 0F 02 16 01 02 04 12 00 50 11 00 09 06 00 00 1C 00 00 FF 02 02 01 03 02 03 0F 01 16 01 00 02 03 0F 02 16 03 00 02 03 0F 03 16 03 00 01 01 02 02 0F 01 16 01 02 04 12 00 51 11 00 09 06 00 00 1C 01 00 FF 02 02 01 05 02 03 0F 01 16 01 00 02 03 0F 02 16 03 00 02 03 0F 03 16 03 00 02 03 0F 04 16 03 00 02 03 0F 05 16 03 00 01 01 02 02 0F 01 16 01 02 04 12 00 52 11 00 09 06 A0 81 7E
TX:	5:14:59 PM	7E A0 07 03 25 31 77 E0 7E
RX:	5:14:59 PM	7E A8 89 25 03 D2 EF 4E 00 00 1C 02 00 FF 02 02 01 08 02 03 0F 01 16 01 00 02 03 0F 02 16 03 00 02 03 0F 03 16 03 00 02 03 0F 04 16 03 00 02 03 0F 05 16 03 00 02 03 0F 06 16 03 00 02 03 0F 07 16 03 00 02 03 0F 08 16 03 00 01 00 02 04 12 00 53 11 00 09 06 00 00 1C 03 00 FF 02 02 01 0E 02 03 0F 01 16 01 00 02 03 0F 02 16 03 00 02 03 0F 03 16 03 00 02 03 0F 04 16 03 00 02 03 0F 05 16 03 00 02 03 0F 06 16 03 0A 0C 7E
TX:	5:14:59 PM	7E A0 07 03 25 51 71 83 7E
RX:	5:14:59 PM	7E A8 89 25 03 D4 D9 2B 00 02 03 0F 07 16 03 00 02 03 0F 08 16 03 00 02 03 0F 09 16 03 00 02 03 0F 0A 16 03 00 02 03 0F 0B 16 03 00 02 03 0F 0C 16 03 00 02 03 0F 0D 16 03 00 02 03 0F 0E 16 03 00 01 00 02 04 12 00 54 11 00 09 06 00 00 1C 04 00 FF 02 02 01 07 02 03 0F 01 16 01 00 02 03 0F 02 16 03 00 02 03 0F 03 16 03 00 02 03 0F 04 16 03 00 02 03 0F 05 16 03 00 02 03 0F 06 16 03 00 02 03 0F 07 16 03 00 01 81 7C 7E
TX:	5:14:59 PM	7E A0 07 03 25 71 73 A2 7E
RX:	5:14:59 PM	7E A8 89 25 03 D6 CB 08 01 02 02 0F 01 16 01 02 04 12 00 55 11 00 09 06 00 00 1C 05 00 FF 02 02 01 06 02 03 0F 01 16 01 00 02 03 0F 02 16 03 00 02 03 0F 03 16 03 00 02 03 0F 04 16 03 00 02 03 0F 05 16 03 00 02 03 0F 06 16 03 00 01 01 02 02 0F 01 16 01 02 04 12 00 56 11 00 09 06 00 00 1C 07 00 FF 02 02 01 04 02 03 0F 01 16 01 00 02 03 0F 02 16 03 00 02 03 0F 03 16 03 00 02 03 0F 04 16 03 00 01 00 02 04 12 37 C1 7E
TX:	5:14:59 PM	7E A0 07 03 25 91 7D 45 7E
RX:	5:14:59 PM	7E A0 3B 25 03 D8 7F E3 00 0A 11 00 09 06 00 00 0C 00 00 FF 02 02 01 02 02 03 0F 01 16 01 00 02 03 0F 02 16 03 00 01 03 02 02 0F 01 16 01 02 02 0F 02 16 01 02 02 0F 03 16 01 D0 8A 7E
TX:	5:14:59 PM	7E A0 19 03 25 BC 79 D2 E6 E6 00 C0 01 C1 00 08 00 00 01 00 00 FF 02 00 60 1A 7E
RX:	5:14:59 PM	7E A0 1E 25 03 FA 6B 00 E6 E7 00 C4 01 C1 00 09 0C 07 E9 0B 0D FF 11 0E 3B FF FE 5C 00 A2 17 7E
TX:	5:16:37 PM	7E A0 07 03 25 53 63 A0 7E
TX:	5:16:42 PM	7E A0 07 03 25 53 63 A0 7E
RX:	5:16:42 PM	7E A0 07 25 03 1F 0A 8A 7E
TX:	5:16:42 PM	7E A0 07 03 25 93 6F 66 7E
TX:	5:16:47 PM	7E A0 07 03 25 93 6F 66 7E
TX:	5:17:09 PM	7E A0 07 03 25 93 6F 66 7E
RX:	5:17:09 PM	7E A0 1E 25 03 73 A2 19 81 80 12 05 01 80 06 01 80 07 04 00 00 00 01 08 04 00 00 00 01 53 3B 7E
TX:	5:17:09 PM	7E A0 4C 03 25 10 5E 06 E6 E6 00 60 3E A1 09 06 07 60 85 74 05 08 01 01 8A 02 07 80 8B 07 60 85 74 05 08 02 02 AC 12 80 10 20 0E 56 06 2B 4B 03 78 1F 1B 37 53 78 43 2E 26 BE 10 04 0E 01 00 00 00 06 5F 1F 04 00 62 1E 5D FF FF 80 4A 7E
RX:	5:17:09 PM	7E A0 58 25 03 30 10 34 E6 E7 00 61 4A A1 09 06 07 60 85 74 05 08 01 01 A2 03 02 01 00 A3 05 A1 03 02 01 0E 88 02 07 80 89 07 60 85 74 05 08 02 02 AA 12 80 10 17 2E 79 6C 6C 68 11 5B 6B 58 00 5D 18 73 63 63 BE 10 04 0E 08 00 06 5F 1F 04 00 62 1E 5D 04 00 00 07 7C B0 7E
TX:	5:17:09 PM	7E A0 2B 03 25 32 8B CA E6 E6 00 C3 01 C1 00 0F 00 00 28 00 00 FF 01 01 09 10 46 22 13 FA 7B 6C 2A A2 AF 37 BD C3 3F 0C E9 C7 AE F8 7E
RX:	5:17:09 PM	7E A0 24 25 03 52 75 B9 E6 E7 00 C7 01 C1 00 01 00 09 10 45 F3 51 91 80 DB C7 CF 89 E8 8F 99 FC A2 70 E1 B1 AE 7E
TX:	5:17:09 PM	7E A0 19 03 25 54 3F B9 E6 E6 00 C0 01 C1 00 0F 00 00 28 00 00 FF 02 00 91 53 7E
RX:	5:17:09 PM	7E A8 89 25 03 74 D3 8E E6 E7 00 E0 01 00 01 00 00 82 03 F9 C4 01 C1 00 01 30 02 04 12 00 0F 11 03 09 06 00 00 28 00 00 FF 02 02 01 0B 02 03 0F 01 16 01 00 02 03 0F 02 16 03 00 02 03 0F 03 16 03 00 02 03 0F 04 16 03 00 02 03 0F 05 16 03 00 02 03 0F 06 16 03 00 02 03 0F 07 16 03 00 02 03 0F 08 16 03 00 02 03 0F 09 16 03 00 02 03 0F 0A 16 03 00 02 03 0F 0B 16 03 00 01 06 02 02 0F 01 16 01 02 02 0F 02 16 01 3B C7 7E
TX:	5:17:09 PM	7E A0 07 03 25 71 73 A2 7E
RX:	5:17:09 PM	7E A8 89 25 03 76 C1 AD 02 02 0F 03 16 01 02 02 0F 04 16 01 02 02 0F 05 16 01 02 02 0F 06 16 01 02 04 12 00 17 11 01 09 06 00 00 16 00 00 FF 02 02 01 09 02 03 0F 01 16 01 00 02 03 0F 02 16 03 00 02 03 0F 03 16 03 00 02 03 0F 04 16 03 00 02 03 0F 05 16 03 00 02 03 0F 06 16 03 00 02 03 0F 07 16 03 00 02 03 0F 08 16 03 00 02 03 0F 09 16 03 00 01 00 02 04 12 00 08 11 00 09 06 00 00 01 00 00 FF 02 02 01 09 02 1A 65 7E
TX:	5:17:09 PM	7E A0 07 03 25 91 7D 45 7E
RX:	5:17:09 PM	7E A8 89 25 03 78 BF 44 03 0F 01 16 01 00 02 03 0F 02 16 03 00 02 03 0F 03 16 03 00 02 03 0F 04 16 03 00 02 03 0F 05 16 03 00 02 03 0F 06 16 03 00 02 03 0F 07 16 03 00 02 03 0F 08 16 03 00 02 03 0F 09 16 03 00 01 06 02 02 0F 01 16 01 02 02 0F 02 16 01 02 02 0F 03 16 01 02 02 0F 04 16 01 02 02 0F 05 16 01 02 02 0F 06 16 01 02 04 12 00 0F 11 03 09 06 00 00 28 00 03 FF 02 02 01 0B 02 03 0F 01 16 01 00 02 03 7E 56 7E
TX:	5:17:09 PM	7E A0 07 03 25 B1 7F 64 7E
RX:	5:17:09 PM	7E A8 89 25 03 7A AD 67 0F 02 16 03 00 02 03 0F 03 16 03 00 02 03 0F 04 16 03 00 02 03 0F 05 16 03 00 02 03 0F 06 16 03 00 02 03 0F 07 16 03 00 02 03 0F 08 16 03 00 02 03 0F 09 16 03 00 02 03 0F 0A 16 03 00 02 03 0F 0B 16 03 00 01 06 02 02 0F 01 16 01 02 02 0F 02 16 01 02 02 0F 03 16 01 02 02 0F 04 16 01 02 02 0F 05 16 01 02 02 0F 06 16 01 02 04 12 00 40 11 01 09 06 00 00 2B 00 07 FF 02 02 01 06 02 03 0F 6C BA 7E
TX:	5:17:09 PM	7E A0 07 03 25 D1 79 07 7E
RX:	5:17:09 PM	7E A8 89 25 03 7C 9B 02 01 16 01 00 02 03 0F 02 16 03 00 02 03 0F 03 16 03 00 02 03 0F 04 16 03 00 02 03 0F 05 16 03 00 02 03 0F 06 16 03 00 01 08 02 02 0F 01 16 01 02 02 0F 02 16 01 02 02 0F 03 16 01 02 02 0F 04 16 01 02 02 0F 05 16 01 02 02 0F 06 16 01 02 02 0F 07 16 01 02 02 0F 08 16 01 02 04 12 00 40 11 01 09 06 00 00 2B 00 08 FF 02 02 01 06 02 03 0F 01 16 01 00 02 03 0F 02 16 03 00 02 03 0F 03 16 03 BD 4F 7E
TX:	5:17:09 PM	7E A0 07 03 25 F1 7B 26 7E
RX:	5:17:09 PM	7E A8 89 25 03 7E 89 21 00 02 03 0F 04 16 03 00 02 03 0F 05 16 03 00 02 03 0F 06 16 03 00 01 08 02 02 0F 01 16 01 02 02 0F 02 16 01 02 02 0F 03 16 01 02 02 0F 04 16 01 02 02 0F 05 16 01 02 02 0F 06 16 01 02 02 0F 07 16 01 02 02 0F 08 16 01 02 04 12 00 01 11 00 09 06 00 00 2B 01 08 FF 02 02 01 02 02 03 0F 01 16 01 00 02 03 0F 02 16 03 00 01 00 02 04 12 00 01 11 00 09 06 00 00 2A 00 00 FF 02 02 01 02 02 03 3F FF 7E
TX:	5:17:09 PM	7E A0 07 03 25 11 75 C1 7E
RX:	5:17:09 PM	7E A8 89 25 03 70 F7 C8 0F 01 16 01 00 02 03 0F 02 16 03 00 01 00 02 04 12 00 01 11 00 09 06 01 00 00 02 00 FF 02 02 01 02 02 03 0F 01 16 01 00 02 03 0F 02 16 03 00 01 00 02 04 12 00 01 11 00 09 06 00 00 2B 01 00 FF 02 02 01 02 02 03 0F 01 16 01 00 02 03 0F 02 16 03 00 01 00 02 04 12 00 03 11 00 09 06 01 01 15 19 00 FF 02 02 01 03 02 03 0F 01 16 01 00 02 03 0F 02 16 03 00 02 03 0F 03 16 03 00 01 01 02 02 05 D2 7E
TX:	5:17:09 PM	7E A0 07 03 25 31 77 E0 7E
RX:	5:17:09 PM	7E A8 89 25 03 72 E5 EB 0F 01 16 01 02 04 12 00 1D 11 02 09 06 00 00 02 01 00 FF 02 02 01 06 02 03 0F 01 16 01 00 02 03 0F 02 16 03 00 02 03 0F 03 16 03 00 02 03 0F 04 16 03 00 02 03 0F 05 16 03 00 02 03 0F 06 16 03 00 01 01 02 02 0F 01 16 01 02 04 12 00 14 11 00 09 06 00 00 0D 00 00 FF 02 02 01 0A 02 03 0F 01 16 01 00 02 03 0F 02 16 03 00 02 03 0F 03 16 03 00 02 03 0F 04 16 03 00 02 03 0F 05 16 03 00 02 55 76 7E
TX:	5:17:09 PM	7E A0 07 03 25 51 71 83 7E
RX:	5:17:09 PM	7E A0 0E 25 03 74 BC AE 03 0F 06 16 03 46 06 7E
TX:	5:17:09 PM	7E A0 13 03 25 76 81 67 E6 E6 00 E0 81 00 01 00 01 00 D4 80 7E
RX:	5:17:09 PM	7E A8 89 25 03 96 CF 4A E6 E7 00 E0 01 00 02 00 01 82 03 F9 00 02 03 0F 07 16 03 00 02 03 0F 08 16 03 00 02 03 0F 09 16 03 00 02 03 0F 0A 16 03 00 01 01 02 02 0F 01 16 01 02 04 12 00 13 11 01 09 06 00 00 14 00 00 FF 02 02 01 09 02 03 0F 01 16 01 00 02 03 0F 02 16 03 00 02 03 0F 03 16 03 00 02 03 0F 04 16 03 00 02 03 0F 05 16 03 00 02 03 0F 06 16 03 00 02 03 0F 07 16 03 00 02 03 0F 08 16 03 00 02 03 0F 09 AC 90 7E
TX:	5:17:09 PM	7E A0 07 03 25 91 7D 45 7E
RX:	5:17:09 PM	7E A8 89 25 03 98 B1 A3 16 03 00 01 00 02 04 12 00 05 11 00 09 06 01 00 1F 04 00 FF 02 02 01 09 02 03 0F 01 16 01 00 02 03 0F 02 16 03 00 02 03 0F 03 16 03 00 02 03 0F 04 16 03 00 02 03 0F 05 16 03 00 02 03 0F 06 16 03 00 02 03 0F 07 16 03 00 02 03 0F 08 16 03 00 02 03 0F 09 16 03 00 01 02 02 02 0F 01 16 01 02 02 0F 02 16 01 02 04 12 00 15 11 00 09 06 00 00 10 01 00 FF 02 02 01 04 02 03 0F 01 16 01 00 02 C4 BC 7E
TX:	5:17:09 PM	7E A0 07 03 25 B1 7F 64 7E
RX:	5:17:09 PM	7E A8 89 25 03 9A A3 80 03 0F 02 16 03 00 02 03 0F 03 16 03 00 02 03 0F 04 16 03 00 01 00 02 04 12 00 09 11 00 09 06 00 01 0A 01 65 FF 02 02 01 02 02 03 0F 01 16 01 00 02 03 0F 02 16 03 00 01 01 02 02 0F 01 16 01 02 04 12 00 16 11 00 09 06 00 00 0F 00 00 FF 02 02 01 04 02 03 0F 01 16 01 00 02 03 0F 02 16 03 00 02 03 0F 03 16 03 00 02 03 0F 04 16 03 00 01 00 02 04 12 00 11 11 00 09 06 00 00 29 00 00 FF 02 35 FA 7E
TX:	5:17:09 PM	7E A0 07 03 25 D1 79 07 7E
RX:	5:17:09 PM	7E A8 89 25 03 9C 95 E5 02 01 02 02 03 0F 01 16 01 00 02 03 0F 02 16 03 00 01 01 02 02 0F 01 16 01 02 04 12 00 1C 11 02 09 06 00 00 02 02 00 FF 02 02 01 07 02 03 0F 01 16 01 00 02 03 0F 02 16 03 00 02 03 0F 03 16 03 00 02 03 0F 04 16 03 00 02 03 0F 05 16 03 00 02 03 0F 06 16 03 00 02 03 0F 07 16 03 00 01 00 02 04 12 00 1B 11 00 09 06 00 00 02 00 00 FF 02 02 01 04 02 03 0F 01 16 01 00 02 03 0F 02 16 03 00 00 43 7E
TX:	5:17:09 PM	7E A0 07 03 25 F1 7B 26 7E
RX:	5:17:09 PM	7E A8 89 25 03 9E 87 C6 02 03 0F 03 16 03 00 02 03 0F 04 16 03 00 01 00 02 04 12 00 2B 11 00 09 06 00 00 19 02 00 FF 02 02 01 02 02 03 0F 01 16 01 00 02 03 0F 02 16 03 00 01 00 02 04 12 00 12 11 00 09 06 00 00 2C 00 00 FF 02 02 01 07 02 03 0F 01 16 01 00 02 03 0F 02 16 03 00 02 03 0F 03 16 03 00 02 03 0F 04 16 03 00 02 03 0F 05 16 03 00 02 03 0F 06 16 03 00 02 03 0F 07 16 03 00 01 04 02 02 0F 01 16 01 02 50 8B 7E
TX:	5:17:09 PM	7E A0 07 03 25 11 75 C1 7E
RX:	5:17:09 PM	7E A8 89 25 03 90 F9 2F 02 0F 02 16 01 02 02 0F 03 16 01 02 02 0F 04 16 01 02 04 12 00 2A 11 00 09 06 00 00 19 01 00 FF 02 02 01 0A 02 03 0F 01 16 01 00 02 03 0F 02 16 03 00 02 03 0F 03 16 03 00 02 03 0F 04 16 03 00 02 03 0F 05 16 03 00 02 03 0F 06 16 03 00 02 03 0F 07 16 03 00 02 03 0F 08 16 03 00 02 03 0F 09 16 03 00 02 03 0F 0A 16 03 00 01 03 02 02 0F 01 16 01 02 02 0F 02 16 01 02 02 0F 03 16 01 02 04 B7 DD 7E
TX:	5:17:09 PM	7E A0 07 03 25 31 77 E0 7E
RX:	5:17:09 PM	7E A8 89 25 03 92 EB 0C 12 00 30 11 00 09 06 00 00 19 07 00 FF 02 02 01 0A 02 03 0F 01 16 01 00 02 03 0F 02 16 03 00 02 03 0F 03 16 03 00 02 03 0F 04 16 03 00 02 03 0F 05 16 03 00 02 03 0F 06 16 03 00 02 03 0F 07 16 03 00 02 03 0F 08 16 03 00 02 03 0F 09 16 03 00 02 03 0F 0A 16 03 00 01 02 02 02 0F 01 16 01 02 02 0F 02 16 01 02 04 12 00 28 11 00 09 06 00 00 19 09 00 FF 02 02 01 07 02 03 0F 01 16 01 00 02 D5 E8 7E
TX:	5:17:09 PM	7E A0 07 03 25 51 71 83 7E
RX:	5:17:09 PM	7E A8 89 25 03 94 DD 69 03 0F 02 16 03 00 02 03 0F 03 16 03 00 02 03 0F 04 16 03 00 02 03 0F 05 16 03 00 02 03 0F 06 16 03 00 02 03 0F 07 16 03 00 01 01 02 02 0F 01 16 01 02 04 12 00 0B 11 00 09 06 00 00 0B 00 00 FF 02 02 01 02 02 03 0F 01 16 01 00 02 03 0F 02 16 03 00 01 02 02 02 0F 01 16 01 02 02 0F 02 16 01 02 04 12 00 32 11 00 09 06 00 00 1A 00 00 FF 02 02 01 0F 02 03 0F 01 16 01 00 02 03 0F 02 16 03 91 1A 7E
TX:	5:17:09 PM	7E A0 07 03 25 71 73 A2 7E
RX:	5:17:09 PM	7E A0 0E 25 03 96 A0 6A 00 02 03 0F 03 31 EB 7E
TX:	5:17:09 PM	7E A0 13 03 25 98 F1 69 E6 E6 00 E0 81 00 02 00 02 00 71 8F 7E
RX:	5:17:09 PM	7E A8 89 25 03 B8 B3 82 E6 E7 00 E0 01 00 03 00 02 82 03 F9 16 03 00 02 03 0F 04 16 03 00 02 03 0F 05 16 03 00 02 03 0F 06 16 03 00 02 03 0F 07 16 03 00 02 03 0F 08 16 03 00 02 03 0F 09 16 03 00 02 03 0F 0A 16 03 00 02 03 0F 0B 16 03 00 02 03 0F 0C 16 03 00 02 03 0F 0D 16 03 00 02 03 0F 0E 16 03 00 02 03 0F 0F 16 03 00 01 00 02 04 12 00 33 11 00 09 06 00 00 1A 01 00 FF 02 02 01 02 02 03 0F 01 16 01 00 02 04 65 7E
TX:	5:17:09 PM	7E A0 07 03 25 B1 7F 64 7E
RX:	5:17:09 PM	7E A8 89 25 03 BA A1 A1 03 0F 02 16 03 00 01 01 02 02 0F 01 16 01 02 04 12 00 35 11 00 09 06 00 00 1A 03 00 FF 02 02 01 08 02 03 0F 01 16 01 00 02 03 0F 02 16 03 00 02 03 0F 03 16 03 00 02 03 0F 04 16 03 00 02 03 0F 05 16 03 00 02 03 0F 06 16 03 00 02 03 0F 07 16 03 00 02 03 0F 08 16 03 00 01 01 02 02 0F 01 16 01 02 04 12 00 34 11 00 09 06 00 00 1A 02 00 FF 02 02 01 05 02 03 0F 01 16 01 00 02 03 0F 02 16 F0 E2 7E
TX:	5:17:09 PM	7E A0 07 03 25 D1 79 07 7E
RX:	5:17:09 PM	7E A8 89 25 03 BC 97 C4 03 00 02 03 0F 03 16 03 00 02 03 0F 04 16 03 00 02 03 0F 05 16 03 00 01 00 02 04 12 00 5C 11 03 09 06 00 00 1D 02 00 FF 02 02 01 17 02 03 0F 01 16 01 00 02 03 0F 02 16 03 00 02 03 0F 03 16 03 00 02 03 0F 04 16 03 00 02 03 0F 05 16 03 00 02 03 0F 06 16 03 00 02 03 0F 07 16 03 00 02 03 0F 08 16 03 00 02 03 0F 09 16 03 00 02 03 0F 0A 16 03 00 02 03 0F 0B 16 03 00 02 03 0F 0C 16 03 00 29 53 7E
TX:	5:17:09 PM	7E A0 07 03 25 F1 7B 26 7E
RX:	5:17:09 PM	7E A8 89 25 03 BE 85 E7 02 03 0F 0D 16 03 00 02 03 0F 0E 16 03 00 02 03 0F 0F 16 03 00 02 03 0F 10 16 03 00 02 03 0F 11 16 03 00 02 03 0F 12 16 03 00 02 03 0F 13 16 03 00 02 03 0F 14 16 03 00 02 03 0F 15 16 03 00 02 03 0F 16 16 03 00 02 03 0F 17 16 03 00 01 00 02 04 12 00 5A 11 01 09 06 00 00 1D 00 00 FF 02 02 01 0A 02 03 0F 01 16 01 00 02 03 0F 02 16 03 00 02 03 0F 03 16 03 00 02 03 0F 04 16 03 00 02 03 40 5D 7E
TX:	5:17:09 PM	7E A0 07 03 25 11 75 C1 7E
RX:	5:17:09 PM	7E A8 89 25 03 B0 FB 0E 0F 05 16 03 00 02 03 0F 06 16 03 00 02 03 0F 07 16 03 00 02 03 0F 08 16 03 00 02 03 0F 09 16 03 00 02 03 0F 0A 16 03 00 01 01 02 02 0F 01 16 01 02 04 12 00 5B 11 03 09 06 00 00 1D 01 00 FF 02 02 01 1A 02 03 0F 01 16 01 00 02 03 0F 02 16 03 00 02 03 0F 03 16 03 00 02 03 0F 04 16 03 00 02 03 0F 05 16 03 00 02 03 0F 06 16 03 00 02 03 0F 07 16 03 00 02 03 0F 08 16 03 00 02 03 0F 09 16 B3 5B 7E
TX:	5:17:09 PM	7E A0 07 03 25 31 77 E0 7E
RX:	5:17:09 PM	7E A8 89 25 03 B2 E9 2D 03 00 02 03 0F 0A 16 03 00 02 03 0F 0B 16 03 00 02 03 0F 0C 16 03 00 02 03 0F 0D 16 03 00 02 03 0F 0E 16 03 00 02 03 0F 0F 16 03 00 02 03 0F 10 16 03 00 02 03 0F 11 16 03 00 02 03 0F 12 16 03 00 02 03 0F 13 16 03 00 02 03 0F 14 16 03 00 02 03 0F 15 16 03 00 02 03 0F 16 16 03 00 02 03 0F 17 16 03 00 02 03 0F 18 16 03 00 02 03 0F 19 16 03 00 02 03 0F 1A 16 03 00 01 02 02 02 0F 01 16 B8 2C 7E
TX:	5:17:09 PM	7E A0 07 03 25 51 71 83 7E
RX:	5:17:09 PM	7E A8 89 25 03 B4 DF 48 01 02 02 0F 02 16 01 02 04 12 00 6F 11 00 09 06 00 00 13 00 00 FF 02 02 01 13 02 03 0F 01 16 01 00 02 03 0F 02 16 03 00 02 03 0F 03 16 03 00 02 03 0F 04 16 03 00 02 03 0F 05 16 03 00 02 03 0F 06 16 03 00 02 03 0F 07 16 03 00 02 03 0F 08 16 03 00 02 03 0F 09 16 03 00 02 03 0F 0A 16 03 00 02 03 0F 0B 16 03 00 02 03 0F 0C 16 03 00 02 03 0F 0D 16 03 00 02 03 0F 0E 16 03 00 02 03 0F 0F 65 D0 7E
TX:	5:17:09 PM	7E A0 07 03 25 71 73 A2 7E
RX:	5:17:09 PM	7E A8 89 25 03 B6 CD 6B 16 03 00 02 03 0F 10 16 03 00 02 03 0F 11 16 03 00 02 03 0F 12 16 03 00 02 03 0F 13 16 03 00 01 03 02 02 0F 01 16 01 02 02 0F 02 16 01 02 02 0F 03 16 01 02 04 12 00 70 11 00 09 06 00 00 13 0A 00 FF 02 02 01 0B 02 03 0F 01 16 01 00 02 03 0F 02 16 03 00 02 03 0F 03 16 03 00 02 03 0F 04 16 03 00 02 03 0F 05 16 03 00 02 03 0F 06 16 03 00 02 03 0F 07 16 03 00 02 03 0F 08 16 03 00 02 03 6B F6 7E
TX:	5:17:09 PM	7E A0 07 03 25 91 7D 45 7E
RX:	5:17:09 PM	7E A0 0E 25 03 B8 DC A2 0F 09 16 03 00 CB 66 7E
TX:	5:17:09 PM	7E A0 13 03 25 BA E1 6B E6 E6 00 E0 81 00 03 00 03 00 12 8A 7E
RX:	5:17:09 PM	7E A8 89 25 03 DA A7 C2 E6 E7 00 E0 81 00 04 00 03 82 03 A6 02 03 0F 0A 16 03 00 02 03 0F 0B 16 03 00 01 03 02 02 0F 01 16 01 02 02 0F 02 16 01 02 02 0F 03 16 01 02 04 12 00 71 11 00 09 06 00 00 13 14 00 FF 02 02 01 0D 02 03 0F 01 16 01 00 02 03 0F 02 16 03 00 02 03 0F 03 16 03 00 02 03 0F 04 16 03 00 02 03 0F 05 16 03 00 02 03 0F 06 16 03 00 02 03 0F 07 16 03 00 02 03 0F 08 16 03 00 02 03 0F 09 16 03 00 C1 38 7E
TX:	5:17:09 PM	7E A0 07 03 25 D1 79 07 7E
RX:	5:17:09 PM	7E A8 89 25 03 DC 91 A7 02 03 0F 0A 16 03 00 02 03 0F 0B 16 03 00 02 03 0F 0C 16 03 00 02 03 0F 0D 16 03 00 01 05 02 02 0F 01 16 01 02 02 0F 02 16 01 02 02 0F 03 16 01 02 02 0F 04 16 01 02 02 0F 05 16 01 02 04 12 00 73 11 00 09 06 00 00 13 28 00 FF 02 02 01 06 02 03 0F 01 16 01 00 02 03 0F 02 16 03 00 02 03 0F 03 16 03 00 02 03 0F 04 16 03 00 02 03 0F 05 16 03 00 02 03 0F 06 16 03 00 01 01 02 02 0F 01 16 0C 75 7E
TX:	5:17:09 PM	7E A0 07 03 25 F1 7B 26 7E
RX:	5:17:09 PM	7E A8 89 25 03 DE 83 84 01 02 04 12 00 3E 11 01 09 06 00 00 42 00 01 FF 02 02 01 06 02 03 0F 01 16 01 00 02 03 0F 02 16 03 00 02 03 0F 03 16 03 00 02 03 0F 04 16 03 00 02 03 0F 05 16 03 00 02 03 0F 06 16 03 00 01 02 02 02 0F 01 16 01 02 02 0F 02 16 01 02 04 12 00 46 11 01 09 06 00 00 60 03 0A FF 02 02 01 04 02 03 0F 01 16 01 00 02 03 0F 02 16 03 00 02 03 0F 03 16 03 00 02 03 0F 04 16 03 00 01 02 02 02 0F DA 6F 7E
TX:	5:17:09 PM	7E A0 07 03 25 11 75 C1 7E
RX:	5:17:09 PM	7E A8 89 25 03 D0 FD 6D 01 16 01 02 02 0F 02 16 01 02 04 12 00 50 11 00 09 06 00 00 1C 00 00 FF 02 02 01 03 02 03 0F 01 16 01 00 02 03 0F 02 16 03 00 02 03 0F 03 16 03 00 01 01 02 02 0F 01 16 01 02 04 12 00 51 11 00 09 06 00 00 1C 01 00 FF 02 02 01 05 02 03 0F 01 16 01 00 02 03 0F 02 16 03 00 02 03 0F 03 16 03 00 02 03 0F 04 16 03 00 02 03 0F 05 16 03 00 01 01 02 02 0F 01 16 01 02 04 12 00 52 11 00 09 06 A0 81 7E
TX:	5:17:09 PM	7E A0 07 03 25 31 77 E0 7E
RX:	5:17:09 PM	7E A8 89 25 03 D2 EF 4E 00 00 1C 02 00 FF 02 02 01 08 02 03 0F 01 16 01 00 02 03 0F 02 16 03 00 02 03 0F 03 16 03 00 02 03 0F 04 16 03 00 02 03 0F 05 16 03 00 02 03 0F 06 16 03 00 02 03 0F 07 16 03 00 02 03 0F 08 16 03 00 01 00 02 04 12 00 53 11 00 09 06 00 00 1C 03 00 FF 02 02 01 0E 02 03 0F 01 16 01 00 02 03 0F 02 16 03 00 02 03 0F 03 16 03 00 02 03 0F 04 16 03 00 02 03 0F 05 16 03 00 02 03 0F 06 16 03 0A 0C 7E
TX:	5:17:09 PM	7E A0 07 03 25 51 71 83 7E
RX:	5:17:09 PM	7E A8 89 25 03 D4 D9 2B 00 02 03 0F 07 16 03 00 02 03 0F 08 16 03 00 02 03 0F 09 16 03 00 02 03 0F 0A 16 03 00 02 03 0F 0B 16 03 00 02 03 0F 0C 16 03 00 02 03 0F 0D 16 03 00 02 03 0F 0E 16 03 00 01 00 02 04 12 00 54 11 00 09 06 00 00 1C 04 00 FF 02 02 01 07 02 03 0F 01 16 01 00 02 03 0F 02 16 03 00 02 03 0F 03 16 03 00 02 03 0F 04 16 03 00 02 03 0F 05 16 03 00 02 03 0F 06 16 03 00 02 03 0F 07 16 03 00 01 81 7C 7E
TX:	5:17:09 PM	7E A0 07 03 25 71 73 A2 7E
RX:	5:17:09 PM	7E A8 89 25 03 D6 CB 08 01 02 02 0F 01 16 01 02 04 12 00 55 11 00 09 06 00 00 1C 05 00 FF 02 02 01 06 02 03 0F 01 16 01 00 02 03 0F 02 16 03 00 02 03 0F 03 16 03 00 02 03 0F 04 16 03 00 02 03 0F 05 16 03 00 02 03 0F 06 16 03 00 01 01 02 02 0F 01 16 01 02 04 12 00 56 11 00 09 06 00 00 1C 07 00 FF 02 02 01 04 02 03 0F 01 16 01 00 02 03 0F 02 16 03 00 02 03 0F 03 16 03 00 02 03 0F 04 16 03 00 01 00 02 04 12 37 C1 7E
TX:	5:17:09 PM	7E A0 07 03 25 91 7D 45 7E
RX:	5:17:09 PM	7E A0 3B 25 03 D8 7F E3 00 0A 11 00 09 06 00 00 0C 00 00 FF 02 02 01 02 02 03 0F 01 16 01 00 02 03 0F 02 16 03 00 01 03 02 02 0F 01 16 01 02 02 0F 02 16 01 02 02 0F 03 16 01 D0 8A 7E
TX:	5:17:09 PM	7E A0 19 03 25 BC 79 D2 E6 E6 00 C0 01 C1 00 08 00 00 01 00 00 FF 02 00 60 1A 7E
RX:	5:17:09 PM	7E A0 1E 25 03 FA 6B 00 E6 E7 00 C4 01 C1 00 09 0C 07 E9 0B 0D FF 11 11 09 FF FE 5C 00 C2 AA 7E
TX:	5:17:24 PM	7E A0 07 03 25 93 6F 66 7E
TX:	5:17:29 PM	7E A0 07 03 25 93 6F 66 7E
TX:	5:17:34 PM	7E A0 07 03 25 93 6F 66 7E
TX:	5:18:55 PM	7E A0 07 03 25 93 6F 66 7E
RX:	5:18:55 PM	7E A0 1E 25 03 73 A2 19 81 80 12 05 01 80 06 01 80 07 04 00 00 00 01 08 04 00 00 00 01 53 3B 7E
TX:	5:18:55 PM	7E A0 4C 03 25 10 5E 06 E6 E6 00 60 3E A1 09 06 07 60 85 74 05 08 01 01 8A 02 07 80 8B 07 60 85 74 05 08 02 02 AC 12 80 10 01 3F 75 79 3F 3F 03 6E 08 5E 4E 13 07 2F 0F 75 BE 10 04 0E 01 00 00 00 06 5F 1F 04 00 62 1E 5D FF FF A3 D7 7E
RX:	5:18:55 PM	7E A0 58 25 03 30 10 34 E6 E7 00 61 4A A1 09 06 07 60 85 74 05 08 01 01 A2 03 02 01 00 A3 05 A1 03 02 01 0E 88 02 07 80 89 07 60 85 74 05 08 02 02 AA 12 80 10 4B 26 3C 0E 3F 78 43 5F 3C 36 75 42 12 51 67 3B BE 10 04 0E 08 00 06 5F 1F 04 00 62 1E 5D 04 00 00 07 94 16 7E
TX:	5:18:55 PM	7E A0 2B 03 25 32 8B CA E6 E6 00 C3 01 C1 00 0F 00 00 28 00 00 FF 01 01 09 10 27 17 E2 D8 2E 2C F1 28 5F 02 58 EB 99 FE 85 17 38 42 7E
RX:	5:18:55 PM	7E A0 24 25 03 52 75 B9 E6 E7 00 C7 01 C1 00 01 00 09 10 17 54 65 B5 DA 59 FF 65 FE 2B 6D 4D B7 CD A2 CA 70 50 7E
TX:	5:18:55 PM	7E A0 19 03 25 54 3F B9 E6 E6 00 C0 01 C1 00 0F 00 00 28 00 00 FF 02 00 91 53 7E
RX:	5:18:55 PM	7E A8 89 25 03 74 D3 8E E6 E7 00 E0 01 00 01 00 00 82 03 F9 C4 01 C1 00 01 30 02 04 12 00 0F 11 03 09 06 00 00 28 00 00 FF 02 02 01 0B 02 03 0F 01 16 01 00 02 03 0F 02 16 03 00 02 03 0F 03 16 03 00 02 03 0F 04 16 03 00 02 03 0F 05 16 03 00 02 03 0F 06 16 03 00 02 03 0F 07 16 03 00 02 03 0F 08 16 03 00 02 03 0F 09 16 03 00 02 03 0F 0A 16 03 00 02 03 0F 0B 16 03 00 01 06 02 02 0F 01 16 01 02 02 0F 02 16 01 3B C7 7E
TX:	5:18:55 PM	7E A0 07 03 25 71 73 A2 7E
RX:	5:18:55 PM	7E A8 89 25 03 76 C1 AD 02 02 0F 03 16 01 02 02 0F 04 16 01 02 02 0F 05 16 01 02 02 0F 06 16 01 02 04 12 00 17 11 01 09 06 00 00 16 00 00 FF 02 02 01 09 02 03 0F 01 16 01 00 02 03 0F 02 16 03 00 02 03 0F 03 16 03 00 02 03 0F 04 16 03 00 02 03 0F 05 16 03 00 02 03 0F 06 16 03 00 02 03 0F 07 16 03 00 02 03 0F 08 16 03 00 02 03 0F 09 16 03 00 01 00 02 04 12 00 08 11 00 09 06 00 00 01 00 00 FF 02 02 01 09 02 1A 65 7E
TX:	5:18:55 PM	7E A0 07 03 25 91 7D 45 7E
RX:	5:18:55 PM	7E A8 89 25 03 78 BF 44 03 0F 01 16 01 00 02 03 0F 02 16 03 00 02 03 0F 03 16 03 00 02 03 0F 04 16 03 00 02 03 0F 05 16 03 00 02 03 0F 06 16 03 00 02 03 0F 07 16 03 00 02 03 0F 08 16 03 00 02 03 0F 09 16 03 00 01 06 02 02 0F 01 16 01 02 02 0F 02 16 01 02 02 0F 03 16 01 02 02 0F 04 16 01 02 02 0F 05 16 01 02 02 0F 06 16 01 02 04 12 00 0F 11 03 09 06 00 00 28 00 03 FF 02 02 01 0B 02 03 0F 01 16 01 00 02 03 7E 56 7E
TX:	5:18:55 PM	7E A0 07 03 25 B1 7F 64 7E
RX:	5:18:55 PM	7E A8 89 25 03 7A AD 67 0F 02 16 03 00 02 03 0F 03 16 03 00 02 03 0F 04 16 03 00 02 03 0F 05 16 03 00 02 03 0F 06 16 03 00 02 03 0F 07 16 03 00 02 03 0F 08 16 03 00 02 03 0F 09 16 03 00 02 03 0F 0A 16 03 00 02 03 0F 0B 16 03 00 01 06 02 02 0F 01 16 01 02 02 0F 02 16 01 02 02 0F 03 16 01 02 02 0F 04 16 01 02 02 0F 05 16 01 02 02 0F 06 16 01 02 04 12 00 40 11 01 09 06 00 00 2B 00 07 FF 02 02 01 06 02 03 0F 6C BA 7E
TX:	5:18:55 PM	7E A0 07 03 25 D1 79 07 7E
RX:	5:18:55 PM	7E A8 89 25 03 7C 9B 02 01 16 01 00 02 03 0F 02 16 03 00 02 03 0F 03 16 03 00 02 03 0F 04 16 03 00 02 03 0F 05 16 03 00 02 03 0F 06 16 03 00 01 08 02 02 0F 01 16 01 02 02 0F 02 16 01 02 02 0F 03 16 01 02 02 0F 04 16 01 02 02 0F 05 16 01 02 02 0F 06 16 01 02 02 0F 07 16 01 02 02 0F 08 16 01 02 04 12 00 40 11 01 09 06 00 00 2B 00 08 FF 02 02 01 06 02 03 0F 01 16 01 00 02 03 0F 02 16 03 00 02 03 0F 03 16 03 BD 4F 7E
TX:	5:18:55 PM	7E A0 07 03 25 F1 7B 26 7E
RX:	5:18:55 PM	7E A8 89 25 03 7E 89 21 00 02 03 0F 04 16 03 00 02 03 0F 05 16 03 00 02 03 0F 06 16 03 00 01 08 02 02 0F 01 16 01 02 02 0F 02 16 01 02 02 0F 03 16 01 02 02 0F 04 16 01 02 02 0F 05 16 01 02 02 0F 06 16 01 02 02 0F 07 16 01 02 02 0F 08 16 01 02 04 12 00 01 11 00 09 06 00 00 2B 01 08 FF 02 02 01 02 02 03 0F 01 16 01 00 02 03 0F 02 16 03 00 01 00 02 04 12 00 01 11 00 09 06 00 00 2A 00 00 FF 02 02 01 02 02 03 3F FF 7E
TX:	5:18:55 PM	7E A0 07 03 25 11 75 C1 7E
RX:	5:18:55 PM	7E A8 89 25 03 70 F7 C8 0F 01 16 01 00 02 03 0F 02 16 03 00 01 00 02 04 12 00 01 11 00 09 06 01 00 00 02 00 FF 02 02 01 02 02 03 0F 01 16 01 00 02 03 0F 02 16 03 00 01 00 02 04 12 00 01 11 00 09 06 00 00 2B 01 00 FF 02 02 01 02 02 03 0F 01 16 01 00 02 03 0F 02 16 03 00 01 00 02 04 12 00 03 11 00 09 06 01 01 15 19 00 FF 02 02 01 03 02 03 0F 01 16 01 00 02 03 0F 02 16 03 00 02 03 0F 03 16 03 00 01 01 02 02 05 D2 7E
TX:	5:18:55 PM	7E A0 07 03 25 31 77 E0 7E
RX:	5:18:55 PM	7E A8 89 25 03 72 E5 EB 0F 01 16 01 02 04 12 00 1D 11 02 09 06 00 00 02 01 00 FF 02 02 01 06 02 03 0F 01 16 01 00 02 03 0F 02 16 03 00 02 03 0F 03 16 03 00 02 03 0F 04 16 03 00 02 03 0F 05 16 03 00 02 03 0F 06 16 03 00 01 01 02 02 0F 01 16 01 02 04 12 00 14 11 00 09 06 00 00 0D 00 00 FF 02 02 01 0A 02 03 0F 01 16 01 00 02 03 0F 02 16 03 00 02 03 0F 03 16 03 00 02 03 0F 04 16 03 00 02 03 0F 05 16 03 00 02 55 76 7E
TX:	5:18:55 PM	7E A0 07 03 25 51 71 83 7E
RX:	5:18:55 PM	7E A0 0E 25 03 74 BC AE 03 0F 06 16 03 46 06 7E
TX:	5:18:55 PM	7E A0 13 03 25 76 81 67 E6 E6 00 E0 81 00 01 00 01 00 D4 80 7E
RX:	5:18:55 PM	7E A8 89 25 03 96 CF 4A E6 E7 00 E0 01 00 02 00 01 82 03 F9 00 02 03 0F 07 16 03 00 02 03 0F 08 16 03 00 02 03 0F 09 16 03 00 02 03 0F 0A 16 03 00 01 01 02 02 0F 01 16 01 02 04 12 00 13 11 01 09 06 00 00 14 00 00 FF 02 02 01 09 02 03 0F 01 16 01 00 02 03 0F 02 16 03 00 02 03 0F 03 16 03 00 02 03 0F 04 16 03 00 02 03 0F 05 16 03 00 02 03 0F 06 16 03 00 02 03 0F 07 16 03 00 02 03 0F 08 16 03 00 02 03 0F 09 AC 90 7E
TX:	5:18:55 PM	7E A0 07 03 25 91 7D 45 7E
RX:	5:18:55 PM	7E A8 89 25 03 98 B1 A3 16 03 00 01 00 02 04 12 00 05 11 00 09 06 01 00 1F 04 00 FF 02 02 01 09 02 03 0F 01 16 01 00 02 03 0F 02 16 03 00 02 03 0F 03 16 03 00 02 03 0F 04 16 03 00 02 03 0F 05 16 03 00 02 03 0F 06 16 03 00 02 03 0F 07 16 03 00 02 03 0F 08 16 03 00 02 03 0F 09 16 03 00 01 02 02 02 0F 01 16 01 02 02 0F 02 16 01 02 04 12 00 15 11 00 09 06 00 00 10 01 00 FF 02 02 01 04 02 03 0F 01 16 01 00 02 C4 BC 7E
TX:	5:18:55 PM	7E A0 07 03 25 B1 7F 64 7E
RX:	5:18:55 PM	7E A8 89 25 03 9A A3 80 03 0F 02 16 03 00 02 03 0F 03 16 03 00 02 03 0F 04 16 03 00 01 00 02 04 12 00 09 11 00 09 06 00 01 0A 01 65 FF 02 02 01 02 02 03 0F 01 16 01 00 02 03 0F 02 16 03 00 01 01 02 02 0F 01 16 01 02 04 12 00 16 11 00 09 06 00 00 0F 00 00 FF 02 02 01 04 02 03 0F 01 16 01 00 02 03 0F 02 16 03 00 02 03 0F 03 16 03 00 02 03 0F 04 16 03 00 01 00 02 04 12 00 11 11 00 09 06 00 00 29 00 00 FF 02 35 FA 7E
TX:	5:18:55 PM	7E A0 07 03 25 D1 79 07 7E
RX:	5:18:55 PM	7E A8 89 25 03 9C 95 E5 02 01 02 02 03 0F 01 16 01 00 02 03 0F 02 16 03 00 01 01 02 02 0F 01 16 01 02 04 12 00 1C 11 02 09 06 00 00 02 02 00 FF 02 02 01 07 02 03 0F 01 16 01 00 02 03 0F 02 16 03 00 02 03 0F 03 16 03 00 02 03 0F 04 16 03 00 02 03 0F 05 16 03 00 02 03 0F 06 16 03 00 02 03 0F 07 16 03 00 01 00 02 04 12 00 1B 11 00 09 06 00 00 02 00 00 FF 02 02 01 04 02 03 0F 01 16 01 00 02 03 0F 02 16 03 00 00 43 7E
TX:	5:18:55 PM	7E A0 07 03 25 F1 7B 26 7E
RX:	5:18:55 PM	7E A8 89 25 03 9E 87 C6 02 03 0F 03 16 03 00 02 03 0F 04 16 03 00 01 00 02 04 12 00 2B 11 00 09 06 00 00 19 02 00 FF 02 02 01 02 02 03 0F 01 16 01 00 02 03 0F 02 16 03 00 01 00 02 04 12 00 12 11 00 09 06 00 00 2C 00 00 FF 02 02 01 07 02 03 0F 01 16 01 00 02 03 0F 02 16 03 00 02 03 0F 03 16 03 00 02 03 0F 04 16 03 00 02 03 0F 05 16 03 00 02 03 0F 06 16 03 00 02 03 0F 07 16 03 00 01 04 02 02 0F 01 16 01 02 50 8B 7E
TX:	5:18:55 PM	7E A0 07 03 25 11 75 C1 7E
RX:	5:18:55 PM	7E A8 89 25 03 90 F9 2F 02 0F 02 16 01 02 02 0F 03 16 01 02 02 0F 04 16 01 02 04 12 00 2A 11 00 09 06 00 00 19 01 00 FF 02 02 01 0A 02 03 0F 01 16 01 00 02 03 0F 02 16 03 00 02 03 0F 03 16 03 00 02 03 0F 04 16 03 00 02 03 0F 05 16 03 00 02 03 0F 06 16 03 00 02 03 0F 07 16 03 00 02 03 0F 08 16 03 00 02 03 0F 09 16 03 00 02 03 0F 0A 16 03 00 01 03 02 02 0F 01 16 01 02 02 0F 02 16 01 02 02 0F 03 16 01 02 04 B7 DD 7E
TX:	5:18:55 PM	7E A0 07 03 25 31 77 E0 7E
RX:	5:18:55 PM	7E A8 89 25 03 92 EB 0C 12 00 30 11 00 09 06 00 00 19 07 00 FF 02 02 01 0A 02 03 0F 01 16 01 00 02 03 0F 02 16 03 00 02 03 0F 03 16 03 00 02 03 0F 04 16 03 00 02 03 0F 05 16 03 00 02 03 0F 06 16 03 00 02 03 0F 07 16 03 00 02 03 0F 08 16 03 00 02 03 0F 09 16 03 00 02 03 0F 0A 16 03 00 01 02 02 02 0F 01 16 01 02 02 0F 02 16 01 02 04 12 00 28 11 00 09 06 00 00 19 09 00 FF 02 02 01 07 02 03 0F 01 16 01 00 02 D5 E8 7E
TX:	5:18:55 PM	7E A0 07 03 25 51 71 83 7E
RX:	5:18:55 PM	7E A8 89 25 03 94 DD 69 03 0F 02 16 03 00 02 03 0F 03 16 03 00 02 03 0F 04 16 03 00 02 03 0F 05 16 03 00 02 03 0F 06 16 03 00 02 03 0F 07 16 03 00 01 01 02 02 0F 01 16 01 02 04 12 00 0B 11 00 09 06 00 00 0B 00 00 FF 02 02 01 02 02 03 0F 01 16 01 00 02 03 0F 02 16 03 00 01 02 02 02 0F 01 16 01 02 02 0F 02 16 01 02 04 12 00 32 11 00 09 06 00 00 1A 00 00 FF 02 02 01 0F 02 03 0F 01 16 01 00 02 03 0F 02 16 03 91 1A 7E
TX:	5:18:55 PM	7E A0 07 03 25 71 73 A2 7E
RX:	5:18:55 PM	7E A0 0E 25 03 96 A0 6A 00 02 03 0F 03 31 EB 7E
TX:	5:18:55 PM	7E A0 13 03 25 98 F1 69 E6 E6 00 E0 81 00 02 00 02 00 71 8F 7E
RX:	5:18:55 PM	7E A8 89 25 03 B8 B3 82 E6 E7 00 E0 01 00 03 00 02 82 03 F9 16 03 00 02 03 0F 04 16 03 00 02 03 0F 05 16 03 00 02 03 0F 06 16 03 00 02 03 0F 07 16 03 00 02 03 0F 08 16 03 00 02 03 0F 09 16 03 00 02 03 0F 0A 16 03 00 02 03 0F 0B 16 03 00 02 03 0F 0C 16 03 00 02 03 0F 0D 16 03 00 02 03 0F 0E 16 03 00 02 03 0F 0F 16 03 00 01 00 02 04 12 00 33 11 00 09 06 00 00 1A 01 00 FF 02 02 01 02 02 03 0F 01 16 01 00 02 04 65 7E
TX:	5:18:55 PM	7E A0 07 03 25 B1 7F 64 7E
RX:	5:18:55 PM	7E A8 89 25 03 BA A1 A1 03 0F 02 16 03 00 01 01 02 02 0F 01 16 01 02 04 12 00 35 11 00 09 06 00 00 1A 03 00 FF 02 02 01 08 02 03 0F 01 16 01 00 02 03 0F 02 16 03 00 02 03 0F 03 16 03 00 02 03 0F 04 16 03 00 02 03 0F 05 16 03 00 02 03 0F 06 16 03 00 02 03 0F 07 16 03 00 02 03 0F 08 16 03 00 01 01 02 02 0F 01 16 01 02 04 12 00 34 11 00 09 06 00 00 1A 02 00 FF 02 02 01 05 02 03 0F 01 16 01 00 02 03 0F 02 16 F0 E2 7E
TX:	5:18:55 PM	7E A0 07 03 25 D1 79 07 7E
RX:	5:18:55 PM	7E A8 89 25 03 BC 97 C4 03 00 02 03 0F 03 16 03 00 02 03 0F 04 16 03 00 02 03 0F 05 16 03 00 01 00 02 04 12 00 5C 11 03 09 06 00 00 1D 02 00 FF 02 02 01 17 02 03 0F 01 16 01 00 02 03 0F 02 16 03 00 02 03 0F 03 16 03 00 02 03 0F 04 16 03 00 02 03 0F 05 16 03 00 02 03 0F 06 16 03 00 02 03 0F 07 16 03 00 02 03 0F 08 16 03 00 02 03 0F 09 16 03 00 02 03 0F 0A 16 03 00 02 03 0F 0B 16 03 00 02 03 0F 0C 16 03 00 29 53 7E
TX:	5:18:55 PM	7E A0 07 03 25 F1 7B 26 7E
RX:	5:18:55 PM	7E A8 89 25 03 BE 85 E7 02 03 0F 0D 16 03 00 02 03 0F 0E 16 03 00 02 03 0F 0F 16 03 00 02 03 0F 10 16 03 00 02 03 0F 11 16 03 00 02 03 0F 12 16 03 00 02 03 0F 13 16 03 00 02 03 0F 14 16 03 00 02 03 0F 15 16 03 00 02 03 0F 16 16 03 00 02 03 0F 17 16 03 00 01 00 02 04 12 00 5A 11 01 09 06 00 00 1D 00 00 FF 02 02 01 0A 02 03 0F 01 16 01 00 02 03 0F 02 16 03 00 02 03 0F 03 16 03 00 02 03 0F 04 16 03 00 02 03 40 5D 7E
TX:	5:18:55 PM	7E A0 07 03 25 11 75 C1 7E
RX:	5:18:55 PM	7E A8 89 25 03 B0 FB 0E 0F 05 16 03 00 02 03 0F 06 16 03 00 02 03 0F 07 16 03 00 02 03 0F 08 16 03 00 02 03 0F 09 16 03 00 02 03 0F 0A 16 03 00 01 01 02 02 0F 01 16 01 02 04 12 00 5B 11 03 09 06 00 00 1D 01 00 FF 02 02 01 1A 02 03 0F 01 16 01 00 02 03 0F 02 16 03 00 02 03 0F 03 16 03 00 02 03 0F 04 16 03 00 02 03 0F 05 16 03 00 02 03 0F 06 16 03 00 02 03 0F 07 16 03 00 02 03 0F 08 16 03 00 02 03 0F 09 16 B3 5B 7E
TX:	5:18:55 PM	7E A0 07 03 25 31 77 E0 7E
RX:	5:18:55 PM	7E A8 89 25 03 B2 E9 2D 03 00 02 03 0F 0A 16 03 00 02 03 0F 0B 16 03 00 02 03 0F 0C 16 03 00 02 03 0F 0D 16 03 00 02 03 0F 0E 16 03 00 02 03 0F 0F 16 03 00 02 03 0F 10 16 03 00 02 03 0F 11 16 03 00 02 03 0F 12 16 03 00 02 03 0F 13 16 03 00 02 03 0F 14 16 03 00 02 03 0F 15 16 03 00 02 03 0F 16 16 03 00 02 03 0F 17 16 03 00 02 03 0F 18 16 03 00 02 03 0F 19 16 03 00 02 03 0F 1A 16 03 00 01 02 02 02 0F 01 16 B8 2C 7E
TX:	5:18:55 PM	7E A0 07 03 25 51 71 83 7E
RX:	5:18:55 PM	7E A8 89 25 03 B4 DF 48 01 02 02 0F 02 16 01 02 04 12 00 6F 11 00 09 06 00 00 13 00 00 FF 02 02 01 13 02 03 0F 01 16 01 00 02 03 0F 02 16 03 00 02 03 0F 03 16 03 00 02 03 0F 04 16 03 00 02 03 0F 05 16 03 00 02 03 0F 06 16 03 00 02 03 0F 07 16 03 00 02 03 0F 08 16 03 00 02 03 0F 09 16 03 00 02 03 0F 0A 16 03 00 02 03 0F 0B 16 03 00 02 03 0F 0C 16 03 00 02 03 0F 0D 16 03 00 02 03 0F 0E 16 03 00 02 03 0F 0F 65 D0 7E
TX:	5:18:55 PM	7E A0 07 03 25 71 73 A2 7E
RX:	5:18:55 PM	7E A8 89 25 03 B6 CD 6B 16 03 00 02 03 0F 10 16 03 00 02 03 0F 11 16 03 00 02 03 0F 12 16 03 00 02 03 0F 13 16 03 00 01 03 02 02 0F 01 16 01 02 02 0F 02 16 01 02 02 0F 03 16 01 02 04 12 00 70 11 00 09 06 00 00 13 0A 00 FF 02 02 01 0B 02 03 0F 01 16 01 00 02 03 0F 02 16 03 00 02 03 0F 03 16 03 00 02 03 0F 04 16 03 00 02 03 0F 05 16 03 00 02 03 0F 06 16 03 00 02 03 0F 07 16 03 00 02 03 0F 08 16 03 00 02 03 6B F6 7E
TX:	5:18:55 PM	7E A0 07 03 25 91 7D 45 7E
RX:	5:18:55 PM	7E A0 0E 25 03 B8 DC A2 0F 09 16 03 00 CB 66 7E
TX:	5:18:55 PM	7E A0 13 03 25 BA E1 6B E6 E6 00 E0 81 00 03 00 03 00 12 8A 7E
RX:	5:18:56 PM	7E A8 89 25 03 DA A7 C2 E6 E7 00 E0 81 00 04 00 03 82 03 A6 02 03 0F 0A 16 03 00 02 03 0F 0B 16 03 00 01 03 02 02 0F 01 16 01 02 02 0F 02 16 01 02 02 0F 03 16 01 02 04 12 00 71 11 00 09 06 00 00 13 14 00 FF 02 02 01 0D 02 03 0F 01 16 01 00 02 03 0F 02 16 03 00 02 03 0F 03 16 03 00 02 03 0F 04 16 03 00 02 03 0F 05 16 03 00 02 03 0F 06 16 03 00 02 03 0F 07 16 03 00 02 03 0F 08 16 03 00 02 03 0F 09 16 03 00 C1 38 7E
TX:	5:18:56 PM	7E A0 07 03 25 D1 79 07 7E
RX:	5:18:56 PM	7E A8 89 25 03 DC 91 A7 02 03 0F 0A 16 03 00 02 03 0F 0B 16 03 00 02 03 0F 0C 16 03 00 02 03 0F 0D 16 03 00 01 05 02 02 0F 01 16 01 02 02 0F 02 16 01 02 02 0F 03 16 01 02 02 0F 04 16 01 02 02 0F 05 16 01 02 04 12 00 73 11 00 09 06 00 00 13 28 00 FF 02 02 01 06 02 03 0F 01 16 01 00 02 03 0F 02 16 03 00 02 03 0F 03 16 03 00 02 03 0F 04 16 03 00 02 03 0F 05 16 03 00 02 03 0F 06 16 03 00 01 01 02 02 0F 01 16 0C 75 7E
TX:	5:18:56 PM	7E A0 07 03 25 F1 7B 26 7E
RX:	5:18:56 PM	7E A8 89 25 03 DE 83 84 01 02 04 12 00 3E 11 01 09 06 00 00 42 00 01 FF 02 02 01 06 02 03 0F 01 16 01 00 02 03 0F 02 16 03 00 02 03 0F 03 16 03 00 02 03 0F 04 16 03 00 02 03 0F 05 16 03 00 02 03 0F 06 16 03 00 01 02 02 02 0F 01 16 01 02 02 0F 02 16 01 02 04 12 00 46 11 01 09 06 00 00 60 03 0A FF 02 02 01 04 02 03 0F 01 16 01 00 02 03 0F 02 16 03 00 02 03 0F 03 16 03 00 02 03 0F 04 16 03 00 01 02 02 02 0F DA 6F 7E
TX:	5:18:56 PM	7E A0 07 03 25 11 75 C1 7E
RX:	5:18:56 PM	7E A8 89 25 03 D0 FD 6D 01 16 01 02 02 0F 02 16 01 02 04 12 00 50 11 00 09 06 00 00 1C 00 00 FF 02 02 01 03 02 03 0F 01 16 01 00 02 03 0F 02 16 03 00 02 03 0F 03 16 03 00 01 01 02 02 0F 01 16 01 02 04 12 00 51 11 00 09 06 00 00 1C 01 00 FF 02 02 01 05 02 03 0F 01 16 01 00 02 03 0F 02 16 03 00 02 03 0F 03 16 03 00 02 03 0F 04 16 03 00 02 03 0F 05 16 03 00 01 01 02 02 0F 01 16 01 02 04 12 00 52 11 00 09 06 A0 81 7E
TX:	5:18:56 PM	7E A0 07 03 25 31 77 E0 7E
RX:	5:18:56 PM	7E A8 89 25 03 D2 EF 4E 00 00 1C 02 00 FF 02 02 01 08 02 03 0F 01 16 01 00 02 03 0F 02 16 03 00 02 03 0F 03 16 03 00 02 03 0F 04 16 03 00 02 03 0F 05 16 03 00 02 03 0F 06 16 03 00 02 03 0F 07 16 03 00 02 03 0F 08 16 03 00 01 00 02 04 12 00 53 11 00 09 06 00 00 1C 03 00 FF 02 02 01 0E 02 03 0F 01 16 01 00 02 03 0F 02 16 03 00 02 03 0F 03 16 03 00 02 03 0F 04 16 03 00 02 03 0F 05 16 03 00 02 03 0F 06 16 03 0A 0C 7E
TX:	5:18:56 PM	7E A0 07 03 25 51 71 83 7E
RX:	5:18:56 PM	7E A8 89 25 03 D4 D9 2B 00 02 03 0F 07 16 03 00 02 03 0F 08 16 03 00 02 03 0F 09 16 03 00 02 03 0F 0A 16 03 00 02 03 0F 0B 16 03 00 02 03 0F 0C 16 03 00 02 03 0F 0D 16 03 00 02 03 0F 0E 16 03 00 01 00 02 04 12 00 54 11 00 09 06 00 00 1C 04 00 FF 02 02 01 07 02 03 0F 01 16 01 00 02 03 0F 02 16 03 00 02 03 0F 03 16 03 00 02 03 0F 04 16 03 00 02 03 0F 05 16 03 00 02 03 0F 06 16 03 00 02 03 0F 07 16 03 00 01 81 7C 7E
TX:	5:18:56 PM	7E A0 07 03 25 71 73 A2 7E
RX:	5:18:56 PM	7E A8 89 25 03 D6 CB 08 01 02 02 0F 01 16 01 02 04 12 00 55 11 00 09 06 00 00 1C 05 00 FF 02 02 01 06 02 03 0F 01 16 01 00 02 03 0F 02 16 03 00 02 03 0F 03 16 03 00 02 03 0F 04 16 03 00 02 03 0F 05 16 03 00 02 03 0F 06 16 03 00 01 01 02 02 0F 01 16 01 02 04 12 00 56 11 00 09 06 00 00 1C 07 00 FF 02 02 01 04 02 03 0F 01 16 01 00 02 03 0F 02 16 03 00 02 03 0F 03 16 03 00 02 03 0F 04 16 03 00 01 00 02 04 12 37 C1 7E
TX:	5:18:56 PM	7E A0 07 03 25 91 7D 45 7E
RX:	5:18:56 PM	7E A0 3B 25 03 D8 7F E3 00 0A 11 00 09 06 00 00 0C 00 00 FF 02 02 01 02 02 03 0F 01 16 01 00 02 03 0F 02 16 03 00 01 03 02 02 0F 01 16 01 02 02 0F 02 16 01 02 02 0F 03 16 01 D0 8A 7E
TX:	5:18:56 PM	7E A0 19 03 25 BC 79 D2 E6 E6 00 C0 01 C1 00 08 00 00 01 00 00 FF 02 00 60 1A 7E
RX:	5:18:56 PM	7E A0 1E 25 03 FA 6B 00 E6 E7 00 C4 01 C1 00 09 0C 07 E9 0B 0D FF 11 12 38 FF FE 5C 00 2A 79 7E
TX:	5:19:02 PM	7E A0 19 03 25 DE 6D 92 E6 E6 00 C0 01 C1 00 08 00 00 01 00 00 FF 02 00 60 1A 7E
RX:	5:19:02 PM	7E A0 1E 25 03 1C 53 82 E6 E7 00 C4 01 C1 00 09 0C 07 E9 0B 0D FF 11 13 02 FF FE 5C 00 78 E5 7E
TX:	5:19:34 PM	7E A0 07 03 25 53 63 A0 7E
RX:	5:19:35 PM	7E A0 1E 25 03 73 A2 19 81 80 FD 05 01 80 06 01 80 07 04 00 00 00 01 08 04 00 00 00 01 CF 99 7E
TX:	5:19:36 PM	7E A0 07 03 25 93 6F 66 7E
TX:	5:28:30 PM	7E A0 07 03 25 93 6F 66 7E
RX:	5:28:30 PM	7E A0 1E 25 03 73 A2 19 81 80 12 05 01 80 06 01 80 07 04 00 00 00 01 08 04 00 00 00 01 53 3B 7E
TX:	5:28:30 PM	7E A0 4C 03 25 10 5E 06 E6 E6 00 60 3E A1 09 06 07 60 85 74 05 08 01 01 8A 02 07 80 8B 07 60 85 74 05 08 02 02 AC 12 80 10 27 58 0C 4B 3B 3F 51 29 42 07 5B 17 17 1D 0D 0C BE 10 04 0E 01 00 00 00 06 5F 1F 04 00 62 1E 5D FF FF 3C BC 7E
RX:	5:28:30 PM	7E A0 58 25 03 30 10 34 E6 E7 00 61 4A A1 09 06 07 60 85 74 05 08 01 01 A2 03 02 01 00 A3 05 A1 03 02 01 0E 88 02 07 80 89 07 60 85 74 05 08 02 02 AA 12 80 10 02 3E 16 58 71 1D 2F 1D 5E 10 0F 4D 58 3D 48 4E BE 10 04 0E 08 00 06 5F 1F 04 00 62 1E 5D 04 00 00 07 B0 04 7E
TX:	5:28:30 PM	7E A0 2B 03 25 32 8B CA E6 E6 00 C3 01 C1 00 0F 00 00 28 00 00 FF 01 01 09 10 9A F5 0B 81 E3 B0 A8 5A BD 06 64 A6 71 2A 11 A7 44 63 7E
RX:	5:28:30 PM	7E A0 24 25 03 52 75 B9 E6 E7 00 C7 01 C1 00 01 00 09 10 E7 0F B5 87 66 E1 28 34 24 D4 0B 9C 02 8A F0 09 D9 7B 7E
TX:	5:28:30 PM	7E A0 19 03 25 54 3F B9 E6 E6 00 C0 01 C1 00 0F 00 00 28 00 00 FF 02 00 91 53 7E
RX:	5:28:30 PM	7E A8 89 25 03 74 D3 8E E6 E7 00 E0 01 00 01 00 00 82 03 F9 C4 01 C1 00 01 30 02 04 12 00 0F 11 03 09 06 00 00 28 00 00 FF 02 02 01 0B 02 03 0F 01 16 01 00 02 03 0F 02 16 03 00 02 03 0F 03 16 03 00 02 03 0F 04 16 03 00 02 03 0F 05 16 03 00 02 03 0F 06 16 03 00 02 03 0F 07 16 03 00 02 03 0F 08 16 03 00 02 03 0F 09 16 03 00 02 03 0F 0A 16 03 00 02 03 0F 0B 16 03 00 01 06 02 02 0F 01 16 01 02 02 0F 02 16 01 3B C7 7E
TX:	5:28:30 PM	7E A0 07 03 25 71 73 A2 7E
RX:	5:28:30 PM	7E A8 89 25 03 76 C1 AD 02 02 0F 03 16 01 02 02 0F 04 16 01 02 02 0F 05 16 01 02 02 0F 06 16 01 02 04 12 00 17 11 01 09 06 00 00 16 00 00 FF 02 02 01 09 02 03 0F 01 16 01 00 02 03 0F 02 16 03 00 02 03 0F 03 16 03 00 02 03 0F 04 16 03 00 02 03 0F 05 16 03 00 02 03 0F 06 16 03 00 02 03 0F 07 16 03 00 02 03 0F 08 16 03 00 02 03 0F 09 16 03 00 01 00 02 04 12 00 08 11 00 09 06 00 00 01 00 00 FF 02 02 01 09 02 1A 65 7E
TX:	5:28:30 PM	7E A0 07 03 25 91 7D 45 7E
RX:	5:28:30 PM	7E A8 89 25 03 78 BF 44 03 0F 01 16 01 00 02 03 0F 02 16 03 00 02 03 0F 03 16 03 00 02 03 0F 04 16 03 00 02 03 0F 05 16 03 00 02 03 0F 06 16 03 00 02 03 0F 07 16 03 00 02 03 0F 08 16 03 00 02 03 0F 09 16 03 00 01 06 02 02 0F 01 16 01 02 02 0F 02 16 01 02 02 0F 03 16 01 02 02 0F 04 16 01 02 02 0F 05 16 01 02 02 0F 06 16 01 02 04 12 00 0F 11 03 09 06 00 00 28 00 03 FF 02 02 01 0B 02 03 0F 01 16 01 00 02 03 7E 56 7E
TX:	5:28:30 PM	7E A0 07 03 25 B1 7F 64 7E
RX:	5:28:30 PM	7E A8 89 25 03 7A AD 67 0F 02 16 03 00 02 03 0F 03 16 03 00 02 03 0F 04 16 03 00 02 03 0F 05 16 03 00 02 03 0F 06 16 03 00 02 03 0F 07 16 03 00 02 03 0F 08 16 03 00 02 03 0F 09 16 03 00 02 03 0F 0A 16 03 00 02 03 0F 0B 16 03 00 01 06 02 02 0F 01 16 01 02 02 0F 02 16 01 02 02 0F 03 16 01 02 02 0F 04 16 01 02 02 0F 05 16 01 02 02 0F 06 16 01 02 04 12 00 40 11 01 09 06 00 00 2B 00 07 FF 02 02 01 06 02 03 0F 6C BA 7E
TX:	5:28:30 PM	7E A0 07 03 25 D1 79 07 7E
RX:	5:28:30 PM	7E A8 89 25 03 7C 9B 02 01 16 01 00 02 03 0F 02 16 03 00 02 03 0F 03 16 03 00 02 03 0F 04 16 03 00 02 03 0F 05 16 03 00 02 03 0F 06 16 03 00 01 08 02 02 0F 01 16 01 02 02 0F 02 16 01 02 02 0F 03 16 01 02 02 0F 04 16 01 02 02 0F 05 16 01 02 02 0F 06 16 01 02 02 0F 07 16 01 02 02 0F 08 16 01 02 04 12 00 40 11 01 09 06 00 00 2B 00 08 FF 02 02 01 06 02 03 0F 01 16 01 00 02 03 0F 02 16 03 00 02 03 0F 03 16 03 BD 4F 7E
TX:	5:28:30 PM	7E A0 07 03 25 F1 7B 26 7E
RX:	5:28:30 PM	7E A8 89 25 03 7E 89 21 00 02 03 0F 04 16 03 00 02 03 0F 05 16 03 00 02 03 0F 06 16 03 00 01 08 02 02 0F 01 16 01 02 02 0F 02 16 01 02 02 0F 03 16 01 02 02 0F 04 16 01 02 02 0F 05 16 01 02 02 0F 06 16 01 02 02 0F 07 16 01 02 02 0F 08 16 01 02 04 12 00 01 11 00 09 06 00 00 2B 01 08 FF 02 02 01 02 02 03 0F 01 16 01 00 02 03 0F 02 16 03 00 01 00 02 04 12 00 01 11 00 09 06 00 00 2A 00 00 FF 02 02 01 02 02 03 3F FF 7E
TX:	5:28:30 PM	7E A0 07 03 25 11 75 C1 7E
RX:	5:28:30 PM	7E A8 89 25 03 70 F7 C8 0F 01 16 01 00 02 03 0F 02 16 03 00 01 00 02 04 12 00 01 11 00 09 06 01 00 00 02 00 FF 02 02 01 02 02 03 0F 01 16 01 00 02 03 0F 02 16 03 00 01 00 02 04 12 00 01 11 00 09 06 00 00 2B 01 00 FF 02 02 01 02 02 03 0F 01 16 01 00 02 03 0F 02 16 03 00 01 00 02 04 12 00 03 11 00 09 06 01 01 15 19 00 FF 02 02 01 03 02 03 0F 01 16 01 00 02 03 0F 02 16 03 00 02 03 0F 03 16 03 00 01 01 02 02 05 D2 7E
TX:	5:28:30 PM	7E A0 07 03 25 31 77 E0 7E
RX:	5:28:30 PM	7E A8 89 25 03 72 E5 EB 0F 01 16 01 02 04 12 00 1D 11 02 09 06 00 00 02 01 00 FF 02 02 01 06 02 03 0F 01 16 01 00 02 03 0F 02 16 03 00 02 03 0F 03 16 03 00 02 03 0F 04 16 03 00 02 03 0F 05 16 03 00 02 03 0F 06 16 03 00 01 01 02 02 0F 01 16 01 02 04 12 00 14 11 00 09 06 00 00 0D 00 00 FF 02 02 01 0A 02 03 0F 01 16 01 00 02 03 0F 02 16 03 00 02 03 0F 03 16 03 00 02 03 0F 04 16 03 00 02 03 0F 05 16 03 00 02 55 76 7E
TX:	5:28:30 PM	7E A0 07 03 25 51 71 83 7E
RX:	5:28:30 PM	7E A0 0E 25 03 74 BC AE 03 0F 06 16 03 46 06 7E
TX:	5:28:30 PM	7E A0 13 03 25 76 81 67 E6 E6 00 E0 81 00 01 00 01 00 D4 80 7E
RX:	5:28:30 PM	7E A8 89 25 03 96 CF 4A E6 E7 00 E0 01 00 02 00 01 82 03 F9 00 02 03 0F 07 16 03 00 02 03 0F 08 16 03 00 02 03 0F 09 16 03 00 02 03 0F 0A 16 03 00 01 01 02 02 0F 01 16 01 02 04 12 00 13 11 01 09 06 00 00 14 00 00 FF 02 02 01 09 02 03 0F 01 16 01 00 02 03 0F 02 16 03 00 02 03 0F 03 16 03 00 02 03 0F 04 16 03 00 02 03 0F 05 16 03 00 02 03 0F 06 16 03 00 02 03 0F 07 16 03 00 02 03 0F 08 16 03 00 02 03 0F 09 AC 90 7E
TX:	5:28:30 PM	7E A0 07 03 25 91 7D 45 7E
RX:	5:28:30 PM	7E A8 89 25 03 98 B1 A3 16 03 00 01 00 02 04 12 00 05 11 00 09 06 01 00 1F 04 00 FF 02 02 01 09 02 03 0F 01 16 01 00 02 03 0F 02 16 03 00 02 03 0F 03 16 03 00 02 03 0F 04 16 03 00 02 03 0F 05 16 03 00 02 03 0F 06 16 03 00 02 03 0F 07 16 03 00 02 03 0F 08 16 03 00 02 03 0F 09 16 03 00 01 02 02 02 0F 01 16 01 02 02 0F 02 16 01 02 04 12 00 15 11 00 09 06 00 00 10 01 00 FF 02 02 01 04 02 03 0F 01 16 01 00 02 C4 BC 7E
TX:	5:28:30 PM	7E A0 07 03 25 B1 7F 64 7E
RX:	5:28:30 PM	7E A8 89 25 03 9A A3 80 03 0F 02 16 03 00 02 03 0F 03 16 03 00 02 03 0F 04 16 03 00 01 00 02 04 12 00 09 11 00 09 06 00 01 0A 01 65 FF 02 02 01 02 02 03 0F 01 16 01 00 02 03 0F 02 16 03 00 01 01 02 02 0F 01 16 01 02 04 12 00 16 11 00 09 06 00 00 0F 00 00 FF 02 02 01 04 02 03 0F 01 16 01 00 02 03 0F 02 16 03 00 02 03 0F 03 16 03 00 02 03 0F 04 16 03 00 01 00 02 04 12 00 11 11 00 09 06 00 00 29 00 00 FF 02 35 FA 7E
TX:	5:28:30 PM	7E A0 07 03 25 D1 79 07 7E
RX:	5:28:30 PM	7E A8 89 25 03 9C 95 E5 02 01 02 02 03 0F 01 16 01 00 02 03 0F 02 16 03 00 01 01 02 02 0F 01 16 01 02 04 12 00 1C 11 02 09 06 00 00 02 02 00 FF 02 02 01 07 02 03 0F 01 16 01 00 02 03 0F 02 16 03 00 02 03 0F 03 16 03 00 02 03 0F 04 16 03 00 02 03 0F 05 16 03 00 02 03 0F 06 16 03 00 02 03 0F 07 16 03 00 01 00 02 04 12 00 1B 11 00 09 06 00 00 02 00 00 FF 02 02 01 04 02 03 0F 01 16 01 00 02 03 0F 02 16 03 00 00 43 7E
TX:	5:28:30 PM	7E A0 07 03 25 F1 7B 26 7E
RX:	5:28:30 PM	7E A8 89 25 03 9E 87 C6 02 03 0F 03 16 03 00 02 03 0F 04 16 03 00 01 00 02 04 12 00 2B 11 00 09 06 00 00 19 02 00 FF 02 02 01 02 02 03 0F 01 16 01 00 02 03 0F 02 16 03 00 01 00 02 04 12 00 12 11 00 09 06 00 00 2C 00 00 FF 02 02 01 07 02 03 0F 01 16 01 00 02 03 0F 02 16 03 00 02 03 0F 03 16 03 00 02 03 0F 04 16 03 00 02 03 0F 05 16 03 00 02 03 0F 06 16 03 00 02 03 0F 07 16 03 00 01 04 02 02 0F 01 16 01 02 50 8B 7E
TX:	5:28:30 PM	7E A0 07 03 25 11 75 C1 7E
RX:	5:28:30 PM	7E A8 89 25 03 90 F9 2F 02 0F 02 16 01 02 02 0F 03 16 01 02 02 0F 04 16 01 02 04 12 00 2A 11 00 09 06 00 00 19 01 00 FF 02 02 01 0A 02 03 0F 01 16 01 00 02 03 0F 02 16 03 00 02 03 0F 03 16 03 00 02 03 0F 04 16 03 00 02 03 0F 05 16 03 00 02 03 0F 06 16 03 00 02 03 0F 07 16 03 00 02 03 0F 08 16 03 00 02 03 0F 09 16 03 00 02 03 0F 0A 16 03 00 01 03 02 02 0F 01 16 01 02 02 0F 02 16 01 02 02 0F 03 16 01 02 04 B7 DD 7E
TX:	5:28:30 PM	7E A0 07 03 25 31 77 E0 7E
RX:	5:28:30 PM	7E A8 89 25 03 92 EB 0C 12 00 30 11 00 09 06 00 00 19 07 00 FF 02 02 01 0A 02 03 0F 01 16 01 00 02 03 0F 02 16 03 00 02 03 0F 03 16 03 00 02 03 0F 04 16 03 00 02 03 0F 05 16 03 00 02 03 0F 06 16 03 00 02 03 0F 07 16 03 00 02 03 0F 08 16 03 00 02 03 0F 09 16 03 00 02 03 0F 0A 16 03 00 01 02 02 02 0F 01 16 01 02 02 0F 02 16 01 02 04 12 00 28 11 00 09 06 00 00 19 09 00 FF 02 02 01 07 02 03 0F 01 16 01 00 02 D5 E8 7E
TX:	5:28:30 PM	7E A0 07 03 25 51 71 83 7E
RX:	5:28:30 PM	7E A8 89 25 03 94 DD 69 03 0F 02 16 03 00 02 03 0F 03 16 03 00 02 03 0F 04 16 03 00 02 03 0F 05 16 03 00 02 03 0F 06 16 03 00 02 03 0F 07 16 03 00 01 01 02 02 0F 01 16 01 02 04 12 00 0B 11 00 09 06 00 00 0B 00 00 FF 02 02 01 02 02 03 0F 01 16 01 00 02 03 0F 02 16 03 00 01 02 02 02 0F 01 16 01 02 02 0F 02 16 01 02 04 12 00 32 11 00 09 06 00 00 1A 00 00 FF 02 02 01 0F 02 03 0F 01 16 01 00 02 03 0F 02 16 03 91 1A 7E
TX:	5:28:30 PM	7E A0 07 03 25 71 73 A2 7E
RX:	5:28:30 PM	7E A0 0E 25 03 96 A0 6A 00 02 03 0F 03 31 EB 7E
TX:	5:28:30 PM	7E A0 13 03 25 98 F1 69 E6 E6 00 E0 81 00 02 00 02 00 71 8F 7E
RX:	5:28:30 PM	7E A8 89 25 03 B8 B3 82 E6 E7 00 E0 01 00 03 00 02 82 03 F9 16 03 00 02 03 0F 04 16 03 00 02 03 0F 05 16 03 00 02 03 0F 06 16 03 00 02 03 0F 07 16 03 00 02 03 0F 08 16 03 00 02 03 0F 09 16 03 00 02 03 0F 0A 16 03 00 02 03 0F 0B 16 03 00 02 03 0F 0C 16 03 00 02 03 0F 0D 16 03 00 02 03 0F 0E 16 03 00 02 03 0F 0F 16 03 00 01 00 02 04 12 00 33 11 00 09 06 00 00 1A 01 00 FF 02 02 01 02 02 03 0F 01 16 01 00 02 04 65 7E
TX:	5:28:30 PM	7E A0 07 03 25 B1 7F 64 7E
RX:	5:28:30 PM	7E A8 89 25 03 BA A1 A1 03 0F 02 16 03 00 01 01 02 02 0F 01 16 01 02 04 12 00 35 11 00 09 06 00 00 1A 03 00 FF 02 02 01 08 02 03 0F 01 16 01 00 02 03 0F 02 16 03 00 02 03 0F 03 16 03 00 02 03 0F 04 16 03 00 02 03 0F 05 16 03 00 02 03 0F 06 16 03 00 02 03 0F 07 16 03 00 02 03 0F 08 16 03 00 01 01 02 02 0F 01 16 01 02 04 12 00 34 11 00 09 06 00 00 1A 02 00 FF 02 02 01 05 02 03 0F 01 16 01 00 02 03 0F 02 16 F0 E2 7E
TX:	5:28:30 PM	7E A0 07 03 25 D1 79 07 7E
RX:	5:28:30 PM	7E A8 89 25 03 BC 97 C4 03 00 02 03 0F 03 16 03 00 02 03 0F 04 16 03 00 02 03 0F 05 16 03 00 01 00 02 04 12 00 5C 11 03 09 06 00 00 1D 02 00 FF 02 02 01 17 02 03 0F 01 16 01 00 02 03 0F 02 16 03 00 02 03 0F 03 16 03 00 02 03 0F 04 16 03 00 02 03 0F 05 16 03 00 02 03 0F 06 16 03 00 02 03 0F 07 16 03 00 02 03 0F 08 16 03 00 02 03 0F 09 16 03 00 02 03 0F 0A 16 03 00 02 03 0F 0B 16 03 00 02 03 0F 0C 16 03 00 29 53 7E
TX:	5:28:30 PM	7E A0 07 03 25 F1 7B 26 7E
RX:	5:28:30 PM	7E A8 89 25 03 BE 85 E7 02 03 0F 0D 16 03 00 02 03 0F 0E 16 03 00 02 03 0F 0F 16 03 00 02 03 0F 10 16 03 00 02 03 0F 11 16 03 00 02 03 0F 12 16 03 00 02 03 0F 13 16 03 00 02 03 0F 14 16 03 00 02 03 0F 15 16 03 00 02 03 0F 16 16 03 00 02 03 0F 17 16 03 00 01 00 02 04 12 00 5A 11 01 09 06 00 00 1D 00 00 FF 02 02 01 0A 02 03 0F 01 16 01 00 02 03 0F 02 16 03 00 02 03 0F 03 16 03 00 02 03 0F 04 16 03 00 02 03 40 5D 7E
TX:	5:28:30 PM	7E A0 07 03 25 11 75 C1 7E
RX:	5:28:30 PM	7E A8 89 25 03 B0 FB 0E 0F 05 16 03 00 02 03 0F 06 16 03 00 02 03 0F 07 16 03 00 02 03 0F 08 16 03 00 02 03 0F 09 16 03 00 02 03 0F 0A 16 03 00 01 01 02 02 0F 01 16 01 02 04 12 00 5B 11 03 09 06 00 00 1D 01 00 FF 02 02 01 1A 02 03 0F 01 16 01 00 02 03 0F 02 16 03 00 02 03 0F 03 16 03 00 02 03 0F 04 16 03 00 02 03 0F 05 16 03 00 02 03 0F 06 16 03 00 02 03 0F 07 16 03 00 02 03 0F 08 16 03 00 02 03 0F 09 16 B3 5B 7E
TX:	5:28:30 PM	7E A0 07 03 25 31 77 E0 7E
RX:	5:28:30 PM	7E A8 89 25 03 B2 E9 2D 03 00 02 03 0F 0A 16 03 00 02 03 0F 0B 16 03 00 02 03 0F 0C 16 03 00 02 03 0F 0D 16 03 00 02 03 0F 0E 16 03 00 02 03 0F 0F 16 03 00 02 03 0F 10 16 03 00 02 03 0F 11 16 03 00 02 03 0F 12 16 03 00 02 03 0F 13 16 03 00 02 03 0F 14 16 03 00 02 03 0F 15 16 03 00 02 03 0F 16 16 03 00 02 03 0F 17 16 03 00 02 03 0F 18 16 03 00 02 03 0F 19 16 03 00 02 03 0F 1A 16 03 00 01 02 02 02 0F 01 16 B8 2C 7E
TX:	5:28:30 PM	7E A0 07 03 25 51 71 83 7E
RX:	5:28:30 PM	7E A8 89 25 03 B4 DF 48 01 02 02 0F 02 16 01 02 04 12 00 6F 11 00 09 06 00 00 13 00 00 FF 02 02 01 13 02 03 0F 01 16 01 00 02 03 0F 02 16 03 00 02 03 0F 03 16 03 00 02 03 0F 04 16 03 00 02 03 0F 05 16 03 00 02 03 0F 06 16 03 00 02 03 0F 07 16 03 00 02 03 0F 08 16 03 00 02 03 0F 09 16 03 00 02 03 0F 0A 16 03 00 02 03 0F 0B 16 03 00 02 03 0F 0C 16 03 00 02 03 0F 0D 16 03 00 02 03 0F 0E 16 03 00 02 03 0F 0F 65 D0 7E
TX:	5:28:30 PM	7E A0 07 03 25 71 73 A2 7E
RX:	5:28:30 PM	7E A8 89 25 03 B6 CD 6B 16 03 00 02 03 0F 10 16 03 00 02 03 0F 11 16 03 00 02 03 0F 12 16 03 00 02 03 0F 13 16 03 00 01 03 02 02 0F 01 16 01 02 02 0F 02 16 01 02 02 0F 03 16 01 02 04 12 00 70 11 00 09 06 00 00 13 0A 00 FF 02 02 01 0B 02 03 0F 01 16 01 00 02 03 0F 02 16 03 00 02 03 0F 03 16 03 00 02 03 0F 04 16 03 00 02 03 0F 05 16 03 00 02 03 0F 06 16 03 00 02 03 0F 07 16 03 00 02 03 0F 08 16 03 00 02 03 6B F6 7E
TX:	5:28:30 PM	7E A0 07 03 25 91 7D 45 7E
RX:	5:28:30 PM	7E A0 0E 25 03 B8 DC A2 0F 09 16 03 00 CB 66 7E
TX:	5:28:30 PM	7E A0 13 03 25 BA E1 6B E6 E6 00 E0 81 00 03 00 03 00 12 8A 7E
RX:	5:28:30 PM	7E A8 89 25 03 DA A7 C2 E6 E7 00 E0 81 00 04 00 03 82 03 A6 02 03 0F 0A 16 03 00 02 03 0F 0B 16 03 00 01 03 02 02 0F 01 16 01 02 02 0F 02 16 01 02 02 0F 03 16 01 02 04 12 00 71 11 00 09 06 00 00 13 14 00 FF 02 02 01 0D 02 03 0F 01 16 01 00 02 03 0F 02 16 03 00 02 03 0F 03 16 03 00 02 03 0F 04 16 03 00 02 03 0F 05 16 03 00 02 03 0F 06 16 03 00 02 03 0F 07 16 03 00 02 03 0F 08 16 03 00 02 03 0F 09 16 03 00 C1 38 7E
TX:	5:28:30 PM	7E A0 07 03 25 D1 79 07 7E
RX:	5:28:30 PM	7E A8 89 25 03 DC 91 A7 02 03 0F 0A 16 03 00 02 03 0F 0B 16 03 00 02 03 0F 0C 16 03 00 02 03 0F 0D 16 03 00 01 05 02 02 0F 01 16 01 02 02 0F 02 16 01 02 02 0F 03 16 01 02 02 0F 04 16 01 02 02 0F 05 16 01 02 04 12 00 73 11 00 09 06 00 00 13 28 00 FF 02 02 01 06 02 03 0F 01 16 01 00 02 03 0F 02 16 03 00 02 03 0F 03 16 03 00 02 03 0F 04 16 03 00 02 03 0F 05 16 03 00 02 03 0F 06 16 03 00 01 01 02 02 0F 01 16 0C 75 7E
TX:	5:28:30 PM	7E A0 07 03 25 F1 7B 26 7E
RX:	5:28:30 PM	7E A8 89 25 03 DE 83 84 01 02 04 12 00 3E 11 01 09 06 00 00 42 00 01 FF 02 02 01 06 02 03 0F 01 16 01 00 02 03 0F 02 16 03 00 02 03 0F 03 16 03 00 02 03 0F 04 16 03 00 02 03 0F 05 16 03 00 02 03 0F 06 16 03 00 01 02 02 02 0F 01 16 01 02 02 0F 02 16 01 02 04 12 00 46 11 01 09 06 00 00 60 03 0A FF 02 02 01 04 02 03 0F 01 16 01 00 02 03 0F 02 16 03 00 02 03 0F 03 16 03 00 02 03 0F 04 16 03 00 01 02 02 02 0F DA 6F 7E
TX:	5:28:30 PM	7E A0 07 03 25 11 75 C1 7E
RX:	5:28:30 PM	7E A8 89 25 03 D0 FD 6D 01 16 01 02 02 0F 02 16 01 02 04 12 00 50 11 00 09 06 00 00 1C 00 00 FF 02 02 01 03 02 03 0F 01 16 01 00 02 03 0F 02 16 03 00 02 03 0F 03 16 03 00 01 01 02 02 0F 01 16 01 02 04 12 00 51 11 00 09 06 00 00 1C 01 00 FF 02 02 01 05 02 03 0F 01 16 01 00 02 03 0F 02 16 03 00 02 03 0F 03 16 03 00 02 03 0F 04 16 03 00 02 03 0F 05 16 03 00 01 01 02 02 0F 01 16 01 02 04 12 00 52 11 00 09 06 A0 81 7E
TX:	5:28:30 PM	7E A0 07 03 25 31 77 E0 7E
RX:	5:28:30 PM	7E A8 89 25 03 D2 EF 4E 00 00 1C 02 00 FF 02 02 01 08 02 03 0F 01 16 01 00 02 03 0F 02 16 03 00 02 03 0F 03 16 03 00 02 03 0F 04 16 03 00 02 03 0F 05 16 03 00 02 03 0F 06 16 03 00 02 03 0F 07 16 03 00 02 03 0F 08 16 03 00 01 00 02 04 12 00 53 11 00 09 06 00 00 1C 03 00 FF 02 02 01 0E 02 03 0F 01 16 01 00 02 03 0F 02 16 03 00 02 03 0F 03 16 03 00 02 03 0F 04 16 03 00 02 03 0F 05 16 03 00 02 03 0F 06 16 03 0A 0C 7E
TX:	5:28:30 PM	7E A0 07 03 25 51 71 83 7E
RX:	5:28:30 PM	7E A8 89 25 03 D4 D9 2B 00 02 03 0F 07 16 03 00 02 03 0F 08 16 03 00 02 03 0F 09 16 03 00 02 03 0F 0A 16 03 00 02 03 0F 0B 16 03 00 02 03 0F 0C 16 03 00 02 03 0F 0D 16 03 00 02 03 0F 0E 16 03 00 01 00 02 04 12 00 54 11 00 09 06 00 00 1C 04 00 FF 02 02 01 07 02 03 0F 01 16 01 00 02 03 0F 02 16 03 00 02 03 0F 03 16 03 00 02 03 0F 04 16 03 00 02 03 0F 05 16 03 00 02 03 0F 06 16 03 00 02 03 0F 07 16 03 00 01 81 7C 7E
TX:	5:28:30 PM	7E A0 07 03 25 71 73 A2 7E
RX:	5:28:30 PM	7E A8 89 25 03 D6 CB 08 01 02 02 0F 01 16 01 02 04 12 00 55 11 00 09 06 00 00 1C 05 00 FF 02 02 01 06 02 03 0F 01 16 01 00 02 03 0F 02 16 03 00 02 03 0F 03 16 03 00 02 03 0F 04 16 03 00 02 03 0F 05 16 03 00 02 03 0F 06 16 03 00 01 01 02 02 0F 01 16 01 02 04 12 00 56 11 00 09 06 00 00 1C 07 00 FF 02 02 01 04 02 03 0F 01 16 01 00 02 03 0F 02 16 03 00 02 03 0F 03 16 03 00 02 03 0F 04 16 03 00 01 00 02 04 12 37 C1 7E
TX:	5:28:30 PM	7E A0 07 03 25 91 7D 45 7E
RX:	5:28:30 PM	7E A0 3B 25 03 D8 7F E3 00 0A 11 00 09 06 00 00 0C 00 00 FF 02 02 01 02 02 03 0F 01 16 01 00 02 03 0F 02 16 03 00 01 03 02 02 0F 01 16 01 02 02 0F 02 16 01 02 02 0F 03 16 01 D0 8A 7E
TX:	5:28:30 PM	7E A0 19 03 25 BC 79 D2 E6 E6 00 C0 01 C1 00 08 00 00 01 00 00 FF 02 00 60 1A 7E
RX:	5:28:30 PM	7E A0 1E 25 03 FA 6B 00 E6 E7 00 C4 01 C1 00 09 0C 07 E9 0B 0D FF 11 1C 1E FF FE 5C 00 81 1B 7E
TX:	5:29:09 PM	7E A0 07 03 25 53 63 A0 7E
TX:	5:29:10 PM	7E A0 07 03 25 93 6F 66 7E
RX:	5:29:10 PM	7E A0 1E 25 03 73 A2 19 81 80 12 05 01 80 06 01 80 07 04 00 00 00 01 08 04 00 00 00 01 53 3B 7E
TX:	5:29:10 PM	7E A0 4C 03 25 10 5E 06 E6 E6 00 60 3E A1 09 06 07 60 85 74 05 08 01 01 8A 02 07 80 8B 07 60 85 74 05 08 02 02 AC 12 80 10 67 20 12 55 39 44 08 07 1D 15 02 3C 1A 6B 5A 15 BE 10 04 0E 01 00 00 00 06 5F 1F 04 00 62 1E 5D FF FF 13 F6 7E
RX:	5:29:10 PM	7E A0 58 25 03 30 10 34 E6 E7 00 61 4A A1 09 06 07 60 85 74 05 08 01 01 A2 03 02 01 00 A3 05 A1 03 02 01 0E 88 02 07 80 89 07 60 85 74 05 08 02 02 AA 12 80 10 65 75 40 6F 3B 20 5A 20 18 0E 53 10 26 77 29 50 BE 10 04 0E 08 00 06 5F 1F 04 00 62 1E 5D 04 00 00 07 37 B6 7E
TX:	5:29:10 PM	7E A0 2B 03 25 32 8B CA E6 E6 00 C3 01 C1 00 0F 00 00 28 00 00 FF 01 01 09 10 08 97 B5 15 66 F4 90 25 49 32 0C AA 53 CD ED 1F 78 1A 7E
RX:	5:29:10 PM	7E A0 24 25 03 52 75 B9 E6 E7 00 C7 01 C1 00 01 00 09 10 9F 4E D8 CE A6 1A 9C F6 3A 24 E4 2D 0D D3 86 27 C3 3E 7E
TX:	5:29:10 PM	7E A0 19 03 25 54 3F B9 E6 E6 00 C0 01 C1 00 0F 00 00 28 00 00 FF 02 00 91 53 7E
RX:	5:29:10 PM	7E A8 89 25 03 74 D3 8E E6 E7 00 E0 01 00 01 00 00 82 03 F9 C4 01 C1 00 01 30 02 04 12 00 0F 11 03 09 06 00 00 28 00 00 FF 02 02 01 0B 02 03 0F 01 16 01 00 02 03 0F 02 16 03 00 02 03 0F 03 16 03 00 02 03 0F 04 16 03 00 02 03 0F 05 16 03 00 02 03 0F 06 16 03 00 02 03 0F 07 16 03 00 02 03 0F 08 16 03 00 02 03 0F 09 16 03 00 02 03 0F 0A 16 03 00 02 03 0F 0B 16 03 00 01 06 02 02 0F 01 16 01 02 02 0F 02 16 01 3B C7 7E
TX:	5:29:10 PM	7E A0 07 03 25 71 73 A2 7E
RX:	5:29:10 PM	7E A8 89 25 03 76 C1 AD 02 02 0F 03 16 01 02 02 0F 04 16 01 02 02 0F 05 16 01 02 02 0F 06 16 01 02 04 12 00 17 11 01 09 06 00 00 16 00 00 FF 02 02 01 09 02 03 0F 01 16 01 00 02 03 0F 02 16 03 00 02 03 0F 03 16 03 00 02 03 0F 04 16 03 00 02 03 0F 05 16 03 00 02 03 0F 06 16 03 00 02 03 0F 07 16 03 00 02 03 0F 08 16 03 00 02 03 0F 09 16 03 00 01 00 02 04 12 00 08 11 00 09 06 00 00 01 00 00 FF 02 02 01 09 02 1A 65 7E
TX:	5:29:11 PM	7E A0 07 03 25 91 7D 45 7E
RX:	5:29:11 PM	7E A8 89 25 03 78 BF 44 03 0F 01 16 01 00 02 03 0F 02 16 03 00 02 03 0F 03 16 03 00 02 03 0F 04 16 03 00 02 03 0F 05 16 03 00 02 03 0F 06 16 03 00 02 03 0F 07 16 03 00 02 03 0F 08 16 03 00 02 03 0F 09 16 03 00 01 06 02 02 0F 01 16 01 02 02 0F 02 16 01 02 02 0F 03 16 01 02 02 0F 04 16 01 02 02 0F 05 16 01 02 02 0F 06 16 01 02 04 12 00 0F 11 03 09 06 00 00 28 00 03 FF 02 02 01 0B 02 03 0F 01 16 01 00 02 03 7E 56 7E
TX:	5:29:11 PM	7E A0 07 03 25 B1 7F 64 7E
RX:	5:29:11 PM	7E A8 89 25 03 7A AD 67 0F 02 16 03 00 02 03 0F 03 16 03 00 02 03 0F 04 16 03 00 02 03 0F 05 16 03 00 02 03 0F 06 16 03 00 02 03 0F 07 16 03 00 02 03 0F 08 16 03 00 02 03 0F 09 16 03 00 02 03 0F 0A 16 03 00 02 03 0F 0B 16 03 00 01 06 02 02 0F 01 16 01 02 02 0F 02 16 01 02 02 0F 03 16 01 02 02 0F 04 16 01 02 02 0F 05 16 01 02 02 0F 06 16 01 02 04 12 00 40 11 01 09 06 00 00 2B 00 07 FF 02 02 01 06 02 03 0F 6C BA 7E
TX:	5:29:11 PM	7E A0 07 03 25 D1 79 07 7E
RX:	5:29:11 PM	7E A8 89 25 03 7C 9B 02 01 16 01 00 02 03 0F 02 16 03 00 02 03 0F 03 16 03 00 02 03 0F 04 16 03 00 02 03 0F 05 16 03 00 02 03 0F 06 16 03 00 01 08 02 02 0F 01 16 01 02 02 0F 02 16 01 02 02 0F 03 16 01 02 02 0F 04 16 01 02 02 0F 05 16 01 02 02 0F 06 16 01 02 02 0F 07 16 01 02 02 0F 08 16 01 02 04 12 00 40 11 01 09 06 00 00 2B 00 08 FF 02 02 01 06 02 03 0F 01 16 01 00 02 03 0F 02 16 03 00 02 03 0F 03 16 03 BD 4F 7E
TX:	5:29:11 PM	7E A0 07 03 25 F1 7B 26 7E
RX:	5:29:11 PM	7E A8 89 25 03 7E 89 21 00 02 03 0F 04 16 03 00 02 03 0F 05 16 03 00 02 03 0F 06 16 03 00 01 08 02 02 0F 01 16 01 02 02 0F 02 16 01 02 02 0F 03 16 01 02 02 0F 04 16 01 02 02 0F 05 16 01 02 02 0F 06 16 01 02 02 0F 07 16 01 02 02 0F 08 16 01 02 04 12 00 01 11 00 09 06 00 00 2B 01 08 FF 02 02 01 02 02 03 0F 01 16 01 00 02 03 0F 02 16 03 00 01 00 02 04 12 00 01 11 00 09 06 00 00 2A 00 00 FF 02 02 01 02 02 03 3F FF 7E
TX:	5:29:11 PM	7E A0 07 03 25 11 75 C1 7E
RX:	5:29:11 PM	7E A8 89 25 03 70 F7 C8 0F 01 16 01 00 02 03 0F 02 16 03 00 01 00 02 04 12 00 01 11 00 09 06 01 00 00 02 00 FF 02 02 01 02 02 03 0F 01 16 01 00 02 03 0F 02 16 03 00 01 00 02 04 12 00 01 11 00 09 06 00 00 2B 01 00 FF 02 02 01 02 02 03 0F 01 16 01 00 02 03 0F 02 16 03 00 01 00 02 04 12 00 03 11 00 09 06 01 01 15 19 00 FF 02 02 01 03 02 03 0F 01 16 01 00 02 03 0F 02 16 03 00 02 03 0F 03 16 03 00 01 01 02 02 05 D2 7E
TX:	5:29:11 PM	7E A0 07 03 25 31 77 E0 7E
RX:	5:29:11 PM	7E A8 89 25 03 72 E5 EB 0F 01 16 01 02 04 12 00 1D 11 02 09 06 00 00 02 01 00 FF 02 02 01 06 02 03 0F 01 16 01 00 02 03 0F 02 16 03 00 02 03 0F 03 16 03 00 02 03 0F 04 16 03 00 02 03 0F 05 16 03 00 02 03 0F 06 16 03 00 01 01 02 02 0F 01 16 01 02 04 12 00 14 11 00 09 06 00 00 0D 00 00 FF 02 02 01 0A 02 03 0F 01 16 01 00 02 03 0F 02 16 03 00 02 03 0F 03 16 03 00 02 03 0F 04 16 03 00 02 03 0F 05 16 03 00 02 55 76 7E
TX:	5:29:11 PM	7E A0 07 03 25 51 71 83 7E
RX:	5:29:11 PM	7E A0 0E 25 03 74 BC AE 03 0F 06 16 03 46 06 7E
TX:	5:29:11 PM	7E A0 13 03 25 76 81 67 E6 E6 00 E0 81 00 01 00 01 00 D4 80 7E
RX:	5:29:11 PM	7E A8 89 25 03 96 CF 4A E6 E7 00 E0 01 00 02 00 01 82 03 F9 00 02 03 0F 07 16 03 00 02 03 0F 08 16 03 00 02 03 0F 09 16 03 00 02 03 0F 0A 16 03 00 01 01 02 02 0F 01 16 01 02 04 12 00 13 11 01 09 06 00 00 14 00 00 FF 02 02 01 09 02 03 0F 01 16 01 00 02 03 0F 02 16 03 00 02 03 0F 03 16 03 00 02 03 0F 04 16 03 00 02 03 0F 05 16 03 00 02 03 0F 06 16 03 00 02 03 0F 07 16 03 00 02 03 0F 08 16 03 00 02 03 0F 09 AC 90 7E
TX:	5:29:11 PM	7E A0 07 03 25 91 7D 45 7E
RX:	5:29:11 PM	7E A8 89 25 03 98 B1 A3 16 03 00 01 00 02 04 12 00 05 11 00 09 06 01 00 1F 04 00 FF 02 02 01 09 02 03 0F 01 16 01 00 02 03 0F 02 16 03 00 02 03 0F 03 16 03 00 02 03 0F 04 16 03 00 02 03 0F 05 16 03 00 02 03 0F 06 16 03 00 02 03 0F 07 16 03 00 02 03 0F 08 16 03 00 02 03 0F 09 16 03 00 01 02 02 02 0F 01 16 01 02 02 0F 02 16 01 02 04 12 00 15 11 00 09 06 00 00 10 01 00 FF 02 02 01 04 02 03 0F 01 16 01 00 02 C4 BC 7E
TX:	5:29:11 PM	7E A0 07 03 25 B1 7F 64 7E
RX:	5:29:11 PM	7E A8 89 25 03 9A A3 80 03 0F 02 16 03 00 02 03 0F 03 16 03 00 02 03 0F 04 16 03 00 01 00 02 04 12 00 09 11 00 09 06 00 01 0A 01 65 FF 02 02 01 02 02 03 0F 01 16 01 00 02 03 0F 02 16 03 00 01 01 02 02 0F 01 16 01 02 04 12 00 16 11 00 09 06 00 00 0F 00 00 FF 02 02 01 04 02 03 0F 01 16 01 00 02 03 0F 02 16 03 00 02 03 0F 03 16 03 00 02 03 0F 04 16 03 00 01 00 02 04 12 00 11 11 00 09 06 00 00 29 00 00 FF 02 35 FA 7E
TX:	5:29:11 PM	7E A0 07 03 25 D1 79 07 7E
RX:	5:29:11 PM	7E A8 89 25 03 9C 95 E5 02 01 02 02 03 0F 01 16 01 00 02 03 0F 02 16 03 00 01 01 02 02 0F 01 16 01 02 04 12 00 1C 11 02 09 06 00 00 02 02 00 FF 02 02 01 07 02 03 0F 01 16 01 00 02 03 0F 02 16 03 00 02 03 0F 03 16 03 00 02 03 0F 04 16 03 00 02 03 0F 05 16 03 00 02 03 0F 06 16 03 00 02 03 0F 07 16 03 00 01 00 02 04 12 00 1B 11 00 09 06 00 00 02 00 00 FF 02 02 01 04 02 03 0F 01 16 01 00 02 03 0F 02 16 03 00 00 43 7E
TX:	5:29:11 PM	7E A0 07 03 25 F1 7B 26 7E
RX:	5:29:11 PM	7E A8 89 25 03 9E 87 C6 02 03 0F 03 16 03 00 02 03 0F 04 16 03 00 01 00 02 04 12 00 2B 11 00 09 06 00 00 19 02 00 FF 02 02 01 02 02 03 0F 01 16 01 00 02 03 0F 02 16 03 00 01 00 02 04 12 00 12 11 00 09 06 00 00 2C 00 00 FF 02 02 01 07 02 03 0F 01 16 01 00 02 03 0F 02 16 03 00 02 03 0F 03 16 03 00 02 03 0F 04 16 03 00 02 03 0F 05 16 03 00 02 03 0F 06 16 03 00 02 03 0F 07 16 03 00 01 04 02 02 0F 01 16 01 02 50 8B 7E
TX:	5:29:11 PM	7E A0 07 03 25 11 75 C1 7E
RX:	5:29:11 PM	7E A8 89 25 03 90 F9 2F 02 0F 02 16 01 02 02 0F 03 16 01 02 02 0F 04 16 01 02 04 12 00 2A 11 00 09 06 00 00 19 01 00 FF 02 02 01 0A 02 03 0F 01 16 01 00 02 03 0F 02 16 03 00 02 03 0F 03 16 03 00 02 03 0F 04 16 03 00 02 03 0F 05 16 03 00 02 03 0F 06 16 03 00 02 03 0F 07 16 03 00 02 03 0F 08 16 03 00 02 03 0F 09 16 03 00 02 03 0F 0A 16 03 00 01 03 02 02 0F 01 16 01 02 02 0F 02 16 01 02 02 0F 03 16 01 02 04 B7 DD 7E
TX:	5:29:11 PM	7E A0 07 03 25 31 77 E0 7E
RX:	5:29:11 PM	7E A8 89 25 03 92 EB 0C 12 00 30 11 00 09 06 00 00 19 07 00 FF 02 02 01 0A 02 03 0F 01 16 01 00 02 03 0F 02 16 03 00 02 03 0F 03 16 03 00 02 03 0F 04 16 03 00 02 03 0F 05 16 03 00 02 03 0F 06 16 03 00 02 03 0F 07 16 03 00 02 03 0F 08 16 03 00 02 03 0F 09 16 03 00 02 03 0F 0A 16 03 00 01 02 02 02 0F 01 16 01 02 02 0F 02 16 01 02 04 12 00 28 11 00 09 06 00 00 19 09 00 FF 02 02 01 07 02 03 0F 01 16 01 00 02 D5 E8 7E
TX:	5:29:11 PM	7E A0 07 03 25 51 71 83 7E
RX:	5:29:11 PM	7E A8 89 25 03 94 DD 69 03 0F 02 16 03 00 02 03 0F 03 16 03 00 02 03 0F 04 16 03 00 02 03 0F 05 16 03 00 02 03 0F 06 16 03 00 02 03 0F 07 16 03 00 01 01 02 02 0F 01 16 01 02 04 12 00 0B 11 00 09 06 00 00 0B 00 00 FF 02 02 01 02 02 03 0F 01 16 01 00 02 03 0F 02 16 03 00 01 02 02 02 0F 01 16 01 02 02 0F 02 16 01 02 04 12 00 32 11 00 09 06 00 00 1A 00 00 FF 02 02 01 0F 02 03 0F 01 16 01 00 02 03 0F 02 16 03 91 1A 7E
TX:	5:29:11 PM	7E A0 07 03 25 71 73 A2 7E
RX:	5:29:11 PM	7E A0 0E 25 03 96 A0 6A 00 02 03 0F 03 31 EB 7E
TX:	5:29:11 PM	7E A0 13 03 25 98 F1 69 E6 E6 00 E0 81 00 02 00 02 00 71 8F 7E
RX:	5:29:11 PM	7E A8 89 25 03 B8 B3 82 E6 E7 00 E0 01 00 03 00 02 82 03 F9 16 03 00 02 03 0F 04 16 03 00 02 03 0F 05 16 03 00 02 03 0F 06 16 03 00 02 03 0F 07 16 03 00 02 03 0F 08 16 03 00 02 03 0F 09 16 03 00 02 03 0F 0A 16 03 00 02 03 0F 0B 16 03 00 02 03 0F 0C 16 03 00 02 03 0F 0D 16 03 00 02 03 0F 0E 16 03 00 02 03 0F 0F 16 03 00 01 00 02 04 12 00 33 11 00 09 06 00 00 1A 01 00 FF 02 02 01 02 02 03 0F 01 16 01 00 02 04 65 7E
TX:	5:29:11 PM	7E A0 07 03 25 B1 7F 64 7E
RX:	5:29:11 PM	7E A8 89 25 03 BA A1 A1 03 0F 02 16 03 00 01 01 02 02 0F 01 16 01 02 04 12 00 35 11 00 09 06 00 00 1A 03 00 FF 02 02 01 08 02 03 0F 01 16 01 00 02 03 0F 02 16 03 00 02 03 0F 03 16 03 00 02 03 0F 04 16 03 00 02 03 0F 05 16 03 00 02 03 0F 06 16 03 00 02 03 0F 07 16 03 00 02 03 0F 08 16 03 00 01 01 02 02 0F 01 16 01 02 04 12 00 34 11 00 09 06 00 00 1A 02 00 FF 02 02 01 05 02 03 0F 01 16 01 00 02 03 0F 02 16 F0 E2 7E
TX:	5:29:11 PM	7E A0 07 03 25 D1 79 07 7E
RX:	5:29:11 PM	7E A8 89 25 03 BC 97 C4 03 00 02 03 0F 03 16 03 00 02 03 0F 04 16 03 00 02 03 0F 05 16 03 00 01 00 02 04 12 00 5C 11 03 09 06 00 00 1D 02 00 FF 02 02 01 17 02 03 0F 01 16 01 00 02 03 0F 02 16 03 00 02 03 0F 03 16 03 00 02 03 0F 04 16 03 00 02 03 0F 05 16 03 00 02 03 0F 06 16 03 00 02 03 0F 07 16 03 00 02 03 0F 08 16 03 00 02 03 0F 09 16 03 00 02 03 0F 0A 16 03 00 02 03 0F 0B 16 03 00 02 03 0F 0C 16 03 00 29 53 7E
TX:	5:29:11 PM	7E A0 07 03 25 F1 7B 26 7E
RX:	5:29:11 PM	7E A8 89 25 03 BE 85 E7 02 03 0F 0D 16 03 00 02 03 0F 0E 16 03 00 02 03 0F 0F 16 03 00 02 03 0F 10 16 03 00 02 03 0F 11 16 03 00 02 03 0F 12 16 03 00 02 03 0F 13 16 03 00 02 03 0F 14 16 03 00 02 03 0F 15 16 03 00 02 03 0F 16 16 03 00 02 03 0F 17 16 03 00 01 00 02 04 12 00 5A 11 01 09 06 00 00 1D 00 00 FF 02 02 01 0A 02 03 0F 01 16 01 00 02 03 0F 02 16 03 00 02 03 0F 03 16 03 00 02 03 0F 04 16 03 00 02 03 40 5D 7E
TX:	5:29:11 PM	7E A0 07 03 25 11 75 C1 7E
RX:	5:29:11 PM	7E A8 89 25 03 B0 FB 0E 0F 05 16 03 00 02 03 0F 06 16 03 00 02 03 0F 07 16 03 00 02 03 0F 08 16 03 00 02 03 0F 09 16 03 00 02 03 0F 0A 16 03 00 01 01 02 02 0F 01 16 01 02 04 12 00 5B 11 03 09 06 00 00 1D 01 00 FF 02 02 01 1A 02 03 0F 01 16 01 00 02 03 0F 02 16 03 00 02 03 0F 03 16 03 00 02 03 0F 04 16 03 00 02 03 0F 05 16 03 00 02 03 0F 06 16 03 00 02 03 0F 07 16 03 00 02 03 0F 08 16 03 00 02 03 0F 09 16 B3 5B 7E
TX:	5:29:11 PM	7E A0 07 03 25 31 77 E0 7E
RX:	5:29:11 PM	7E A8 89 25 03 B2 E9 2D 03 00 02 03 0F 0A 16 03 00 02 03 0F 0B 16 03 00 02 03 0F 0C 16 03 00 02 03 0F 0D 16 03 00 02 03 0F 0E 16 03 00 02 03 0F 0F 16 03 00 02 03 0F 10 16 03 00 02 03 0F 11 16 03 00 02 03 0F 12 16 03 00 02 03 0F 13 16 03 00 02 03 0F 14 16 03 00 02 03 0F 15 16 03 00 02 03 0F 16 16 03 00 02 03 0F 17 16 03 00 02 03 0F 18 16 03 00 02 03 0F 19 16 03 00 02 03 0F 1A 16 03 00 01 02 02 02 0F 01 16 B8 2C 7E
TX:	5:29:11 PM	7E A0 07 03 25 51 71 83 7E
RX:	5:29:11 PM	7E A8 89 25 03 B4 DF 48 01 02 02 0F 02 16 01 02 04 12 00 6F 11 00 09 06 00 00 13 00 00 FF 02 02 01 13 02 03 0F 01 16 01 00 02 03 0F 02 16 03 00 02 03 0F 03 16 03 00 02 03 0F 04 16 03 00 02 03 0F 05 16 03 00 02 03 0F 06 16 03 00 02 03 0F 07 16 03 00 02 03 0F 08 16 03 00 02 03 0F 09 16 03 00 02 03 0F 0A 16 03 00 02 03 0F 0B 16 03 00 02 03 0F 0C 16 03 00 02 03 0F 0D 16 03 00 02 03 0F 0E 16 03 00 02 03 0F 0F 65 D0 7E
TX:	5:29:11 PM	7E A0 07 03 25 71 73 A2 7E
RX:	5:29:11 PM	7E A8 89 25 03 B6 CD 6B 16 03 00 02 03 0F 10 16 03 00 02 03 0F 11 16 03 00 02 03 0F 12 16 03 00 02 03 0F 13 16 03 00 01 03 02 02 0F 01 16 01 02 02 0F 02 16 01 02 02 0F 03 16 01 02 04 12 00 70 11 00 09 06 00 00 13 0A 00 FF 02 02 01 0B 02 03 0F 01 16 01 00 02 03 0F 02 16 03 00 02 03 0F 03 16 03 00 02 03 0F 04 16 03 00 02 03 0F 05 16 03 00 02 03 0F 06 16 03 00 02 03 0F 07 16 03 00 02 03 0F 08 16 03 00 02 03 6B F6 7E
TX:	5:29:11 PM	7E A0 07 03 25 91 7D 45 7E
RX:	5:29:11 PM	7E A0 0E 25 03 B8 DC A2 0F 09 16 03 00 CB 66 7E
TX:	5:29:11 PM	7E A0 13 03 25 BA E1 6B E6 E6 00 E0 81 00 03 00 03 00 12 8A 7E
RX:	5:29:11 PM	7E A8 89 25 03 DA A7 C2 E6 E7 00 E0 81 00 04 00 03 82 03 A6 02 03 0F 0A 16 03 00 02 03 0F 0B 16 03 00 01 03 02 02 0F 01 16 01 02 02 0F 02 16 01 02 02 0F 03 16 01 02 04 12 00 71 11 00 09 06 00 00 13 14 00 FF 02 02 01 0D 02 03 0F 01 16 01 00 02 03 0F 02 16 03 00 02 03 0F 03 16 03 00 02 03 0F 04 16 03 00 02 03 0F 05 16 03 00 02 03 0F 06 16 03 00 02 03 0F 07 16 03 00 02 03 0F 08 16 03 00 02 03 0F 09 16 03 00 C1 38 7E
TX:	5:29:11 PM	7E A0 07 03 25 D1 79 07 7E
RX:	5:29:11 PM	7E A8 89 25 03 DC 91 A7 02 03 0F 0A 16 03 00 02 03 0F 0B 16 03 00 02 03 0F 0C 16 03 00 02 03 0F 0D 16 03 00 01 05 02 02 0F 01 16 01 02 02 0F 02 16 01 02 02 0F 03 16 01 02 02 0F 04 16 01 02 02 0F 05 16 01 02 04 12 00 73 11 00 09 06 00 00 13 28 00 FF 02 02 01 06 02 03 0F 01 16 01 00 02 03 0F 02 16 03 00 02 03 0F 03 16 03 00 02 03 0F 04 16 03 00 02 03 0F 05 16 03 00 02 03 0F 06 16 03 00 01 01 02 02 0F 01 16 0C 75 7E
TX:	5:29:11 PM	7E A0 07 03 25 F1 7B 26 7E
RX:	5:29:11 PM	7E A8 89 25 03 DE 83 84 01 02 04 12 00 3E 11 01 09 06 00 00 42 00 01 FF 02 02 01 06 02 03 0F 01 16 01 00 02 03 0F 02 16 03 00 02 03 0F 03 16 03 00 02 03 0F 04 16 03 00 02 03 0F 05 16 03 00 02 03 0F 06 16 03 00 01 02 02 02 0F 01 16 01 02 02 0F 02 16 01 02 04 12 00 46 11 01 09 06 00 00 60 03 0A FF 02 02 01 04 02 03 0F 01 16 01 00 02 03 0F 02 16 03 00 02 03 0F 03 16 03 00 02 03 0F 04 16 03 00 01 02 02 02 0F DA 6F 7E
TX:	5:29:11 PM	7E A0 07 03 25 11 75 C1 7E
RX:	5:29:11 PM	7E A8 89 25 03 D0 FD 6D 01 16 01 02 02 0F 02 16 01 02 04 12 00 50 11 00 09 06 00 00 1C 00 00 FF 02 02 01 03 02 03 0F 01 16 01 00 02 03 0F 02 16 03 00 02 03 0F 03 16 03 00 01 01 02 02 0F 01 16 01 02 04 12 00 51 11 00 09 06 00 00 1C 01 00 FF 02 02 01 05 02 03 0F 01 16 01 00 02 03 0F 02 16 03 00 02 03 0F 03 16 03 00 02 03 0F 04 16 03 00 02 03 0F 05 16 03 00 01 01 02 02 0F 01 16 01 02 04 12 00 52 11 00 09 06 A0 81 7E
TX:	5:29:11 PM	7E A0 07 03 25 31 77 E0 7E
RX:	5:29:11 PM	7E A8 89 25 03 D2 EF 4E 00 00 1C 02 00 FF 02 02 01 08 02 03 0F 01 16 01 00 02 03 0F 02 16 03 00 02 03 0F 03 16 03 00 02 03 0F 04 16 03 00 02 03 0F 05 16 03 00 02 03 0F 06 16 03 00 02 03 0F 07 16 03 00 02 03 0F 08 16 03 00 01 00 02 04 12 00 53 11 00 09 06 00 00 1C 03 00 FF 02 02 01 0E 02 03 0F 01 16 01 00 02 03 0F 02 16 03 00 02 03 0F 03 16 03 00 02 03 0F 04 16 03 00 02 03 0F 05 16 03 00 02 03 0F 06 16 03 0A 0C 7E
TX:	5:29:11 PM	7E A0 07 03 25 51 71 83 7E
RX:	5:29:11 PM	7E A8 89 25 03 D4 D9 2B 00 02 03 0F 07 16 03 00 02 03 0F 08 16 03 00 02 03 0F 09 16 03 00 02 03 0F 0A 16 03 00 02 03 0F 0B 16 03 00 02 03 0F 0C 16 03 00 02 03 0F 0D 16 03 00 02 03 0F 0E 16 03 00 01 00 02 04 12 00 54 11 00 09 06 00 00 1C 04 00 FF 02 02 01 07 02 03 0F 01 16 01 00 02 03 0F 02 16 03 00 02 03 0F 03 16 03 00 02 03 0F 04 16 03 00 02 03 0F 05 16 03 00 02 03 0F 06 16 03 00 02 03 0F 07 16 03 00 01 81 7C 7E
TX:	5:29:11 PM	7E A0 07 03 25 71 73 A2 7E
RX:	5:29:11 PM	7E A8 89 25 03 D6 CB 08 01 02 02 0F 01 16 01 02 04 12 00 55 11 00 09 06 00 00 1C 05 00 FF 02 02 01 06 02 03 0F 01 16 01 00 02 03 0F 02 16 03 00 02 03 0F 03 16 03 00 02 03 0F 04 16 03 00 02 03 0F 05 16 03 00 02 03 0F 06 16 03 00 01 01 02 02 0F 01 16 01 02 04 12 00 56 11 00 09 06 00 00 1C 07 00 FF 02 02 01 04 02 03 0F 01 16 01 00 02 03 0F 02 16 03 00 02 03 0F 03 16 03 00 02 03 0F 04 16 03 00 01 00 02 04 12 37 C1 7E
TX:	5:29:11 PM	7E A0 07 03 25 91 7D 45 7E
RX:	5:29:11 PM	7E A0 3B 25 03 D8 7F E3 00 0A 11 00 09 06 00 00 0C 00 00 FF 02 02 01 02 02 03 0F 01 16 01 00 02 03 0F 02 16 03 00 01 03 02 02 0F 01 16 01 02 02 0F 02 16 01 02 02 0F 03 16 01 D0 8A 7E
TX:	5:29:11 PM	7E A0 19 03 25 BC 79 D2 E6 E6 00 C0 01 C1 00 08 00 00 01 00 00 FF 02 00 60 1A 7E
RX:	5:29:11 PM	7E A0 1E 25 03 FA 6B 00 E6 E7 00 C4 01 C1 00 09 0C 07 E9 0B 0D FF 11 1D 0B FF FE 5C 00 BE 8D 7E
TX:	5:29:17 PM	7E A0 19 03 25 DE 6D 92 E6 E6 00 C0 01 C1 00 08 00 00 01 00 00 FF 02 00 60 1A 7E
RX:	5:29:17 PM	7E A0 1E 25 03 1C 53 82 E6 E7 00 C4 01 C1 00 09 0C 07 E9 0B 0D FF 11 1D 11 FF FE 5C 00 56 75 7E
TX:	5:29:43 PM	7E A0 07 03 25 53 63 A0 7E
TX:	5:29:48 PM	7E A0 07 03 25 53 63 A0 7E
RX:	5:29:48 PM	7E A0 07 25 03 1F 0A 8A 7E
TX:	5:29:48 PM	7E A0 07 03 25 93 6F 66 7E
TX:	5:29:53 PM	7E A0 07 03 25 93 6F 66 7E
TX:	5:30:28 PM	7E A0 07 03 25 93 6F 66 7E
RX:	5:30:28 PM	7E A0 1E 25 03 73 A2 19 81 80 12 05 01 80 06 01 80 07 04 00 00 00 01 08 04 00 00 00 01 53 3B 7E
TX:	5:30:28 PM	7E A0 4C 03 25 10 5E 06 E6 E6 00 60 3E A1 09 06 07 60 85 74 05 08 01 01 8A 02 07 80 8B 07 60 85 74 05 08 02 02 AC 12 80 10 2F 4C 59 5E 34 14 76 61 36 38 1D 03 1F 1C 0D 41 BE 10 04 0E 01 00 00 00 06 5F 1F 04 00 62 1E 5D FF FF 8B 60 7E
RX:	5:30:28 PM	7E A0 58 25 03 30 10 34 E6 E7 00 61 4A A1 09 06 07 60 85 74 05 08 01 01 A2 03 02 01 00 A3 05 A1 03 02 01 0E 88 02 07 80 89 07 60 85 74 05 08 02 02 AA 12 80 10 08 0B 4D 2C 0F 18 45 69 14 20 10 04 72 69 38 77 BE 10 04 0E 08 00 06 5F 1F 04 00 62 1E 5D 04 00 00 07 F1 B8 7E
TX:	5:30:29 PM	7E A0 2B 03 25 32 8B CA E6 E6 00 C3 01 C1 00 0F 00 00 28 00 00 FF 01 01 09 10 32 65 74 14 86 81 43 3E CA 49 E6 B4 74 DF 51 E7 E2 0D 7E
RX:	5:30:29 PM	7E A0 24 25 03 52 75 B9 E6 E7 00 C7 01 C1 00 01 00 09 10 51 70 9A 58 D4 E8 FF A0 8B F3 C4 05 F3 E2 D4 DF 9C 54 7E
TX:	5:30:29 PM	7E A0 19 03 25 54 3F B9 E6 E6 00 C0 01 C1 00 0F 00 00 28 00 00 FF 02 00 91 53 7E
RX:	5:30:29 PM	7E A8 89 25 03 74 D3 8E E6 E7 00 E0 01 00 01 00 00 82 03 F9 C4 01 C1 00 01 30 02 04 12 00 0F 11 03 09 06 00 00 28 00 00 FF 02 02 01 0B 02 03 0F 01 16 01 00 02 03 0F 02 16 03 00 02 03 0F 03 16 03 00 02 03 0F 04 16 03 00 02 03 0F 05 16 03 00 02 03 0F 06 16 03 00 02 03 0F 07 16 03 00 02 03 0F 08 16 03 00 02 03 0F 09 16 03 00 02 03 0F 0A 16 03 00 02 03 0F 0B 16 03 00 01 06 02 02 0F 01 16 01 02 02 0F 02 16 01 3B C7 7E
TX:	5:30:29 PM	7E A0 07 03 25 71 73 A2 7E
RX:	5:30:29 PM	7E A8 89 25 03 76 C1 AD 02 02 0F 03 16 01 02 02 0F 04 16 01 02 02 0F 05 16 01 02 02 0F 06 16 01 02 04 12 00 17 11 01 09 06 00 00 16 00 00 FF 02 02 01 09 02 03 0F 01 16 01 00 02 03 0F 02 16 03 00 02 03 0F 03 16 03 00 02 03 0F 04 16 03 00 02 03 0F 05 16 03 00 02 03 0F 06 16 03 00 02 03 0F 07 16 03 00 02 03 0F 08 16 03 00 02 03 0F 09 16 03 00 01 00 02 04 12 00 08 11 00 09 06 00 00 01 00 00 FF 02 02 01 09 02 1A 65 7E
TX:	5:30:29 PM	7E A0 07 03 25 91 7D 45 7E
RX:	5:30:29 PM	7E A8 89 25 03 78 BF 44 03 0F 01 16 01 00 02 03 0F 02 16 03 00 02 03 0F 03 16 03 00 02 03 0F 04 16 03 00 02 03 0F 05 16 03 00 02 03 0F 06 16 03 00 02 03 0F 07 16 03 00 02 03 0F 08 16 03 00 02 03 0F 09 16 03 00 01 06 02 02 0F 01 16 01 02 02 0F 02 16 01 02 02 0F 03 16 01 02 02 0F 04 16 01 02 02 0F 05 16 01 02 02 0F 06 16 01 02 04 12 00 0F 11 03 09 06 00 00 28 00 03 FF 02 02 01 0B 02 03 0F 01 16 01 00 02 03 7E 56 7E
TX:	5:30:29 PM	7E A0 07 03 25 B1 7F 64 7E
RX:	5:30:29 PM	7E A8 89 25 03 7A AD 67 0F 02 16 03 00 02 03 0F 03 16 03 00 02 03 0F 04 16 03 00 02 03 0F 05 16 03 00 02 03 0F 06 16 03 00 02 03 0F 07 16 03 00 02 03 0F 08 16 03 00 02 03 0F 09 16 03 00 02 03 0F 0A 16 03 00 02 03 0F 0B 16 03 00 01 06 02 02 0F 01 16 01 02 02 0F 02 16 01 02 02 0F 03 16 01 02 02 0F 04 16 01 02 02 0F 05 16 01 02 02 0F 06 16 01 02 04 12 00 40 11 01 09 06 00 00 2B 00 07 FF 02 02 01 06 02 03 0F 6C BA 7E
TX:	5:30:29 PM	7E A0 07 03 25 D1 79 07 7E
RX:	5:30:29 PM	7E A8 89 25 03 7C 9B 02 01 16 01 00 02 03 0F 02 16 03 00 02 03 0F 03 16 03 00 02 03 0F 04 16 03 00 02 03 0F 05 16 03 00 02 03 0F 06 16 03 00 01 08 02 02 0F 01 16 01 02 02 0F 02 16 01 02 02 0F 03 16 01 02 02 0F 04 16 01 02 02 0F 05 16 01 02 02 0F 06 16 01 02 02 0F 07 16 01 02 02 0F 08 16 01 02 04 12 00 40 11 01 09 06 00 00 2B 00 08 FF 02 02 01 06 02 03 0F 01 16 01 00 02 03 0F 02 16 03 00 02 03 0F 03 16 03 BD 4F 7E
TX:	5:30:29 PM	7E A0 07 03 25 F1 7B 26 7E
RX:	5:30:29 PM	7E A8 89 25 03 7E 89 21 00 02 03 0F 04 16 03 00 02 03 0F 05 16 03 00 02 03 0F 06 16 03 00 01 08 02 02 0F 01 16 01 02 02 0F 02 16 01 02 02 0F 03 16 01 02 02 0F 04 16 01 02 02 0F 05 16 01 02 02 0F 06 16 01 02 02 0F 07 16 01 02 02 0F 08 16 01 02 04 12 00 01 11 00 09 06 00 00 2B 01 08 FF 02 02 01 02 02 03 0F 01 16 01 00 02 03 0F 02 16 03 00 01 00 02 04 12 00 01 11 00 09 06 00 00 2A 00 00 FF 02 02 01 02 02 03 3F FF 7E
TX:	5:30:29 PM	7E A0 07 03 25 11 75 C1 7E
RX:	5:30:29 PM	7E A8 89 25 03 70 F7 C8 0F 01 16 01 00 02 03 0F 02 16 03 00 01 00 02 04 12 00 01 11 00 09 06 01 00 00 02 00 FF 02 02 01 02 02 03 0F 01 16 01 00 02 03 0F 02 16 03 00 01 00 02 04 12 00 01 11 00 09 06 00 00 2B 01 00 FF 02 02 01 02 02 03 0F 01 16 01 00 02 03 0F 02 16 03 00 01 00 02 04 12 00 03 11 00 09 06 01 01 15 19 00 FF 02 02 01 03 02 03 0F 01 16 01 00 02 03 0F 02 16 03 00 02 03 0F 03 16 03 00 01 01 02 02 05 D2 7E
TX:	5:30:29 PM	7E A0 07 03 25 31 77 E0 7E
RX:	5:30:29 PM	7E A8 89 25 03 72 E5 EB 0F 01 16 01 02 04 12 00 1D 11 02 09 06 00 00 02 01 00 FF 02 02 01 06 02 03 0F 01 16 01 00 02 03 0F 02 16 03 00 02 03 0F 03 16 03 00 02 03 0F 04 16 03 00 02 03 0F 05 16 03 00 02 03 0F 06 16 03 00 01 01 02 02 0F 01 16 01 02 04 12 00 14 11 00 09 06 00 00 0D 00 00 FF 02 02 01 0A 02 03 0F 01 16 01 00 02 03 0F 02 16 03 00 02 03 0F 03 16 03 00 02 03 0F 04 16 03 00 02 03 0F 05 16 03 00 02 55 76 7E
TX:	5:30:29 PM	7E A0 07 03 25 51 71 83 7E
RX:	5:30:29 PM	7E A0 0E 25 03 74 BC AE 03 0F 06 16 03 46 06 7E
TX:	5:30:29 PM	7E A0 13 03 25 76 81 67 E6 E6 00 E0 81 00 01 00 01 00 D4 80 7E
RX:	5:30:29 PM	7E A8 89 25 03 96 CF 4A E6 E7 00 E0 01 00 02 00 01 82 03 F9 00 02 03 0F 07 16 03 00 02 03 0F 08 16 03 00 02 03 0F 09 16 03 00 02 03 0F 0A 16 03 00 01 01 02 02 0F 01 16 01 02 04 12 00 13 11 01 09 06 00 00 14 00 00 FF 02 02 01 09 02 03 0F 01 16 01 00 02 03 0F 02 16 03 00 02 03 0F 03 16 03 00 02 03 0F 04 16 03 00 02 03 0F 05 16 03 00 02 03 0F 06 16 03 00 02 03 0F 07 16 03 00 02 03 0F 08 16 03 00 02 03 0F 09 AC 90 7E
TX:	5:30:29 PM	7E A0 07 03 25 91 7D 45 7E
RX:	5:30:29 PM	7E A8 89 25 03 98 B1 A3 16 03 00 01 00 02 04 12 00 05 11 00 09 06 01 00 1F 04 00 FF 02 02 01 09 02 03 0F 01 16 01 00 02 03 0F 02 16 03 00 02 03 0F 03 16 03 00 02 03 0F 04 16 03 00 02 03 0F 05 16 03 00 02 03 0F 06 16 03 00 02 03 0F 07 16 03 00 02 03 0F 08 16 03 00 02 03 0F 09 16 03 00 01 02 02 02 0F 01 16 01 02 02 0F 02 16 01 02 04 12 00 15 11 00 09 06 00 00 10 01 00 FF 02 02 01 04 02 03 0F 01 16 01 00 02 C4 BC 7E
TX:	5:30:29 PM	7E A0 07 03 25 B1 7F 64 7E
RX:	5:30:29 PM	7E A8 89 25 03 9A A3 80 03 0F 02 16 03 00 02 03 0F 03 16 03 00 02 03 0F 04 16 03 00 01 00 02 04 12 00 09 11 00 09 06 00 01 0A 01 65 FF 02 02 01 02 02 03 0F 01 16 01 00 02 03 0F 02 16 03 00 01 01 02 02 0F 01 16 01 02 04 12 00 16 11 00 09 06 00 00 0F 00 00 FF 02 02 01 04 02 03 0F 01 16 01 00 02 03 0F 02 16 03 00 02 03 0F 03 16 03 00 02 03 0F 04 16 03 00 01 00 02 04 12 00 11 11 00 09 06 00 00 29 00 00 FF 02 35 FA 7E
TX:	5:30:29 PM	7E A0 07 03 25 D1 79 07 7E
RX:	5:30:29 PM	7E A8 89 25 03 9C 95 E5 02 01 02 02 03 0F 01 16 01 00 02 03 0F 02 16 03 00 01 01 02 02 0F 01 16 01 02 04 12 00 1C 11 02 09 06 00 00 02 02 00 FF 02 02 01 07 02 03 0F 01 16 01 00 02 03 0F 02 16 03 00 02 03 0F 03 16 03 00 02 03 0F 04 16 03 00 02 03 0F 05 16 03 00 02 03 0F 06 16 03 00 02 03 0F 07 16 03 00 01 00 02 04 12 00 1B 11 00 09 06 00 00 02 00 00 FF 02 02 01 04 02 03 0F 01 16 01 00 02 03 0F 02 16 03 00 00 43 7E
TX:	5:30:29 PM	7E A0 07 03 25 F1 7B 26 7E
RX:	5:30:29 PM	7E A8 89 25 03 9E 87 C6 02 03 0F 03 16 03 00 02 03 0F 04 16 03 00 01 00 02 04 12 00 2B 11 00 09 06 00 00 19 02 00 FF 02 02 01 02 02 03 0F 01 16 01 00 02 03 0F 02 16 03 00 01 00 02 04 12 00 12 11 00 09 06 00 00 2C 00 00 FF 02 02 01 07 02 03 0F 01 16 01 00 02 03 0F 02 16 03 00 02 03 0F 03 16 03 00 02 03 0F 04 16 03 00 02 03 0F 05 16 03 00 02 03 0F 06 16 03 00 02 03 0F 07 16 03 00 01 04 02 02 0F 01 16 01 02 50 8B 7E
TX:	5:30:29 PM	7E A0 07 03 25 11 75 C1 7E
RX:	5:30:29 PM	7E A8 89 25 03 90 F9 2F 02 0F 02 16 01 02 02 0F 03 16 01 02 02 0F 04 16 01 02 04 12 00 2A 11 00 09 06 00 00 19 01 00 FF 02 02 01 0A 02 03 0F 01 16 01 00 02 03 0F 02 16 03 00 02 03 0F 03 16 03 00 02 03 0F 04 16 03 00 02 03 0F 05 16 03 00 02 03 0F 06 16 03 00 02 03 0F 07 16 03 00 02 03 0F 08 16 03 00 02 03 0F 09 16 03 00 02 03 0F 0A 16 03 00 01 03 02 02 0F 01 16 01 02 02 0F 02 16 01 02 02 0F 03 16 01 02 04 B7 DD 7E
TX:	5:30:29 PM	7E A0 07 03 25 31 77 E0 7E
RX:	5:30:29 PM	7E A8 89 25 03 92 EB 0C 12 00 30 11 00 09 06 00 00 19 07 00 FF 02 02 01 0A 02 03 0F 01 16 01 00 02 03 0F 02 16 03 00 02 03 0F 03 16 03 00 02 03 0F 04 16 03 00 02 03 0F 05 16 03 00 02 03 0F 06 16 03 00 02 03 0F 07 16 03 00 02 03 0F 08 16 03 00 02 03 0F 09 16 03 00 02 03 0F 0A 16 03 00 01 02 02 02 0F 01 16 01 02 02 0F 02 16 01 02 04 12 00 28 11 00 09 06 00 00 19 09 00 FF 02 02 01 07 02 03 0F 01 16 01 00 02 D5 E8 7E
TX:	5:30:29 PM	7E A0 07 03 25 51 71 83 7E
RX:	5:30:29 PM	7E A8 89 25 03 94 DD 69 03 0F 02 16 03 00 02 03 0F 03 16 03 00 02 03 0F 04 16 03 00 02 03 0F 05 16 03 00 02 03 0F 06 16 03 00 02 03 0F 07 16 03 00 01 01 02 02 0F 01 16 01 02 04 12 00 0B 11 00 09 06 00 00 0B 00 00 FF 02 02 01 02 02 03 0F 01 16 01 00 02 03 0F 02 16 03 00 01 02 02 02 0F 01 16 01 02 02 0F 02 16 01 02 04 12 00 32 11 00 09 06 00 00 1A 00 00 FF 02 02 01 0F 02 03 0F 01 16 01 00 02 03 0F 02 16 03 91 1A 7E
TX:	5:30:29 PM	7E A0 07 03 25 71 73 A2 7E
RX:	5:30:29 PM	7E A0 0E 25 03 96 A0 6A 00 02 03 0F 03 31 EB 7E
TX:	5:30:29 PM	7E A0 13 03 25 98 F1 69 E6 E6 00 E0 81 00 02 00 02 00 71 8F 7E
RX:	5:30:29 PM	7E A8 89 25 03 B8 B3 82 E6 E7 00 E0 01 00 03 00 02 82 03 F9 16 03 00 02 03 0F 04 16 03 00 02 03 0F 05 16 03 00 02 03 0F 06 16 03 00 02 03 0F 07 16 03 00 02 03 0F 08 16 03 00 02 03 0F 09 16 03 00 02 03 0F 0A 16 03 00 02 03 0F 0B 16 03 00 02 03 0F 0C 16 03 00 02 03 0F 0D 16 03 00 02 03 0F 0E 16 03 00 02 03 0F 0F 16 03 00 01 00 02 04 12 00 33 11 00 09 06 00 00 1A 01 00 FF 02 02 01 02 02 03 0F 01 16 01 00 02 04 65 7E
TX:	5:30:29 PM	7E A0 07 03 25 B1 7F 64 7E
RX:	5:30:29 PM	7E A8 89 25 03 BA A1 A1 03 0F 02 16 03 00 01 01 02 02 0F 01 16 01 02 04 12 00 35 11 00 09 06 00 00 1A 03 00 FF 02 02 01 08 02 03 0F 01 16 01 00 02 03 0F 02 16 03 00 02 03 0F 03 16 03 00 02 03 0F 04 16 03 00 02 03 0F 05 16 03 00 02 03 0F 06 16 03 00 02 03 0F 07 16 03 00 02 03 0F 08 16 03 00 01 01 02 02 0F 01 16 01 02 04 12 00 34 11 00 09 06 00 00 1A 02 00 FF 02 02 01 05 02 03 0F 01 16 01 00 02 03 0F 02 16 F0 E2 7E
TX:	5:30:29 PM	7E A0 07 03 25 D1 79 07 7E
RX:	5:30:29 PM	7E A8 89 25 03 BC 97 C4 03 00 02 03 0F 03 16 03 00 02 03 0F 04 16 03 00 02 03 0F 05 16 03 00 01 00 02 04 12 00 5C 11 03 09 06 00 00 1D 02 00 FF 02 02 01 17 02 03 0F 01 16 01 00 02 03 0F 02 16 03 00 02 03 0F 03 16 03 00 02 03 0F 04 16 03 00 02 03 0F 05 16 03 00 02 03 0F 06 16 03 00 02 03 0F 07 16 03 00 02 03 0F 08 16 03 00 02 03 0F 09 16 03 00 02 03 0F 0A 16 03 00 02 03 0F 0B 16 03 00 02 03 0F 0C 16 03 00 29 53 7E
TX:	5:30:29 PM	7E A0 07 03 25 F1 7B 26 7E
RX:	5:30:29 PM	7E A8 89 25 03 BE 85 E7 02 03 0F 0D 16 03 00 02 03 0F 0E 16 03 00 02 03 0F 0F 16 03 00 02 03 0F 10 16 03 00 02 03 0F 11 16 03 00 02 03 0F 12 16 03 00 02 03 0F 13 16 03 00 02 03 0F 14 16 03 00 02 03 0F 15 16 03 00 02 03 0F 16 16 03 00 02 03 0F 17 16 03 00 01 00 02 04 12 00 5A 11 01 09 06 00 00 1D 00 00 FF 02 02 01 0A 02 03 0F 01 16 01 00 02 03 0F 02 16 03 00 02 03 0F 03 16 03 00 02 03 0F 04 16 03 00 02 03 40 5D 7E
TX:	5:30:29 PM	7E A0 07 03 25 11 75 C1 7E
RX:	5:30:29 PM	7E A8 89 25 03 B0 FB 0E 0F 05 16 03 00 02 03 0F 06 16 03 00 02 03 0F 07 16 03 00 02 03 0F 08 16 03 00 02 03 0F 09 16 03 00 02 03 0F 0A 16 03 00 01 01 02 02 0F 01 16 01 02 04 12 00 5B 11 03 09 06 00 00 1D 01 00 FF 02 02 01 1A 02 03 0F 01 16 01 00 02 03 0F 02 16 03 00 02 03 0F 03 16 03 00 02 03 0F 04 16 03 00 02 03 0F 05 16 03 00 02 03 0F 06 16 03 00 02 03 0F 07 16 03 00 02 03 0F 08 16 03 00 02 03 0F 09 16 B3 5B 7E
TX:	5:30:29 PM	7E A0 07 03 25 31 77 E0 7E
RX:	5:30:29 PM	7E A8 89 25 03 B2 E9 2D 03 00 02 03 0F 0A 16 03 00 02 03 0F 0B 16 03 00 02 03 0F 0C 16 03 00 02 03 0F 0D 16 03 00 02 03 0F 0E 16 03 00 02 03 0F 0F 16 03 00 02 03 0F 10 16 03 00 02 03 0F 11 16 03 00 02 03 0F 12 16 03 00 02 03 0F 13 16 03 00 02 03 0F 14 16 03 00 02 03 0F 15 16 03 00 02 03 0F 16 16 03 00 02 03 0F 17 16 03 00 02 03 0F 18 16 03 00 02 03 0F 19 16 03 00 02 03 0F 1A 16 03 00 01 02 02 02 0F 01 16 B8 2C 7E
TX:	5:30:29 PM	7E A0 07 03 25 51 71 83 7E
RX:	5:30:29 PM	7E A8 89 25 03 B4 DF 48 01 02 02 0F 02 16 01 02 04 12 00 6F 11 00 09 06 00 00 13 00 00 FF 02 02 01 13 02 03 0F 01 16 01 00 02 03 0F 02 16 03 00 02 03 0F 03 16 03 00 02 03 0F 04 16 03 00 02 03 0F 05 16 03 00 02 03 0F 06 16 03 00 02 03 0F 07 16 03 00 02 03 0F 08 16 03 00 02 03 0F 09 16 03 00 02 03 0F 0A 16 03 00 02 03 0F 0B 16 03 00 02 03 0F 0C 16 03 00 02 03 0F 0D 16 03 00 02 03 0F 0E 16 03 00 02 03 0F 0F 65 D0 7E
TX:	5:30:29 PM	7E A0 07 03 25 71 73 A2 7E
RX:	5:30:29 PM	7E A8 89 25 03 B6 CD 6B 16 03 00 02 03 0F 10 16 03 00 02 03 0F 11 16 03 00 02 03 0F 12 16 03 00 02 03 0F 13 16 03 00 01 03 02 02 0F 01 16 01 02 02 0F 02 16 01 02 02 0F 03 16 01 02 04 12 00 70 11 00 09 06 00 00 13 0A 00 FF 02 02 01 0B 02 03 0F 01 16 01 00 02 03 0F 02 16 03 00 02 03 0F 03 16 03 00 02 03 0F 04 16 03 00 02 03 0F 05 16 03 00 02 03 0F 06 16 03 00 02 03 0F 07 16 03 00 02 03 0F 08 16 03 00 02 03 6B F6 7E
TX:	5:30:29 PM	7E A0 07 03 25 91 7D 45 7E
RX:	5:30:29 PM	7E A0 0E 25 03 B8 DC A2 0F 09 16 03 00 CB 66 7E
TX:	5:30:29 PM	7E A0 13 03 25 BA E1 6B E6 E6 00 E0 81 00 03 00 03 00 12 8A 7E
RX:	5:30:29 PM	7E A8 89 25 03 DA A7 C2 E6 E7 00 E0 81 00 04 00 03 82 03 A6 02 03 0F 0A 16 03 00 02 03 0F 0B 16 03 00 01 03 02 02 0F 01 16 01 02 02 0F 02 16 01 02 02 0F 03 16 01 02 04 12 00 71 11 00 09 06 00 00 13 14 00 FF 02 02 01 0D 02 03 0F 01 16 01 00 02 03 0F 02 16 03 00 02 03 0F 03 16 03 00 02 03 0F 04 16 03 00 02 03 0F 05 16 03 00 02 03 0F 06 16 03 00 02 03 0F 07 16 03 00 02 03 0F 08 16 03 00 02 03 0F 09 16 03 00 C1 38 7E
TX:	5:30:29 PM	7E A0 07 03 25 D1 79 07 7E
RX:	5:30:29 PM	7E A8 89 25 03 DC 91 A7 02 03 0F 0A 16 03 00 02 03 0F 0B 16 03 00 02 03 0F 0C 16 03 00 02 03 0F 0D 16 03 00 01 05 02 02 0F 01 16 01 02 02 0F 02 16 01 02 02 0F 03 16 01 02 02 0F 04 16 01 02 02 0F 05 16 01 02 04 12 00 73 11 00 09 06 00 00 13 28 00 FF 02 02 01 06 02 03 0F 01 16 01 00 02 03 0F 02 16 03 00 02 03 0F 03 16 03 00 02 03 0F 04 16 03 00 02 03 0F 05 16 03 00 02 03 0F 06 16 03 00 01 01 02 02 0F 01 16 0C 75 7E
TX:	5:30:29 PM	7E A0 07 03 25 F1 7B 26 7E
RX:	5:30:29 PM	7E A8 89 25 03 DE 83 84 01 02 04 12 00 3E 11 01 09 06 00 00 42 00 01 FF 02 02 01 06 02 03 0F 01 16 01 00 02 03 0F 02 16 03 00 02 03 0F 03 16 03 00 02 03 0F 04 16 03 00 02 03 0F 05 16 03 00 02 03 0F 06 16 03 00 01 02 02 02 0F 01 16 01 02 02 0F 02 16 01 02 04 12 00 46 11 01 09 06 00 00 60 03 0A FF 02 02 01 04 02 03 0F 01 16 01 00 02 03 0F 02 16 03 00 02 03 0F 03 16 03 00 02 03 0F 04 16 03 00 01 02 02 02 0F DA 6F 7E
TX:	5:30:29 PM	7E A0 07 03 25 11 75 C1 7E
RX:	5:30:29 PM	7E A8 89 25 03 D0 FD 6D 01 16 01 02 02 0F 02 16 01 02 04 12 00 50 11 00 09 06 00 00 1C 00 00 FF 02 02 01 03 02 03 0F 01 16 01 00 02 03 0F 02 16 03 00 02 03 0F 03 16 03 00 01 01 02 02 0F 01 16 01 02 04 12 00 51 11 00 09 06 00 00 1C 01 00 FF 02 02 01 05 02 03 0F 01 16 01 00 02 03 0F 02 16 03 00 02 03 0F 03 16 03 00 02 03 0F 04 16 03 00 02 03 0F 05 16 03 00 01 01 02 02 0F 01 16 01 02 04 12 00 52 11 00 09 06 A0 81 7E
TX:	5:30:29 PM	7E A0 07 03 25 31 77 E0 7E
RX:	5:30:29 PM	7E A8 89 25 03 D2 EF 4E 00 00 1C 02 00 FF 02 02 01 08 02 03 0F 01 16 01 00 02 03 0F 02 16 03 00 02 03 0F 03 16 03 00 02 03 0F 04 16 03 00 02 03 0F 05 16 03 00 02 03 0F 06 16 03 00 02 03 0F 07 16 03 00 02 03 0F 08 16 03 00 01 00 02 04 12 00 53 11 00 09 06 00 00 1C 03 00 FF 02 02 01 0E 02 03 0F 01 16 01 00 02 03 0F 02 16 03 00 02 03 0F 03 16 03 00 02 03 0F 04 16 03 00 02 03 0F 05 16 03 00 02 03 0F 06 16 03 0A 0C 7E
TX:	5:30:29 PM	7E A0 07 03 25 51 71 83 7E
RX:	5:30:29 PM	7E A8 89 25 03 D4 D9 2B 00 02 03 0F 07 16 03 00 02 03 0F 08 16 03 00 02 03 0F 09 16 03 00 02 03 0F 0A 16 03 00 02 03 0F 0B 16 03 00 02 03 0F 0C 16 03 00 02 03 0F 0D 16 03 00 02 03 0F 0E 16 03 00 01 00 02 04 12 00 54 11 00 09 06 00 00 1C 04 00 FF 02 02 01 07 02 03 0F 01 16 01 00 02 03 0F 02 16 03 00 02 03 0F 03 16 03 00 02 03 0F 04 16 03 00 02 03 0F 05 16 03 00 02 03 0F 06 16 03 00 02 03 0F 07 16 03 00 01 81 7C 7E
TX:	5:30:29 PM	7E A0 07 03 25 71 73 A2 7E
RX:	5:30:29 PM	7E A8 89 25 03 D6 CB 08 01 02 02 0F 01 16 01 02 04 12 00 55 11 00 09 06 00 00 1C 05 00 FF 02 02 01 06 02 03 0F 01 16 01 00 02 03 0F 02 16 03 00 02 03 0F 03 16 03 00 02 03 0F 04 16 03 00 02 03 0F 05 16 03 00 02 03 0F 06 16 03 00 01 01 02 02 0F 01 16 01 02 04 12 00 56 11 00 09 06 00 00 1C 07 00 FF 02 02 01 04 02 03 0F 01 16 01 00 02 03 0F 02 16 03 00 02 03 0F 03 16 03 00 02 03 0F 04 16 03 00 01 00 02 04 12 37 C1 7E
TX:	5:30:29 PM	7E A0 07 03 25 91 7D 45 7E
RX:	5:30:29 PM	7E A0 3B 25 03 D8 7F E3 00 0A 11 00 09 06 00 00 0C 00 00 FF 02 02 01 02 02 03 0F 01 16 01 00 02 03 0F 02 16 03 00 01 03 02 02 0F 01 16 01 02 02 0F 02 16 01 02 02 0F 03 16 01 D0 8A 7E
TX:	5:30:29 PM	7E A0 19 03 25 BC 79 D2 E6 E6 00 C0 01 C1 00 08 00 00 01 00 00 FF 02 00 60 1A 7E
RX:	5:30:29 PM	7E A0 1E 25 03 FA 6B 00 E6 E7 00 C4 01 C1 00 09 0C 07 E9 0B 0D FF 11 1E 1D FF FE 5C 00 1B 0E 7E
TX:	5:34:24 PM	7E A0 07 03 25 53 63 A0 7E
TX:	5:34:25 PM	7E A0 07 03 25 93 6F 66 7E
RX:	5:34:25 PM	7E A0 1E 25 03 73 A2 19 81 80 12 05 01 80 06 01 80 07 04 00 00 00 01 08 04 00 00 00 01 53 3B 7E
TX:	5:34:25 PM	7E A0 4C 03 25 10 5E 06 E6 E6 00 60 3E A1 09 06 07 60 85 74 05 08 01 01 8A 02 07 80 8B 07 60 85 74 05 08 02 02 AC 12 80 10 31 63 0C 0F 0C 44 49 0C 0D 1A 18 46 1F 11 3E 06 BE 10 04 0E 01 00 00 00 06 5F 1F 04 00 62 1E 5D FF FF 4D 16 7E
RX:	5:34:25 PM	7E A0 58 25 03 30 10 34 E6 E7 00 61 4A A1 09 06 07 60 85 74 05 08 01 01 A2 03 02 01 00 A3 05 A1 03 02 01 0E 88 02 07 80 89 07 60 85 74 05 08 02 02 AA 12 80 10 12 70 2B 60 36 65 39 74 37 12 25 34 59 4E 23 35 BE 10 04 0E 08 00 06 5F 1F 04 00 62 1E 5D 04 00 00 07 24 66 7E
TX:	5:34:25 PM	7E A0 2B 03 25 32 8B CA E6 E6 00 C3 01 C1 00 0F 00 00 28 00 00 FF 01 01 09 10 8E 9F 8A 3D CB B9 55 30 94 FB 17 B2 C9 C0 BD B6 25 58 7E
RX:	5:34:25 PM	7E A0 24 25 03 52 75 B9 E6 E7 00 C7 01 C1 00 01 00 09 10 18 19 50 BF 4C B5 F3 04 E3 B0 DF 2B 2D EA C2 04 85 A5 7E
TX:	5:34:25 PM	7E A0 19 03 25 54 3F B9 E6 E6 00 C0 01 C1 00 0F 00 00 28 00 00 FF 02 00 91 53 7E
RX:	5:34:25 PM	7E A8 89 25 03 74 D3 8E E6 E7 00 E0 01 00 01 00 00 82 03 F9 C4 01 C1 00 01 30 02 04 12 00 0F 11 03 09 06 00 00 28 00 00 FF 02 02 01 0B 02 03 0F 01 16 01 00 02 03 0F 02 16 03 00 02 03 0F 03 16 03 00 02 03 0F 04 16 03 00 02 03 0F 05 16 03 00 02 03 0F 06 16 03 00 02 03 0F 07 16 03 00 02 03 0F 08 16 03 00 02 03 0F 09 16 03 00 02 03 0F 0A 16 03 00 02 03 0F 0B 16 03 00 01 06 02 02 0F 01 16 01 02 02 0F 02 16 01 3B C7 7E
TX:	5:34:25 PM	7E A0 07 03 25 71 73 A2 7E
RX:	5:34:25 PM	7E A8 89 25 03 76 C1 AD 02 02 0F 03 16 01 02 02 0F 04 16 01 02 02 0F 05 16 01 02 02 0F 06 16 01 02 04 12 00 17 11 01 09 06 00 00 16 00 00 FF 02 02 01 09 02 03 0F 01 16 01 00 02 03 0F 02 16 03 00 02 03 0F 03 16 03 00 02 03 0F 04 16 03 00 02 03 0F 05 16 03 00 02 03 0F 06 16 03 00 02 03 0F 07 16 03 00 02 03 0F 08 16 03 00 02 03 0F 09 16 03 00 01 00 02 04 12 00 08 11 00 09 06 00 00 01 00 00 FF 02 02 01 09 02 1A 65 7E
TX:	5:34:25 PM	7E A0 07 03 25 91 7D 45 7E
RX:	5:34:25 PM	7E A8 89 25 03 78 BF 44 03 0F 01 16 01 00 02 03 0F 02 16 03 00 02 03 0F 03 16 03 00 02 03 0F 04 16 03 00 02 03 0F 05 16 03 00 02 03 0F 06 16 03 00 02 03 0F 07 16 03 00 02 03 0F 08 16 03 00 02 03 0F 09 16 03 00 01 06 02 02 0F 01 16 01 02 02 0F 02 16 01 02 02 0F 03 16 01 02 02 0F 04 16 01 02 02 0F 05 16 01 02 02 0F 06 16 01 02 04 12 00 0F 11 03 09 06 00 00 28 00 03 FF 02 02 01 0B 02 03 0F 01 16 01 00 02 03 7E 56 7E
TX:	5:34:25 PM	7E A0 07 03 25 B1 7F 64 7E
RX:	5:34:25 PM	7E A8 89 25 03 7A AD 67 0F 02 16 03 00 02 03 0F 03 16 03 00 02 03 0F 04 16 03 00 02 03 0F 05 16 03 00 02 03 0F 06 16 03 00 02 03 0F 07 16 03 00 02 03 0F 08 16 03 00 02 03 0F 09 16 03 00 02 03 0F 0A 16 03 00 02 03 0F 0B 16 03 00 01 06 02 02 0F 01 16 01 02 02 0F 02 16 01 02 02 0F 03 16 01 02 02 0F 04 16 01 02 02 0F 05 16 01 02 02 0F 06 16 01 02 04 12 00 40 11 01 09 06 00 00 2B 00 07 FF 02 02 01 06 02 03 0F 6C BA 7E
TX:	5:34:25 PM	7E A0 07 03 25 D1 79 07 7E
RX:	5:34:25 PM	7E A8 89 25 03 7C 9B 02 01 16 01 00 02 03 0F 02 16 03 00 02 03 0F 03 16 03 00 02 03 0F 04 16 03 00 02 03 0F 05 16 03 00 02 03 0F 06 16 03 00 01 08 02 02 0F 01 16 01 02 02 0F 02 16 01 02 02 0F 03 16 01 02 02 0F 04 16 01 02 02 0F 05 16 01 02 02 0F 06 16 01 02 02 0F 07 16 01 02 02 0F 08 16 01 02 04 12 00 40 11 01 09 06 00 00 2B 00 08 FF 02 02 01 06 02 03 0F 01 16 01 00 02 03 0F 02 16 03 00 02 03 0F 03 16 03 BD 4F 7E
TX:	5:34:25 PM	7E A0 07 03 25 F1 7B 26 7E
RX:	5:34:25 PM	7E A8 89 25 03 7E 89 21 00 02 03 0F 04 16 03 00 02 03 0F 05 16 03 00 02 03 0F 06 16 03 00 01 08 02 02 0F 01 16 01 02 02 0F 02 16 01 02 02 0F 03 16 01 02 02 0F 04 16 01 02 02 0F 05 16 01 02 02 0F 06 16 01 02 02 0F 07 16 01 02 02 0F 08 16 01 02 04 12 00 01 11 00 09 06 00 00 2B 01 08 FF 02 02 01 02 02 03 0F 01 16 01 00 02 03 0F 02 16 03 00 01 00 02 04 12 00 01 11 00 09 06 00 00 2A 00 00 FF 02 02 01 02 02 03 3F FF 7E
TX:	5:34:25 PM	7E A0 07 03 25 11 75 C1 7E
RX:	5:34:25 PM	7E A8 89 25 03 70 F7 C8 0F 01 16 01 00 02 03 0F 02 16 03 00 01 00 02 04 12 00 01 11 00 09 06 01 00 00 02 00 FF 02 02 01 02 02 03 0F 01 16 01 00 02 03 0F 02 16 03 00 01 00 02 04 12 00 01 11 00 09 06 00 00 2B 01 00 FF 02 02 01 02 02 03 0F 01 16 01 00 02 03 0F 02 16 03 00 01 00 02 04 12 00 03 11 00 09 06 01 01 15 19 00 FF 02 02 01 03 02 03 0F 01 16 01 00 02 03 0F 02 16 03 00 02 03 0F 03 16 03 00 01 01 02 02 05 D2 7E
TX:	5:34:25 PM	7E A0 07 03 25 31 77 E0 7E
RX:	5:34:25 PM	7E A8 89 25 03 72 E5 EB 0F 01 16 01 02 04 12 00 1D 11 02 09 06 00 00 02 01 00 FF 02 02 01 06 02 03 0F 01 16 01 00 02 03 0F 02 16 03 00 02 03 0F 03 16 03 00 02 03 0F 04 16 03 00 02 03 0F 05 16 03 00 02 03 0F 06 16 03 00 01 01 02 02 0F 01 16 01 02 04 12 00 14 11 00 09 06 00 00 0D 00 00 FF 02 02 01 0A 02 03 0F 01 16 01 00 02 03 0F 02 16 03 00 02 03 0F 03 16 03 00 02 03 0F 04 16 03 00 02 03 0F 05 16 03 00 02 55 76 7E
TX:	5:34:25 PM	7E A0 07 03 25 51 71 83 7E
RX:	5:34:25 PM	7E A0 0E 25 03 74 BC AE 03 0F 06 16 03 46 06 7E
TX:	5:34:25 PM	7E A0 13 03 25 76 81 67 E6 E6 00 E0 81 00 01 00 01 00 D4 80 7E
RX:	5:34:25 PM	7E A8 89 25 03 96 CF 4A E6 E7 00 E0 01 00 02 00 01 82 03 F9 00 02 03 0F 07 16 03 00 02 03 0F 08 16 03 00 02 03 0F 09 16 03 00 02 03 0F 0A 16 03 00 01 01 02 02 0F 01 16 01 02 04 12 00 13 11 01 09 06 00 00 14 00 00 FF 02 02 01 09 02 03 0F 01 16 01 00 02 03 0F 02 16 03 00 02 03 0F 03 16 03 00 02 03 0F 04 16 03 00 02 03 0F 05 16 03 00 02 03 0F 06 16 03 00 02 03 0F 07 16 03 00 02 03 0F 08 16 03 00 02 03 0F 09 AC 90 7E
TX:	5:34:25 PM	7E A0 07 03 25 91 7D 45 7E
RX:	5:34:25 PM	7E A8 89 25 03 98 B1 A3 16 03 00 01 00 02 04 12 00 05 11 00 09 06 01 00 1F 04 00 FF 02 02 01 09 02 03 0F 01 16 01 00 02 03 0F 02 16 03 00 02 03 0F 03 16 03 00 02 03 0F 04 16 03 00 02 03 0F 05 16 03 00 02 03 0F 06 16 03 00 02 03 0F 07 16 03 00 02 03 0F 08 16 03 00 02 03 0F 09 16 03 00 01 02 02 02 0F 01 16 01 02 02 0F 02 16 01 02 04 12 00 15 11 00 09 06 00 00 10 01 00 FF 02 02 01 04 02 03 0F 01 16 01 00 02 C4 BC 7E
TX:	5:34:25 PM	7E A0 07 03 25 B1 7F 64 7E
RX:	5:34:25 PM	7E A8 89 25 03 9A A3 80 03 0F 02 16 03 00 02 03 0F 03 16 03 00 02 03 0F 04 16 03 00 01 00 02 04 12 00 09 11 00 09 06 00 01 0A 01 65 FF 02 02 01 02 02 03 0F 01 16 01 00 02 03 0F 02 16 03 00 01 01 02 02 0F 01 16 01 02 04 12 00 16 11 00 09 06 00 00 0F 00 00 FF 02 02 01 04 02 03 0F 01 16 01 00 02 03 0F 02 16 03 00 02 03 0F 03 16 03 00 02 03 0F 04 16 03 00 01 00 02 04 12 00 11 11 00 09 06 00 00 29 00 00 FF 02 35 FA 7E
TX:	5:34:25 PM	7E A0 07 03 25 D1 79 07 7E
RX:	5:34:25 PM	7E A8 89 25 03 9C 95 E5 02 01 02 02 03 0F 01 16 01 00 02 03 0F 02 16 03 00 01 01 02 02 0F 01 16 01 02 04 12 00 1C 11 02 09 06 00 00 02 02 00 FF 02 02 01 07 02 03 0F 01 16 01 00 02 03 0F 02 16 03 00 02 03 0F 03 16 03 00 02 03 0F 04 16 03 00 02 03 0F 05 16 03 00 02 03 0F 06 16 03 00 02 03 0F 07 16 03 00 01 00 02 04 12 00 1B 11 00 09 06 00 00 02 00 00 FF 02 02 01 04 02 03 0F 01 16 01 00 02 03 0F 02 16 03 00 00 43 7E
TX:	5:34:25 PM	7E A0 07 03 25 F1 7B 26 7E
RX:	5:34:25 PM	7E A8 89 25 03 9E 87 C6 02 03 0F 03 16 03 00 02 03 0F 04 16 03 00 01 00 02 04 12 00 2B 11 00 09 06 00 00 19 02 00 FF 02 02 01 02 02 03 0F 01 16 01 00 02 03 0F 02 16 03 00 01 00 02 04 12 00 12 11 00 09 06 00 00 2C 00 00 FF 02 02 01 07 02 03 0F 01 16 01 00 02 03 0F 02 16 03 00 02 03 0F 03 16 03 00 02 03 0F 04 16 03 00 02 03 0F 05 16 03 00 02 03 0F 06 16 03 00 02 03 0F 07 16 03 00 01 04 02 02 0F 01 16 01 02 50 8B 7E
TX:	5:34:25 PM	7E A0 07 03 25 11 75 C1 7E
RX:	5:34:25 PM	7E A8 89 25 03 90 F9 2F 02 0F 02 16 01 02 02 0F 03 16 01 02 02 0F 04 16 01 02 04 12 00 2A 11 00 09 06 00 00 19 01 00 FF 02 02 01 0A 02 03 0F 01 16 01 00 02 03 0F 02 16 03 00 02 03 0F 03 16 03 00 02 03 0F 04 16 03 00 02 03 0F 05 16 03 00 02 03 0F 06 16 03 00 02 03 0F 07 16 03 00 02 03 0F 08 16 03 00 02 03 0F 09 16 03 00 02 03 0F 0A 16 03 00 01 03 02 02 0F 01 16 01 02 02 0F 02 16 01 02 02 0F 03 16 01 02 04 B7 DD 7E
TX:	5:34:25 PM	7E A0 07 03 25 31 77 E0 7E
RX:	5:34:25 PM	7E A8 89 25 03 92 EB 0C 12 00 30 11 00 09 06 00 00 19 07 00 FF 02 02 01 0A 02 03 0F 01 16 01 00 02 03 0F 02 16 03 00 02 03 0F 03 16 03 00 02 03 0F 04 16 03 00 02 03 0F 05 16 03 00 02 03 0F 06 16 03 00 02 03 0F 07 16 03 00 02 03 0F 08 16 03 00 02 03 0F 09 16 03 00 02 03 0F 0A 16 03 00 01 02 02 02 0F 01 16 01 02 02 0F 02 16 01 02 04 12 00 28 11 00 09 06 00 00 19 09 00 FF 02 02 01 07 02 03 0F 01 16 01 00 02 D5 E8 7E
TX:	5:34:25 PM	7E A0 07 03 25 51 71 83 7E
RX:	5:34:25 PM	7E A8 89 25 03 94 DD 69 03 0F 02 16 03 00 02 03 0F 03 16 03 00 02 03 0F 04 16 03 00 02 03 0F 05 16 03 00 02 03 0F 06 16 03 00 02 03 0F 07 16 03 00 01 01 02 02 0F 01 16 01 02 04 12 00 0B 11 00 09 06 00 00 0B 00 00 FF 02 02 01 02 02 03 0F 01 16 01 00 02 03 0F 02 16 03 00 01 02 02 02 0F 01 16 01 02 02 0F 02 16 01 02 04 12 00 32 11 00 09 06 00 00 1A 00 00 FF 02 02 01 0F 02 03 0F 01 16 01 00 02 03 0F 02 16 03 91 1A 7E
TX:	5:34:25 PM	7E A0 07 03 25 71 73 A2 7E
RX:	5:34:25 PM	7E A0 0E 25 03 96 A0 6A 00 02 03 0F 03 31 EB 7E
TX:	5:34:25 PM	7E A0 13 03 25 98 F1 69 E6 E6 00 E0 81 00 02 00 02 00 71 8F 7E
RX:	5:34:25 PM	7E A8 89 25 03 B8 B3 82 E6 E7 00 E0 01 00 03 00 02 82 03 F9 16 03 00 02 03 0F 04 16 03 00 02 03 0F 05 16 03 00 02 03 0F 06 16 03 00 02 03 0F 07 16 03 00 02 03 0F 08 16 03 00 02 03 0F 09 16 03 00 02 03 0F 0A 16 03 00 02 03 0F 0B 16 03 00 02 03 0F 0C 16 03 00 02 03 0F 0D 16 03 00 02 03 0F 0E 16 03 00 02 03 0F 0F 16 03 00 01 00 02 04 12 00 33 11 00 09 06 00 00 1A 01 00 FF 02 02 01 02 02 03 0F 01 16 01 00 02 04 65 7E
TX:	5:34:25 PM	7E A0 07 03 25 B1 7F 64 7E
RX:	5:34:25 PM	7E A8 89 25 03 BA A1 A1 03 0F 02 16 03 00 01 01 02 02 0F 01 16 01 02 04 12 00 35 11 00 09 06 00 00 1A 03 00 FF 02 02 01 08 02 03 0F 01 16 01 00 02 03 0F 02 16 03 00 02 03 0F 03 16 03 00 02 03 0F 04 16 03 00 02 03 0F 05 16 03 00 02 03 0F 06 16 03 00 02 03 0F 07 16 03 00 02 03 0F 08 16 03 00 01 01 02 02 0F 01 16 01 02 04 12 00 34 11 00 09 06 00 00 1A 02 00 FF 02 02 01 05 02 03 0F 01 16 01 00 02 03 0F 02 16 F0 E2 7E
TX:	5:34:25 PM	7E A0 07 03 25 D1 79 07 7E
RX:	5:34:25 PM	7E A8 89 25 03 BC 97 C4 03 00 02 03 0F 03 16 03 00 02 03 0F 04 16 03 00 02 03 0F 05 16 03 00 01 00 02 04 12 00 5C 11 03 09 06 00 00 1D 02 00 FF 02 02 01 17 02 03 0F 01 16 01 00 02 03 0F 02 16 03 00 02 03 0F 03 16 03 00 02 03 0F 04 16 03 00 02 03 0F 05 16 03 00 02 03 0F 06 16 03 00 02 03 0F 07 16 03 00 02 03 0F 08 16 03 00 02 03 0F 09 16 03 00 02 03 0F 0A 16 03 00 02 03 0F 0B 16 03 00 02 03 0F 0C 16 03 00 29 53 7E
TX:	5:34:25 PM	7E A0 07 03 25 F1 7B 26 7E
RX:	5:34:25 PM	7E A8 89 25 03 BE 85 E7 02 03 0F 0D 16 03 00 02 03 0F 0E 16 03 00 02 03 0F 0F 16 03 00 02 03 0F 10 16 03 00 02 03 0F 11 16 03 00 02 03 0F 12 16 03 00 02 03 0F 13 16 03 00 02 03 0F 14 16 03 00 02 03 0F 15 16 03 00 02 03 0F 16 16 03 00 02 03 0F 17 16 03 00 01 00 02 04 12 00 5A 11 01 09 06 00 00 1D 00 00 FF 02 02 01 0A 02 03 0F 01 16 01 00 02 03 0F 02 16 03 00 02 03 0F 03 16 03 00 02 03 0F 04 16 03 00 02 03 40 5D 7E
TX:	5:34:25 PM	7E A0 07 03 25 11 75 C1 7E
RX:	5:34:25 PM	7E A8 89 25 03 B0 FB 0E 0F 05 16 03 00 02 03 0F 06 16 03 00 02 03 0F 07 16 03 00 02 03 0F 08 16 03 00 02 03 0F 09 16 03 00 02 03 0F 0A 16 03 00 01 01 02 02 0F 01 16 01 02 04 12 00 5B 11 03 09 06 00 00 1D 01 00 FF 02 02 01 1A 02 03 0F 01 16 01 00 02 03 0F 02 16 03 00 02 03 0F 03 16 03 00 02 03 0F 04 16 03 00 02 03 0F 05 16 03 00 02 03 0F 06 16 03 00 02 03 0F 07 16 03 00 02 03 0F 08 16 03 00 02 03 0F 09 16 B3 5B 7E
TX:	5:34:25 PM	7E A0 07 03 25 31 77 E0 7E
RX:	5:34:25 PM	7E A8 89 25 03 B2 E9 2D 03 00 02 03 0F 0A 16 03 00 02 03 0F 0B 16 03 00 02 03 0F 0C 16 03 00 02 03 0F 0D 16 03 00 02 03 0F 0E 16 03 00 02 03 0F 0F 16 03 00 02 03 0F 10 16 03 00 02 03 0F 11 16 03 00 02 03 0F 12 16 03 00 02 03 0F 13 16 03 00 02 03 0F 14 16 03 00 02 03 0F 15 16 03 00 02 03 0F 16 16 03 00 02 03 0F 17 16 03 00 02 03 0F 18 16 03 00 02 03 0F 19 16 03 00 02 03 0F 1A 16 03 00 01 02 02 02 0F 01 16 B8 2C 7E
TX:	5:34:25 PM	7E A0 07 03 25 51 71 83 7E
RX:	5:34:25 PM	7E A8 89 25 03 B4 DF 48 01 02 02 0F 02 16 01 02 04 12 00 6F 11 00 09 06 00 00 13 00 00 FF 02 02 01 13 02 03 0F 01 16 01 00 02 03 0F 02 16 03 00 02 03 0F 03 16 03 00 02 03 0F 04 16 03 00 02 03 0F 05 16 03 00 02 03 0F 06 16 03 00 02 03 0F 07 16 03 00 02 03 0F 08 16 03 00 02 03 0F 09 16 03 00 02 03 0F 0A 16 03 00 02 03 0F 0B 16 03 00 02 03 0F 0C 16 03 00 02 03 0F 0D 16 03 00 02 03 0F 0E 16 03 00 02 03 0F 0F 65 D0 7E
TX:	5:34:25 PM	7E A0 07 03 25 71 73 A2 7E
RX:	5:34:25 PM	7E A8 89 25 03 B6 CD 6B 16 03 00 02 03 0F 10 16 03 00 02 03 0F 11 16 03 00 02 03 0F 12 16 03 00 02 03 0F 13 16 03 00 01 03 02 02 0F 01 16 01 02 02 0F 02 16 01 02 02 0F 03 16 01 02 04 12 00 70 11 00 09 06 00 00 13 0A 00 FF 02 02 01 0B 02 03 0F 01 16 01 00 02 03 0F 02 16 03 00 02 03 0F 03 16 03 00 02 03 0F 04 16 03 00 02 03 0F 05 16 03 00 02 03 0F 06 16 03 00 02 03 0F 07 16 03 00 02 03 0F 08 16 03 00 02 03 6B F6 7E
TX:	5:34:25 PM	7E A0 07 03 25 91 7D 45 7E
RX:	5:34:25 PM	7E A0 0E 25 03 B8 DC A2 0F 09 16 03 00 CB 66 7E
TX:	5:34:25 PM	7E A0 13 03 25 BA E1 6B E6 E6 00 E0 81 00 03 00 03 00 12 8A 7E
RX:	5:34:25 PM	7E A8 89 25 03 DA A7 C2 E6 E7 00 E0 81 00 04 00 03 82 03 A6 02 03 0F 0A 16 03 00 02 03 0F 0B 16 03 00 01 03 02 02 0F 01 16 01 02 02 0F 02 16 01 02 02 0F 03 16 01 02 04 12 00 71 11 00 09 06 00 00 13 14 00 FF 02 02 01 0D 02 03 0F 01 16 01 00 02 03 0F 02 16 03 00 02 03 0F 03 16 03 00 02 03 0F 04 16 03 00 02 03 0F 05 16 03 00 02 03 0F 06 16 03 00 02 03 0F 07 16 03 00 02 03 0F 08 16 03 00 02 03 0F 09 16 03 00 C1 38 7E
TX:	5:34:25 PM	7E A0 07 03 25 D1 79 07 7E
RX:	5:34:25 PM	7E A8 89 25 03 DC 91 A7 02 03 0F 0A 16 03 00 02 03 0F 0B 16 03 00 02 03 0F 0C 16 03 00 02 03 0F 0D 16 03 00 01 05 02 02 0F 01 16 01 02 02 0F 02 16 01 02 02 0F 03 16 01 02 02 0F 04 16 01 02 02 0F 05 16 01 02 04 12 00 73 11 00 09 06 00 00 13 28 00 FF 02 02 01 06 02 03 0F 01 16 01 00 02 03 0F 02 16 03 00 02 03 0F 03 16 03 00 02 03 0F 04 16 03 00 02 03 0F 05 16 03 00 02 03 0F 06 16 03 00 01 01 02 02 0F 01 16 0C 75 7E
TX:	5:34:25 PM	7E A0 07 03 25 F1 7B 26 7E
RX:	5:34:25 PM	7E A8 89 25 03 DE 83 84 01 02 04 12 00 3E 11 01 09 06 00 00 42 00 01 FF 02 02 01 06 02 03 0F 01 16 01 00 02 03 0F 02 16 03 00 02 03 0F 03 16 03 00 02 03 0F 04 16 03 00 02 03 0F 05 16 03 00 02 03 0F 06 16 03 00 01 02 02 02 0F 01 16 01 02 02 0F 02 16 01 02 04 12 00 46 11 01 09 06 00 00 60 03 0A FF 02 02 01 04 02 03 0F 01 16 01 00 02 03 0F 02 16 03 00 02 03 0F 03 16 03 00 02 03 0F 04 16 03 00 01 02 02 02 0F DA 6F 7E
TX:	5:34:25 PM	7E A0 07 03 25 11 75 C1 7E
RX:	5:34:25 PM	7E A8 89 25 03 D0 FD 6D 01 16 01 02 02 0F 02 16 01 02 04 12 00 50 11 00 09 06 00 00 1C 00 00 FF 02 02 01 03 02 03 0F 01 16 01 00 02 03 0F 02 16 03 00 02 03 0F 03 16 03 00 01 01 02 02 0F 01 16 01 02 04 12 00 51 11 00 09 06 00 00 1C 01 00 FF 02 02 01 05 02 03 0F 01 16 01 00 02 03 0F 02 16 03 00 02 03 0F 03 16 03 00 02 03 0F 04 16 03 00 02 03 0F 05 16 03 00 01 01 02 02 0F 01 16 01 02 04 12 00 52 11 00 09 06 A0 81 7E
TX:	5:34:25 PM	7E A0 07 03 25 31 77 E0 7E
RX:	5:34:25 PM	7E A8 89 25 03 D2 EF 4E 00 00 1C 02 00 FF 02 02 01 08 02 03 0F 01 16 01 00 02 03 0F 02 16 03 00 02 03 0F 03 16 03 00 02 03 0F 04 16 03 00 02 03 0F 05 16 03 00 02 03 0F 06 16 03 00 02 03 0F 07 16 03 00 02 03 0F 08 16 03 00 01 00 02 04 12 00 53 11 00 09 06 00 00 1C 03 00 FF 02 02 01 0E 02 03 0F 01 16 01 00 02 03 0F 02 16 03 00 02 03 0F 03 16 03 00 02 03 0F 04 16 03 00 02 03 0F 05 16 03 00 02 03 0F 06 16 03 0A 0C 7E
TX:	5:34:25 PM	7E A0 07 03 25 51 71 83 7E
RX:	5:34:25 PM	7E A8 89 25 03 D4 D9 2B 00 02 03 0F 07 16 03 00 02 03 0F 08 16 03 00 02 03 0F 09 16 03 00 02 03 0F 0A 16 03 00 02 03 0F 0B 16 03 00 02 03 0F 0C 16 03 00 02 03 0F 0D 16 03 00 02 03 0F 0E 16 03 00 01 00 02 04 12 00 54 11 00 09 06 00 00 1C 04 00 FF 02 02 01 07 02 03 0F 01 16 01 00 02 03 0F 02 16 03 00 02 03 0F 03 16 03 00 02 03 0F 04 16 03 00 02 03 0F 05 16 03 00 02 03 0F 06 16 03 00 02 03 0F 07 16 03 00 01 81 7C 7E
TX:	5:34:25 PM	7E A0 07 03 25 71 73 A2 7E
RX:	5:34:25 PM	7E A8 89 25 03 D6 CB 08 01 02 02 0F 01 16 01 02 04 12 00 55 11 00 09 06 00 00 1C 05 00 FF 02 02 01 06 02 03 0F 01 16 01 00 02 03 0F 02 16 03 00 02 03 0F 03 16 03 00 02 03 0F 04 16 03 00 02 03 0F 05 16 03 00 02 03 0F 06 16 03 00 01 01 02 02 0F 01 16 01 02 04 12 00 56 11 00 09 06 00 00 1C 07 00 FF 02 02 01 04 02 03 0F 01 16 01 00 02 03 0F 02 16 03 00 02 03 0F 03 16 03 00 02 03 0F 04 16 03 00 01 00 02 04 12 37 C1 7E
TX:	5:34:25 PM	7E A0 07 03 25 91 7D 45 7E
RX:	5:34:25 PM	7E A0 3B 25 03 D8 7F E3 00 0A 11 00 09 06 00 00 0C 00 00 FF 02 02 01 02 02 03 0F 01 16 01 00 02 03 0F 02 16 03 00 01 03 02 02 0F 01 16 01 02 02 0F 02 16 01 02 02 0F 03 16 01 D0 8A 7E
TX:	5:34:25 PM	7E A0 19 03 25 BC 79 D2 E6 E6 00 C0 01 C1 00 08 00 00 01 00 00 FF 02 00 60 1A 7E
RX:	5:34:25 PM	7E A0 1E 25 03 FA 6B 00 E6 E7 00 C4 01 C1 00 09 0C 07 E9 0B 0D FF 11 22 19 FF FE 5C 00 2F D5 7E
TX:	5:34:28 PM	7E A0 19 03 25 DE 6D 92 E6 E6 00 C0 01 C1 00 08 00 00 01 00 00 FF 02 00 60 1A 7E
RX:	5:34:28 PM	7E A0 1E 25 03 1C 53 82 E6 E7 00 C4 01 C1 00 09 0C 07 E9 0B 0D FF 11 22 1C FF FE 5C 00 7B F3 7E
TX:	5:34:30 PM	7E A0 19 03 25 F0 11 5A E6 E6 00 C0 01 C1 00 08 00 00 01 00 00 FF 02 00 60 1A 7E
RX:	5:34:30 PM	7E A0 1E 25 03 3E 43 80 E6 E7 00 C4 01 C1 00 09 0C 07 E9 0B 0D FF 11 22 1E FF FE 5C 00 F3 E5 7E
TX:	5:34:32 PM	7E A0 19 03 25 12 0D 9E E6 E6 00 C0 01 C1 00 08 00 00 01 00 00 FF 02 00 60 1A 7E
RX:	5:34:32 PM	7E A0 1E 25 03 50 3B 0A E6 E7 00 C4 01 C1 00 09 0C 07 E9 0B 0D FF 11 22 20 FF FE 5C 00 9A 50 7E
TX:	5:34:34 PM	7E A0 19 03 25 34 39 DA E6 E6 00 C0 01 C1 00 08 00 00 01 00 00 FF 02 00 60 1A 7E
RX:	5:34:34 PM	7E A0 1E 25 03 72 2B 08 E6 E7 00 C4 01 C1 00 09 0C 07 E9 0B 0D FF 11 22 22 FF FE 5C 00 12 46 7E
TX:	5:34:36 PM	7E A0 19 03 25 56 2D 9A E6 E6 00 C0 01 C1 00 08 00 00 01 00 00 FF 02 00 60 1A 7E
RX:	5:34:36 PM	7E A0 1E 25 03 94 13 8A E6 E7 00 C4 01 C1 00 09 0C 07 E9 0B 0D FF 11 22 24 FF FE 5C 00 8A 7D 7E
TX:	5:34:38 PM	7E A0 19 03 25 78 51 52 E6 E6 00 C0 01 C1 00 08 00 00 01 00 00 FF 02 00 60 1A 7E
RX:	5:34:38 PM	7E A0 1E 25 03 B6 03 88 E6 E7 00 C4 01 C1 00 09 0C 07 E9 0B 0D FF 11 22 26 FF FE 5C 00 02 6B 7E
TX:	5:34:40 PM	7E A0 19 03 25 9A 4D 96 E6 E6 00 C0 01 C1 00 08 00 00 01 00 00 FF 02 00 60 1A 7E
RX:	5:34:40 PM	7E A0 1E 25 03 D8 7B 02 E6 E7 00 C4 01 C1 00 09 0C 07 E9 0B 0D FF 11 22 28 FF FE 5C 00 BA 0A 7E
TX:	5:34:42 PM	7E A0 19 03 25 BC 79 D2 E6 E6 00 C0 01 C1 00 08 00 00 01 00 00 FF 02 00 60 1A 7E
RX:	5:34:42 PM	7E A0 1E 25 03 FA 6B 00 E6 E7 00 C4 01 C1 00 09 0C 07 E9 0B 0D FF 11 22 2A FF FE 5C 00 32 1C 7E
TX:	5:34:44 PM	7E A0 19 03 25 DE 6D 92 E6 E6 00 C0 01 C1 00 08 00 00 01 00 00 FF 02 00 60 1A 7E
RX:	5:34:44 PM	7E A0 1E 25 03 1C 53 82 E6 E7 00 C4 01 C1 00 09 0C 07 E9 0B 0D FF 11 22 2C FF FE 5C 00 AA 27 7E
TX:	5:34:46 PM	7E A0 19 03 25 F0 11 5A E6 E6 00 C0 01 C1 00 08 00 00 01 00 00 FF 02 00 60 1A 7E
RX:	5:34:46 PM	7E A0 1E 25 03 3E 43 80 E6 E7 00 C4 01 C1 00 09 0C 07 E9 0B 0D FF 11 22 2E FF FE 5C 00 22 31 7E
TX:	5:34:48 PM	7E A0 19 03 25 12 0D 9E E6 E6 00 C0 01 C1 00 08 00 00 01 00 00 FF 02 00 60 1A 7E
RX:	5:34:48 PM	7E A0 1E 25 03 50 3B 0A E6 E7 00 C4 01 C1 00 09 0C 07 E9 0B 0D FF 11 22 30 FF FE 5C 00 DA E4 7E
TX:	5:34:51 PM	7E A0 19 03 25 34 39 DA E6 E6 00 C0 01 C1 00 08 00 00 01 00 00 FF 02 00 60 1A 7E
RX:	5:34:51 PM	7E A0 1E 25 03 72 2B 08 E6 E7 00 C4 01 C1 00 09 0C 07 E9 0B 0D FF 11 22 33 FF FE 5C 00 16 F9 7E
TX:	5:34:53 PM	7E A0 19 03 25 56 2D 9A E6 E6 00 C0 01 C1 00 08 00 00 01 00 00 FF 02 00 60 1A 7E
RX:	5:34:53 PM	7E A0 1E 25 03 94 13 8A E6 E7 00 C4 01 C1 00 09 0C 07 E9 0B 0D FF 11 22 35 FF FE 5C 00 8E C2 7E
TX:	5:35:17 PM	7E A0 07 03 25 53 63 A0 7E
TX:	5:35:18 PM	7E A0 07 03 25 93 6F 66 7E
RX:	5:35:18 PM	7E A0 1E 25 03 73 A2 19 81 80 12 05 01 80 06 01 80 07 04 00 00 00 01 08 04 00 00 00 01 53 3B 7E
TX:	5:35:18 PM	7E A0 4C 03 25 10 5E 06 E6 E6 00 60 3E A1 09 06 07 60 85 74 05 08 01 01 8A 02 07 80 8B 07 60 85 74 05 08 02 02 AC 12 80 10 0C 77 50 3F 4E 74 45 22 6F 24 10 25 11 58 55 72 BE 10 04 0E 01 00 00 00 06 5F 1F 04 00 62 1E 5D FF FF 7D 84 7E
RX:	5:35:18 PM	7E A0 58 25 03 30 10 34 E6 E7 00 61 4A A1 09 06 07 60 85 74 05 08 01 01 A2 03 02 01 00 A3 05 A1 03 02 01 0E 88 02 07 80 89 07 60 85 74 05 08 02 02 AA 12 80 10 00 69 67 63 29 0D 2C 0B 15 66 6A 30 1A 50 40 3E BE 10 04 0E 08 00 06 5F 1F 04 00 62 1E 5D 04 00 00 07 95 12 7E
TX:	5:35:18 PM	7E A0 2B 03 25 32 8B CA E6 E6 00 C3 01 C1 00 0F 00 00 28 00 00 FF 01 01 09 10 19 D3 4D 17 3E AC 9A 8B 54 14 9D 83 5F C1 70 BB 52 95 7E
RX:	5:35:18 PM	7E A0 24 25 03 52 75 B9 E6 E7 00 C7 01 C1 00 01 00 09 10 16 47 D4 63 E6 50 9D 98 F4 7C DE AF 4F 30 22 32 3F E1 7E
TX:	5:35:18 PM	7E A0 19 03 25 54 3F B9 E6 E6 00 C0 01 C1 00 0F 00 00 28 00 00 FF 02 00 91 53 7E
RX:	5:35:18 PM	7E A8 89 25 03 74 D3 8E E6 E7 00 E0 01 00 01 00 00 82 03 F9 C4 01 C1 00 01 30 02 04 12 00 0F 11 03 09 06 00 00 28 00 00 FF 02 02 01 0B 02 03 0F 01 16 01 00 02 03 0F 02 16 03 00 02 03 0F 03 16 03 00 02 03 0F 04 16 03 00 02 03 0F 05 16 03 00 02 03 0F 06 16 03 00 02 03 0F 07 16 03 00 02 03 0F 08 16 03 00 02 03 0F 09 16 03 00 02 03 0F 0A 16 03 00 02 03 0F 0B 16 03 00 01 06 02 02 0F 01 16 01 02 02 0F 02 16 01 3B C7 7E
TX:	5:35:18 PM	7E A0 07 03 25 71 73 A2 7E
RX:	5:35:18 PM	7E A8 89 25 03 76 C1 AD 02 02 0F 03 16 01 02 02 0F 04 16 01 02 02 0F 05 16 01 02 02 0F 06 16 01 02 04 12 00 17 11 01 09 06 00 00 16 00 00 FF 02 02 01 09 02 03 0F 01 16 01 00 02 03 0F 02 16 03 00 02 03 0F 03 16 03 00 02 03 0F 04 16 03 00 02 03 0F 05 16 03 00 02 03 0F 06 16 03 00 02 03 0F 07 16 03 00 02 03 0F 08 16 03 00 02 03 0F 09 16 03 00 01 00 02 04 12 00 08 11 00 09 06 00 00 01 00 00 FF 02 02 01 09 02 1A 65 7E
TX:	5:35:18 PM	7E A0 07 03 25 91 7D 45 7E
RX:	5:35:18 PM	7E A8 89 25 03 78 BF 44 03 0F 01 16 01 00 02 03 0F 02 16 03 00 02 03 0F 03 16 03 00 02 03 0F 04 16 03 00 02 03 0F 05 16 03 00 02 03 0F 06 16 03 00 02 03 0F 07 16 03 00 02 03 0F 08 16 03 00 02 03 0F 09 16 03 00 01 06 02 02 0F 01 16 01 02 02 0F 02 16 01 02 02 0F 03 16 01 02 02 0F 04 16 01 02 02 0F 05 16 01 02 02 0F 06 16 01 02 04 12 00 0F 11 03 09 06 00 00 28 00 03 FF 02 02 01 0B 02 03 0F 01 16 01 00 02 03 7E 56 7E
TX:	5:35:18 PM	7E A0 07 03 25 B1 7F 64 7E
RX:	5:35:18 PM	7E A8 89 25 03 7A AD 67 0F 02 16 03 00 02 03 0F 03 16 03 00 02 03 0F 04 16 03 00 02 03 0F 05 16 03 00 02 03 0F 06 16 03 00 02 03 0F 07 16 03 00 02 03 0F 08 16 03 00 02 03 0F 09 16 03 00 02 03 0F 0A 16 03 00 02 03 0F 0B 16 03 00 01 06 02 02 0F 01 16 01 02 02 0F 02 16 01 02 02 0F 03 16 01 02 02 0F 04 16 01 02 02 0F 05 16 01 02 02 0F 06 16 01 02 04 12 00 40 11 01 09 06 00 00 2B 00 07 FF 02 02 01 06 02 03 0F 6C BA 7E
TX:	5:35:18 PM	7E A0 07 03 25 D1 79 07 7E
RX:	5:35:18 PM	7E A8 89 25 03 7C 9B 02 01 16 01 00 02 03 0F 02 16 03 00 02 03 0F 03 16 03 00 02 03 0F 04 16 03 00 02 03 0F 05 16 03 00 02 03 0F 06 16 03 00 01 08 02 02 0F 01 16 01 02 02 0F 02 16 01 02 02 0F 03 16 01 02 02 0F 04 16 01 02 02 0F 05 16 01 02 02 0F 06 16 01 02 02 0F 07 16 01 02 02 0F 08 16 01 02 04 12 00 40 11 01 09 06 00 00 2B 00 08 FF 02 02 01 06 02 03 0F 01 16 01 00 02 03 0F 02 16 03 00 02 03 0F 03 16 03 BD 4F 7E
TX:	5:35:18 PM	7E A0 07 03 25 F1 7B 26 7E
RX:	5:35:18 PM	7E A8 89 25 03 7E 89 21 00 02 03 0F 04 16 03 00 02 03 0F 05 16 03 00 02 03 0F 06 16 03 00 01 08 02 02 0F 01 16 01 02 02 0F 02 16 01 02 02 0F 03 16 01 02 02 0F 04 16 01 02 02 0F 05 16 01 02 02 0F 06 16 01 02 02 0F 07 16 01 02 02 0F 08 16 01 02 04 12 00 01 11 00 09 06 00 00 2B 01 08 FF 02 02 01 02 02 03 0F 01 16 01 00 02 03 0F 02 16 03 00 01 00 02 04 12 00 01 11 00 09 06 00 00 2A 00 00 FF 02 02 01 02 02 03 3F FF 7E
TX:	5:35:18 PM	7E A0 07 03 25 11 75 C1 7E
RX:	5:35:18 PM	7E A8 89 25 03 70 F7 C8 0F 01 16 01 00 02 03 0F 02 16 03 00 01 00 02 04 12 00 01 11 00 09 06 01 00 00 02 00 FF 02 02 01 02 02 03 0F 01 16 01 00 02 03 0F 02 16 03 00 01 00 02 04 12 00 01 11 00 09 06 00 00 2B 01 00 FF 02 02 01 02 02 03 0F 01 16 01 00 02 03 0F 02 16 03 00 01 00 02 04 12 00 03 11 00 09 06 01 01 15 19 00 FF 02 02 01 03 02 03 0F 01 16 01 00 02 03 0F 02 16 03 00 02 03 0F 03 16 03 00 01 01 02 02 05 D2 7E
TX:	5:35:18 PM	7E A0 07 03 25 31 77 E0 7E
RX:	5:35:18 PM	7E A8 89 25 03 72 E5 EB 0F 01 16 01 02 04 12 00 1D 11 02 09 06 00 00 02 01 00 FF 02 02 01 06 02 03 0F 01 16 01 00 02 03 0F 02 16 03 00 02 03 0F 03 16 03 00 02 03 0F 04 16 03 00 02 03 0F 05 16 03 00 02 03 0F 06 16 03 00 01 01 02 02 0F 01 16 01 02 04 12 00 14 11 00 09 06 00 00 0D 00 00 FF 02 02 01 0A 02 03 0F 01 16 01 00 02 03 0F 02 16 03 00 02 03 0F 03 16 03 00 02 03 0F 04 16 03 00 02 03 0F 05 16 03 00 02 55 76 7E
TX:	5:35:18 PM	7E A0 07 03 25 51 71 83 7E
RX:	5:35:18 PM	7E A0 0E 25 03 74 BC AE 03 0F 06 16 03 46 06 7E
TX:	5:35:18 PM	7E A0 13 03 25 76 81 67 E6 E6 00 E0 81 00 01 00 01 00 D4 80 7E
RX:	5:35:18 PM	7E A8 89 25 03 96 CF 4A E6 E7 00 E0 01 00 02 00 01 82 03 F9 00 02 03 0F 07 16 03 00 02 03 0F 08 16 03 00 02 03 0F 09 16 03 00 02 03 0F 0A 16 03 00 01 01 02 02 0F 01 16 01 02 04 12 00 13 11 01 09 06 00 00 14 00 00 FF 02 02 01 09 02 03 0F 01 16 01 00 02 03 0F 02 16 03 00 02 03 0F 03 16 03 00 02 03 0F 04 16 03 00 02 03 0F 05 16 03 00 02 03 0F 06 16 03 00 02 03 0F 07 16 03 00 02 03 0F 08 16 03 00 02 03 0F 09 AC 90 7E
TX:	5:35:18 PM	7E A0 07 03 25 91 7D 45 7E
RX:	5:35:18 PM	7E A8 89 25 03 98 B1 A3 16 03 00 01 00 02 04 12 00 05 11 00 09 06 01 00 1F 04 00 FF 02 02 01 09 02 03 0F 01 16 01 00 02 03 0F 02 16 03 00 02 03 0F 03 16 03 00 02 03 0F 04 16 03 00 02 03 0F 05 16 03 00 02 03 0F 06 16 03 00 02 03 0F 07 16 03 00 02 03 0F 08 16 03 00 02 03 0F 09 16 03 00 01 02 02 02 0F 01 16 01 02 02 0F 02 16 01 02 04 12 00 15 11 00 09 06 00 00 10 01 00 FF 02 02 01 04 02 03 0F 01 16 01 00 02 C4 BC 7E
TX:	5:35:18 PM	7E A0 07 03 25 B1 7F 64 7E
RX:	5:35:18 PM	7E A8 89 25 03 9A A3 80 03 0F 02 16 03 00 02 03 0F 03 16 03 00 02 03 0F 04 16 03 00 01 00 02 04 12 00 09 11 00 09 06 00 01 0A 01 65 FF 02 02 01 02 02 03 0F 01 16 01 00 02 03 0F 02 16 03 00 01 01 02 02 0F 01 16 01 02 04 12 00 16 11 00 09 06 00 00 0F 00 00 FF 02 02 01 04 02 03 0F 01 16 01 00 02 03 0F 02 16 03 00 02 03 0F 03 16 03 00 02 03 0F 04 16 03 00 01 00 02 04 12 00 11 11 00 09 06 00 00 29 00 00 FF 02 35 FA 7E
TX:	5:35:18 PM	7E A0 07 03 25 D1 79 07 7E
RX:	5:35:18 PM	7E A8 89 25 03 9C 95 E5 02 01 02 02 03 0F 01 16 01 00 02 03 0F 02 16 03 00 01 01 02 02 0F 01 16 01 02 04 12 00 1C 11 02 09 06 00 00 02 02 00 FF 02 02 01 07 02 03 0F 01 16 01 00 02 03 0F 02 16 03 00 02 03 0F 03 16 03 00 02 03 0F 04 16 03 00 02 03 0F 05 16 03 00 02 03 0F 06 16 03 00 02 03 0F 07 16 03 00 01 00 02 04 12 00 1B 11 00 09 06 00 00 02 00 00 FF 02 02 01 04 02 03 0F 01 16 01 00 02 03 0F 02 16 03 00 00 43 7E
TX:	5:35:18 PM	7E A0 07 03 25 F1 7B 26 7E
RX:	5:35:18 PM	7E A8 89 25 03 9E 87 C6 02 03 0F 03 16 03 00 02 03 0F 04 16 03 00 01 00 02 04 12 00 2B 11 00 09 06 00 00 19 02 00 FF 02 02 01 02 02 03 0F 01 16 01 00 02 03 0F 02 16 03 00 01 00 02 04 12 00 12 11 00 09 06 00 00 2C 00 00 FF 02 02 01 07 02 03 0F 01 16 01 00 02 03 0F 02 16 03 00 02 03 0F 03 16 03 00 02 03 0F 04 16 03 00 02 03 0F 05 16 03 00 02 03 0F 06 16 03 00 02 03 0F 07 16 03 00 01 04 02 02 0F 01 16 01 02 50 8B 7E
TX:	5:35:18 PM	7E A0 07 03 25 11 75 C1 7E
RX:	5:35:18 PM	7E A8 89 25 03 90 F9 2F 02 0F 02 16 01 02 02 0F 03 16 01 02 02 0F 04 16 01 02 04 12 00 2A 11 00 09 06 00 00 19 01 00 FF 02 02 01 0A 02 03 0F 01 16 01 00 02 03 0F 02 16 03 00 02 03 0F 03 16 03 00 02 03 0F 04 16 03 00 02 03 0F 05 16 03 00 02 03 0F 06 16 03 00 02 03 0F 07 16 03 00 02 03 0F 08 16 03 00 02 03 0F 09 16 03 00 02 03 0F 0A 16 03 00 01 03 02 02 0F 01 16 01 02 02 0F 02 16 01 02 02 0F 03 16 01 02 04 B7 DD 7E
TX:	5:35:18 PM	7E A0 07 03 25 31 77 E0 7E
RX:	5:35:18 PM	7E A8 89 25 03 92 EB 0C 12 00 30 11 00 09 06 00 00 19 07 00 FF 02 02 01 0A 02 03 0F 01 16 01 00 02 03 0F 02 16 03 00 02 03 0F 03 16 03 00 02 03 0F 04 16 03 00 02 03 0F 05 16 03 00 02 03 0F 06 16 03 00 02 03 0F 07 16 03 00 02 03 0F 08 16 03 00 02 03 0F 09 16 03 00 02 03 0F 0A 16 03 00 01 02 02 02 0F 01 16 01 02 02 0F 02 16 01 02 04 12 00 28 11 00 09 06 00 00 19 09 00 FF 02 02 01 07 02 03 0F 01 16 01 00 02 D5 E8 7E
TX:	5:35:18 PM	7E A0 07 03 25 51 71 83 7E
RX:	5:35:18 PM	7E A8 89 25 03 94 DD 69 03 0F 02 16 03 00 02 03 0F 03 16 03 00 02 03 0F 04 16 03 00 02 03 0F 05 16 03 00 02 03 0F 06 16 03 00 02 03 0F 07 16 03 00 01 01 02 02 0F 01 16 01 02 04 12 00 0B 11 00 09 06 00 00 0B 00 00 FF 02 02 01 02 02 03 0F 01 16 01 00 02 03 0F 02 16 03 00 01 02 02 02 0F 01 16 01 02 02 0F 02 16 01 02 04 12 00 32 11 00 09 06 00 00 1A 00 00 FF 02 02 01 0F 02 03 0F 01 16 01 00 02 03 0F 02 16 03 91 1A 7E
TX:	5:35:18 PM	7E A0 07 03 25 71 73 A2 7E
RX:	5:35:18 PM	7E A0 0E 25 03 96 A0 6A 00 02 03 0F 03 31 EB 7E
TX:	5:35:18 PM	7E A0 13 03 25 98 F1 69 E6 E6 00 E0 81 00 02 00 02 00 71 8F 7E
RX:	5:35:18 PM	7E A8 89 25 03 B8 B3 82 E6 E7 00 E0 01 00 03 00 02 82 03 F9 16 03 00 02 03 0F 04 16 03 00 02 03 0F 05 16 03 00 02 03 0F 06 16 03 00 02 03 0F 07 16 03 00 02 03 0F 08 16 03 00 02 03 0F 09 16 03 00 02 03 0F 0A 16 03 00 02 03 0F 0B 16 03 00 02 03 0F 0C 16 03 00 02 03 0F 0D 16 03 00 02 03 0F 0E 16 03 00 02 03 0F 0F 16 03 00 01 00 02 04 12 00 33 11 00 09 06 00 00 1A 01 00 FF 02 02 01 02 02 03 0F 01 16 01 00 02 04 65 7E
TX:	5:35:18 PM	7E A0 07 03 25 B1 7F 64 7E
RX:	5:35:18 PM	7E A8 89 25 03 BA A1 A1 03 0F 02 16 03 00 01 01 02 02 0F 01 16 01 02 04 12 00 35 11 00 09 06 00 00 1A 03 00 FF 02 02 01 08 02 03 0F 01 16 01 00 02 03 0F 02 16 03 00 02 03 0F 03 16 03 00 02 03 0F 04 16 03 00 02 03 0F 05 16 03 00 02 03 0F 06 16 03 00 02 03 0F 07 16 03 00 02 03 0F 08 16 03 00 01 01 02 02 0F 01 16 01 02 04 12 00 34 11 00 09 06 00 00 1A 02 00 FF 02 02 01 05 02 03 0F 01 16 01 00 02 03 0F 02 16 F0 E2 7E
TX:	5:35:18 PM	7E A0 07 03 25 D1 79 07 7E
RX:	5:35:18 PM	7E A8 89 25 03 BC 97 C4 03 00 02 03 0F 03 16 03 00 02 03 0F 04 16 03 00 02 03 0F 05 16 03 00 01 00 02 04 12 00 5C 11 03 09 06 00 00 1D 02 00 FF 02 02 01 17 02 03 0F 01 16 01 00 02 03 0F 02 16 03 00 02 03 0F 03 16 03 00 02 03 0F 04 16 03 00 02 03 0F 05 16 03 00 02 03 0F 06 16 03 00 02 03 0F 07 16 03 00 02 03 0F 08 16 03 00 02 03 0F 09 16 03 00 02 03 0F 0A 16 03 00 02 03 0F 0B 16 03 00 02 03 0F 0C 16 03 00 29 53 7E
TX:	5:35:18 PM	7E A0 07 03 25 F1 7B 26 7E
RX:	5:35:18 PM	7E A8 89 25 03 BE 85 E7 02 03 0F 0D 16 03 00 02 03 0F 0E 16 03 00 02 03 0F 0F 16 03 00 02 03 0F 10 16 03 00 02 03 0F 11 16 03 00 02 03 0F 12 16 03 00 02 03 0F 13 16 03 00 02 03 0F 14 16 03 00 02 03 0F 15 16 03 00 02 03 0F 16 16 03 00 02 03 0F 17 16 03 00 01 00 02 04 12 00 5A 11 01 09 06 00 00 1D 00 00 FF 02 02 01 0A 02 03 0F 01 16 01 00 02 03 0F 02 16 03 00 02 03 0F 03 16 03 00 02 03 0F 04 16 03 00 02 03 40 5D 7E
TX:	5:35:18 PM	7E A0 07 03 25 11 75 C1 7E
RX:	5:35:18 PM	7E A8 89 25 03 B0 FB 0E 0F 05 16 03 00 02 03 0F 06 16 03 00 02 03 0F 07 16 03 00 02 03 0F 08 16 03 00 02 03 0F 09 16 03 00 02 03 0F 0A 16 03 00 01 01 02 02 0F 01 16 01 02 04 12 00 5B 11 03 09 06 00 00 1D 01 00 FF 02 02 01 1A 02 03 0F 01 16 01 00 02 03 0F 02 16 03 00 02 03 0F 03 16 03 00 02 03 0F 04 16 03 00 02 03 0F 05 16 03 00 02 03 0F 06 16 03 00 02 03 0F 07 16 03 00 02 03 0F 08 16 03 00 02 03 0F 09 16 B3 5B 7E
TX:	5:35:18 PM	7E A0 07 03 25 31 77 E0 7E
RX:	5:35:18 PM	7E A8 89 25 03 B2 E9 2D 03 00 02 03 0F 0A 16 03 00 02 03 0F 0B 16 03 00 02 03 0F 0C 16 03 00 02 03 0F 0D 16 03 00 02 03 0F 0E 16 03 00 02 03 0F 0F 16 03 00 02 03 0F 10 16 03 00 02 03 0F 11 16 03 00 02 03 0F 12 16 03 00 02 03 0F 13 16 03 00 02 03 0F 14 16 03 00 02 03 0F 15 16 03 00 02 03 0F 16 16 03 00 02 03 0F 17 16 03 00 02 03 0F 18 16 03 00 02 03 0F 19 16 03 00 02 03 0F 1A 16 03 00 01 02 02 02 0F 01 16 B8 2C 7E
TX:	5:35:18 PM	7E A0 07 03 25 51 71 83 7E
RX:	5:35:18 PM	7E A8 89 25 03 B4 DF 48 01 02 02 0F 02 16 01 02 04 12 00 6F 11 00 09 06 00 00 13 00 00 FF 02 02 01 13 02 03 0F 01 16 01 00 02 03 0F 02 16 03 00 02 03 0F 03 16 03 00 02 03 0F 04 16 03 00 02 03 0F 05 16 03 00 02 03 0F 06 16 03 00 02 03 0F 07 16 03 00 02 03 0F 08 16 03 00 02 03 0F 09 16 03 00 02 03 0F 0A 16 03 00 02 03 0F 0B 16 03 00 02 03 0F 0C 16 03 00 02 03 0F 0D 16 03 00 02 03 0F 0E 16 03 00 02 03 0F 0F 65 D0 7E
TX:	5:35:18 PM	7E A0 07 03 25 71 73 A2 7E
RX:	5:35:18 PM	7E A8 89 25 03 B6 CD 6B 16 03 00 02 03 0F 10 16 03 00 02 03 0F 11 16 03 00 02 03 0F 12 16 03 00 02 03 0F 13 16 03 00 01 03 02 02 0F 01 16 01 02 02 0F 02 16 01 02 02 0F 03 16 01 02 04 12 00 70 11 00 09 06 00 00 13 0A 00 FF 02 02 01 0B 02 03 0F 01 16 01 00 02 03 0F 02 16 03 00 02 03 0F 03 16 03 00 02 03 0F 04 16 03 00 02 03 0F 05 16 03 00 02 03 0F 06 16 03 00 02 03 0F 07 16 03 00 02 03 0F 08 16 03 00 02 03 6B F6 7E
TX:	5:35:18 PM	7E A0 07 03 25 91 7D 45 7E
RX:	5:35:18 PM	7E A0 0E 25 03 B8 DC A2 0F 09 16 03 00 CB 66 7E
TX:	5:35:18 PM	7E A0 13 03 25 BA E1 6B E6 E6 00 E0 81 00 03 00 03 00 12 8A 7E
RX:	5:35:18 PM	7E A8 89 25 03 DA A7 C2 E6 E7 00 E0 81 00 04 00 03 82 03 A6 02 03 0F 0A 16 03 00 02 03 0F 0B 16 03 00 01 03 02 02 0F 01 16 01 02 02 0F 02 16 01 02 02 0F 03 16 01 02 04 12 00 71 11 00 09 06 00 00 13 14 00 FF 02 02 01 0D 02 03 0F 01 16 01 00 02 03 0F 02 16 03 00 02 03 0F 03 16 03 00 02 03 0F 04 16 03 00 02 03 0F 05 16 03 00 02 03 0F 06 16 03 00 02 03 0F 07 16 03 00 02 03 0F 08 16 03 00 02 03 0F 09 16 03 00 C1 38 7E
TX:	5:35:18 PM	7E A0 07 03 25 D1 79 07 7E
RX:	5:35:18 PM	7E A8 89 25 03 DC 91 A7 02 03 0F 0A 16 03 00 02 03 0F 0B 16 03 00 02 03 0F 0C 16 03 00 02 03 0F 0D 16 03 00 01 05 02 02 0F 01 16 01 02 02 0F 02 16 01 02 02 0F 03 16 01 02 02 0F 04 16 01 02 02 0F 05 16 01 02 04 12 00 73 11 00 09 06 00 00 13 28 00 FF 02 02 01 06 02 03 0F 01 16 01 00 02 03 0F 02 16 03 00 02 03 0F 03 16 03 00 02 03 0F 04 16 03 00 02 03 0F 05 16 03 00 02 03 0F 06 16 03 00 01 01 02 02 0F 01 16 0C 75 7E
TX:	5:35:18 PM	7E A0 07 03 25 F1 7B 26 7E
RX:	5:35:18 PM	7E A8 89 25 03 DE 83 84 01 02 04 12 00 3E 11 01 09 06 00 00 42 00 01 FF 02 02 01 06 02 03 0F 01 16 01 00 02 03 0F 02 16 03 00 02 03 0F 03 16 03 00 02 03 0F 04 16 03 00 02 03 0F 05 16 03 00 02 03 0F 06 16 03 00 01 02 02 02 0F 01 16 01 02 02 0F 02 16 01 02 04 12 00 46 11 01 09 06 00 00 60 03 0A FF 02 02 01 04 02 03 0F 01 16 01 00 02 03 0F 02 16 03 00 02 03 0F 03 16 03 00 02 03 0F 04 16 03 00 01 02 02 02 0F DA 6F 7E
TX:	5:35:18 PM	7E A0 07 03 25 11 75 C1 7E
RX:	5:35:18 PM	7E A8 89 25 03 D0 FD 6D 01 16 01 02 02 0F 02 16 01 02 04 12 00 50 11 00 09 06 00 00 1C 00 00 FF 02 02 01 03 02 03 0F 01 16 01 00 02 03 0F 02 16 03 00 02 03 0F 03 16 03 00 01 01 02 02 0F 01 16 01 02 04 12 00 51 11 00 09 06 00 00 1C 01 00 FF 02 02 01 05 02 03 0F 01 16 01 00 02 03 0F 02 16 03 00 02 03 0F 03 16 03 00 02 03 0F 04 16 03 00 02 03 0F 05 16 03 00 01 01 02 02 0F 01 16 01 02 04 12 00 52 11 00 09 06 A0 81 7E
TX:	5:35:18 PM	7E A0 07 03 25 31 77 E0 7E
RX:	5:35:18 PM	7E A8 89 25 03 D2 EF 4E 00 00 1C 02 00 FF 02 02 01 08 02 03 0F 01 16 01 00 02 03 0F 02 16 03 00 02 03 0F 03 16 03 00 02 03 0F 04 16 03 00 02 03 0F 05 16 03 00 02 03 0F 06 16 03 00 02 03 0F 07 16 03 00 02 03 0F 08 16 03 00 01 00 02 04 12 00 53 11 00 09 06 00 00 1C 03 00 FF 02 02 01 0E 02 03 0F 01 16 01 00 02 03 0F 02 16 03 00 02 03 0F 03 16 03 00 02 03 0F 04 16 03 00 02 03 0F 05 16 03 00 02 03 0F 06 16 03 0A 0C 7E
TX:	5:35:18 PM	7E A0 07 03 25 51 71 83 7E
RX:	5:35:19 PM	7E A8 89 25 03 D4 D9 2B 00 02 03 0F 07 16 03 00 02 03 0F 08 16 03 00 02 03 0F 09 16 03 00 02 03 0F 0A 16 03 00 02 03 0F 0B 16 03 00 02 03 0F 0C 16 03 00 02 03 0F 0D 16 03 00 02 03 0F 0E 16 03 00 01 00 02 04 12 00 54 11 00 09 06 00 00 1C 04 00 FF 02 02 01 07 02 03 0F 01 16 01 00 02 03 0F 02 16 03 00 02 03 0F 03 16 03 00 02 03 0F 04 16 03 00 02 03 0F 05 16 03 00 02 03 0F 06 16 03 00 02 03 0F 07 16 03 00 01 81 7C 7E
TX:	5:35:19 PM	7E A0 07 03 25 71 73 A2 7E
RX:	5:35:19 PM	7E A8 89 25 03 D6 CB 08 01 02 02 0F 01 16 01 02 04 12 00 55 11 00 09 06 00 00 1C 05 00 FF 02 02 01 06 02 03 0F 01 16 01 00 02 03 0F 02 16 03 00 02 03 0F 03 16 03 00 02 03 0F 04 16 03 00 02 03 0F 05 16 03 00 02 03 0F 06 16 03 00 01 01 02 02 0F 01 16 01 02 04 12 00 56 11 00 09 06 00 00 1C 07 00 FF 02 02 01 04 02 03 0F 01 16 01 00 02 03 0F 02 16 03 00 02 03 0F 03 16 03 00 02 03 0F 04 16 03 00 01 00 02 04 12 37 C1 7E
TX:	5:35:19 PM	7E A0 07 03 25 91 7D 45 7E
RX:	5:35:19 PM	7E A0 3B 25 03 D8 7F E3 00 0A 11 00 09 06 00 00 0C 00 00 FF 02 02 01 02 02 03 0F 01 16 01 00 02 03 0F 02 16 03 00 01 03 02 02 0F 01 16 01 02 02 0F 02 16 01 02 02 0F 03 16 01 D0 8A 7E
TX:	5:35:19 PM	7E A0 19 03 25 BC 79 D2 E6 E6 00 C0 01 C1 00 08 00 00 01 00 00 FF 02 00 60 1A 7E
RX:	5:35:19 PM	7E A0 1E 25 03 FA 6B 00 E6 E7 00 C4 01 C1 00 09 0C 07 E9 0B 0D FF 11 23 13 FF FE 5C 00 AC 9D 7E
TX:	5:35:42 PM	7E A0 07 03 25 53 63 A0 7E
TX:	5:35:44 PM	7E A0 07 03 25 93 6F 66 7E
RX:	5:35:44 PM	7E A0 1E 25 03 73 A2 19 81 80 12 05 01 80 06 01 80 07 04 00 00 00 01 08 04 00 00 00 01 53 3B 7E
TX:	5:35:44 PM	7E A0 4C 03 25 10 5E 06 E6 E6 00 60 3E A1 09 06 07 60 85 74 05 08 01 01 8A 02 07 80 8B 07 60 85 74 05 08 02 02 AC 12 80 10 74 05 04 44 2D 24 37 5A 3D 12 79 73 1D 78 0C 5C BE 10 04 0E 01 00 00 00 06 5F 1F 04 00 62 1E 5D FF FF 9D E2 7E
RX:	5:35:44 PM	7E A0 58 25 03 30 10 34 E6 E7 00 61 4A A1 09 06 07 60 85 74 05 08 01 01 A2 03 02 01 00 A3 05 A1 03 02 01 0E 88 02 07 80 89 07 60 85 74 05 08 02 02 AA 12 80 10 3D 46 34 1E 59 1E 21 1E 2B 5A 68 6A 19 2F 51 2E BE 10 04 0E 08 00 06 5F 1F 04 00 62 1E 5D 04 00 00 07 57 B6 7E
TX:	5:35:44 PM	7E A0 2B 03 25 32 8B CA E6 E6 00 C3 01 C1 00 0F 00 00 28 00 00 FF 01 01 09 10 7F 53 3B 3F 8A 59 73 0F F6 2F BA 8E C0 93 70 C7 EC BE 7E
RX:	5:35:44 PM	7E A0 24 25 03 52 75 B9 E6 E7 00 C7 01 C1 00 01 00 09 10 E9 72 3A 1F 9D 1B 8F C9 E5 26 DA 36 C8 2C 6E 99 91 C7 7E
TX:	5:35:44 PM	7E A0 19 03 25 54 3F B9 E6 E6 00 C0 01 C1 00 0F 00 00 28 00 00 FF 02 00 91 53 7E
RX:	5:35:44 PM	7E A8 89 25 03 74 D3 8E E6 E7 00 E0 01 00 01 00 00 82 03 F9 C4 01 C1 00 01 30 02 04 12 00 0F 11 03 09 06 00 00 28 00 00 FF 02 02 01 0B 02 03 0F 01 16 01 00 02 03 0F 02 16 03 00 02 03 0F 03 16 03 00 02 03 0F 04 16 03 00 02 03 0F 05 16 03 00 02 03 0F 06 16 03 00 02 03 0F 07 16 03 00 02 03 0F 08 16 03 00 02 03 0F 09 16 03 00 02 03 0F 0A 16 03 00 02 03 0F 0B 16 03 00 01 06 02 02 0F 01 16 01 02 02 0F 02 16 01 3B C7 7E
TX:	5:35:44 PM	7E A0 07 03 25 71 73 A2 7E
RX:	5:35:44 PM	7E A8 89 25 03 76 C1 AD 02 02 0F 03 16 01 02 02 0F 04 16 01 02 02 0F 05 16 01 02 02 0F 06 16 01 02 04 12 00 17 11 01 09 06 00 00 16 00 00 FF 02 02 01 09 02 03 0F 01 16 01 00 02 03 0F 02 16 03 00 02 03 0F 03 16 03 00 02 03 0F 04 16 03 00 02 03 0F 05 16 03 00 02 03 0F 06 16 03 00 02 03 0F 07 16 03 00 02 03 0F 08 16 03 00 02 03 0F 09 16 03 00 01 00 02 04 12 00 08 11 00 09 06 00 00 01 00 00 FF 02 02 01 09 02 1A 65 7E
TX:	5:35:44 PM	7E A0 07 03 25 91 7D 45 7E
RX:	5:35:44 PM	7E A8 89 25 03 78 BF 44 03 0F 01 16 01 00 02 03 0F 02 16 03 00 02 03 0F 03 16 03 00 02 03 0F 04 16 03 00 02 03 0F 05 16 03 00 02 03 0F 06 16 03 00 02 03 0F 07 16 03 00 02 03 0F 08 16 03 00 02 03 0F 09 16 03 00 01 06 02 02 0F 01 16 01 02 02 0F 02 16 01 02 02 0F 03 16 01 02 02 0F 04 16 01 02 02 0F 05 16 01 02 02 0F 06 16 01 02 04 12 00 0F 11 03 09 06 00 00 28 00 03 FF 02 02 01 0B 02 03 0F 01 16 01 00 02 03 7E 56 7E
TX:	5:35:44 PM	7E A0 07 03 25 B1 7F 64 7E
RX:	5:35:44 PM	7E A8 89 25 03 7A AD 67 0F 02 16 03 00 02 03 0F 03 16 03 00 02 03 0F 04 16 03 00 02 03 0F 05 16 03 00 02 03 0F 06 16 03 00 02 03 0F 07 16 03 00 02 03 0F 08 16 03 00 02 03 0F 09 16 03 00 02 03 0F 0A 16 03 00 02 03 0F 0B 16 03 00 01 06 02 02 0F 01 16 01 02 02 0F 02 16 01 02 02 0F 03 16 01 02 02 0F 04 16 01 02 02 0F 05 16 01 02 02 0F 06 16 01 02 04 12 00 40 11 01 09 06 00 00 2B 00 07 FF 02 02 01 06 02 03 0F 6C BA 7E
TX:	5:35:44 PM	7E A0 07 03 25 D1 79 07 7E
RX:	5:35:44 PM	7E A8 89 25 03 7C 9B 02 01 16 01 00 02 03 0F 02 16 03 00 02 03 0F 03 16 03 00 02 03 0F 04 16 03 00 02 03 0F 05 16 03 00 02 03 0F 06 16 03 00 01 08 02 02 0F 01 16 01 02 02 0F 02 16 01 02 02 0F 03 16 01 02 02 0F 04 16 01 02 02 0F 05 16 01 02 02 0F 06 16 01 02 02 0F 07 16 01 02 02 0F 08 16 01 02 04 12 00 40 11 01 09 06 00 00 2B 00 08 FF 02 02 01 06 02 03 0F 01 16 01 00 02 03 0F 02 16 03 00 02 03 0F 03 16 03 BD 4F 7E
TX:	5:35:44 PM	7E A0 07 03 25 F1 7B 26 7E
RX:	5:35:44 PM	7E A8 89 25 03 7E 89 21 00 02 03 0F 04 16 03 00 02 03 0F 05 16 03 00 02 03 0F 06 16 03 00 01 08 02 02 0F 01 16 01 02 02 0F 02 16 01 02 02 0F 03 16 01 02 02 0F 04 16 01 02 02 0F 05 16 01 02 02 0F 06 16 01 02 02 0F 07 16 01 02 02 0F 08 16 01 02 04 12 00 01 11 00 09 06 00 00 2B 01 08 FF 02 02 01 02 02 03 0F 01 16 01 00 02 03 0F 02 16 03 00 01 00 02 04 12 00 01 11 00 09 06 00 00 2A 00 00 FF 02 02 01 02 02 03 3F FF 7E
TX:	5:35:44 PM	7E A0 07 03 25 11 75 C1 7E
RX:	5:35:44 PM	7E A8 89 25 03 70 F7 C8 0F 01 16 01 00 02 03 0F 02 16 03 00 01 00 02 04 12 00 01 11 00 09 06 01 00 00 02 00 FF 02 02 01 02 02 03 0F 01 16 01 00 02 03 0F 02 16 03 00 01 00 02 04 12 00 01 11 00 09 06 00 00 2B 01 00 FF 02 02 01 02 02 03 0F 01 16 01 00 02 03 0F 02 16 03 00 01 00 02 04 12 00 03 11 00 09 06 01 01 15 19 00 FF 02 02 01 03 02 03 0F 01 16 01 00 02 03 0F 02 16 03 00 02 03 0F 03 16 03 00 01 01 02 02 05 D2 7E
TX:	5:35:44 PM	7E A0 07 03 25 31 77 E0 7E
RX:	5:35:44 PM	7E A8 89 25 03 72 E5 EB 0F 01 16 01 02 04 12 00 1D 11 02 09 06 00 00 02 01 00 FF 02 02 01 06 02 03 0F 01 16 01 00 02 03 0F 02 16 03 00 02 03 0F 03 16 03 00 02 03 0F 04 16 03 00 02 03 0F 05 16 03 00 02 03 0F 06 16 03 00 01 01 02 02 0F 01 16 01 02 04 12 00 14 11 00 09 06 00 00 0D 00 00 FF 02 02 01 0A 02 03 0F 01 16 01 00 02 03 0F 02 16 03 00 02 03 0F 03 16 03 00 02 03 0F 04 16 03 00 02 03 0F 05 16 03 00 02 55 76 7E
TX:	5:35:44 PM	7E A0 07 03 25 51 71 83 7E
RX:	5:35:44 PM	7E A0 0E 25 03 74 BC AE 03 0F 06 16 03 46 06 7E
TX:	5:35:44 PM	7E A0 13 03 25 76 81 67 E6 E6 00 E0 81 00 01 00 01 00 D4 80 7E
RX:	5:35:44 PM	7E A8 89 25 03 96 CF 4A E6 E7 00 E0 01 00 02 00 01 82 03 F9 00 02 03 0F 07 16 03 00 02 03 0F 08 16 03 00 02 03 0F 09 16 03 00 02 03 0F 0A 16 03 00 01 01 02 02 0F 01 16 01 02 04 12 00 13 11 01 09 06 00 00 14 00 00 FF 02 02 01 09 02 03 0F 01 16 01 00 02 03 0F 02 16 03 00 02 03 0F 03 16 03 00 02 03 0F 04 16 03 00 02 03 0F 05 16 03 00 02 03 0F 06 16 03 00 02 03 0F 07 16 03 00 02 03 0F 08 16 03 00 02 03 0F 09 AC 90 7E
TX:	5:35:44 PM	7E A0 07 03 25 91 7D 45 7E
RX:	5:35:44 PM	7E A8 89 25 03 98 B1 A3 16 03 00 01 00 02 04 12 00 05 11 00 09 06 01 00 1F 04 00 FF 02 02 01 09 02 03 0F 01 16 01 00 02 03 0F 02 16 03 00 02 03 0F 03 16 03 00 02 03 0F 04 16 03 00 02 03 0F 05 16 03 00 02 03 0F 06 16 03 00 02 03 0F 07 16 03 00 02 03 0F 08 16 03 00 02 03 0F 09 16 03 00 01 02 02 02 0F 01 16 01 02 02 0F 02 16 01 02 04 12 00 15 11 00 09 06 00 00 10 01 00 FF 02 02 01 04 02 03 0F 01 16 01 00 02 C4 BC 7E
TX:	5:35:44 PM	7E A0 07 03 25 B1 7F 64 7E
RX:	5:35:44 PM	7E A8 89 25 03 9A A3 80 03 0F 02 16 03 00 02 03 0F 03 16 03 00 02 03 0F 04 16 03 00 01 00 02 04 12 00 09 11 00 09 06 00 01 0A 01 65 FF 02 02 01 02 02 03 0F 01 16 01 00 02 03 0F 02 16 03 00 01 01 02 02 0F 01 16 01 02 04 12 00 16 11 00 09 06 00 00 0F 00 00 FF 02 02 01 04 02 03 0F 01 16 01 00 02 03 0F 02 16 03 00 02 03 0F 03 16 03 00 02 03 0F 04 16 03 00 01 00 02 04 12 00 11 11 00 09 06 00 00 29 00 00 FF 02 35 FA 7E
TX:	5:35:44 PM	7E A0 07 03 25 D1 79 07 7E
RX:	5:35:44 PM	7E A8 89 25 03 9C 95 E5 02 01 02 02 03 0F 01 16 01 00 02 03 0F 02 16 03 00 01 01 02 02 0F 01 16 01 02 04 12 00 1C 11 02 09 06 00 00 02 02 00 FF 02 02 01 07 02 03 0F 01 16 01 00 02 03 0F 02 16 03 00 02 03 0F 03 16 03 00 02 03 0F 04 16 03 00 02 03 0F 05 16 03 00 02 03 0F 06 16 03 00 02 03 0F 07 16 03 00 01 00 02 04 12 00 1B 11 00 09 06 00 00 02 00 00 FF 02 02 01 04 02 03 0F 01 16 01 00 02 03 0F 02 16 03 00 00 43 7E
TX:	5:35:44 PM	7E A0 07 03 25 F1 7B 26 7E
RX:	5:35:44 PM	7E A8 89 25 03 9E 87 C6 02 03 0F 03 16 03 00 02 03 0F 04 16 03 00 01 00 02 04 12 00 2B 11 00 09 06 00 00 19 02 00 FF 02 02 01 02 02 03 0F 01 16 01 00 02 03 0F 02 16 03 00 01 00 02 04 12 00 12 11 00 09 06 00 00 2C 00 00 FF 02 02 01 07 02 03 0F 01 16 01 00 02 03 0F 02 16 03 00 02 03 0F 03 16 03 00 02 03 0F 04 16 03 00 02 03 0F 05 16 03 00 02 03 0F 06 16 03 00 02 03 0F 07 16 03 00 01 04 02 02 0F 01 16 01 02 50 8B 7E
TX:	5:35:44 PM	7E A0 07 03 25 11 75 C1 7E
RX:	5:35:44 PM	7E A8 89 25 03 90 F9 2F 02 0F 02 16 01 02 02 0F 03 16 01 02 02 0F 04 16 01 02 04 12 00 2A 11 00 09 06 00 00 19 01 00 FF 02 02 01 0A 02 03 0F 01 16 01 00 02 03 0F 02 16 03 00 02 03 0F 03 16 03 00 02 03 0F 04 16 03 00 02 03 0F 05 16 03 00 02 03 0F 06 16 03 00 02 03 0F 07 16 03 00 02 03 0F 08 16 03 00 02 03 0F 09 16 03 00 02 03 0F 0A 16 03 00 01 03 02 02 0F 01 16 01 02 02 0F 02 16 01 02 02 0F 03 16 01 02 04 B7 DD 7E
TX:	5:35:44 PM	7E A0 07 03 25 31 77 E0 7E
RX:	5:35:44 PM	7E A8 89 25 03 92 EB 0C 12 00 30 11 00 09 06 00 00 19 07 00 FF 02 02 01 0A 02 03 0F 01 16 01 00 02 03 0F 02 16 03 00 02 03 0F 03 16 03 00 02 03 0F 04 16 03 00 02 03 0F 05 16 03 00 02 03 0F 06 16 03 00 02 03 0F 07 16 03 00 02 03 0F 08 16 03 00 02 03 0F 09 16 03 00 02 03 0F 0A 16 03 00 01 02 02 02 0F 01 16 01 02 02 0F 02 16 01 02 04 12 00 28 11 00 09 06 00 00 19 09 00 FF 02 02 01 07 02 03 0F 01 16 01 00 02 D5 E8 7E
TX:	5:35:44 PM	7E A0 07 03 25 51 71 83 7E
RX:	5:35:44 PM	7E A8 89 25 03 94 DD 69 03 0F 02 16 03 00 02 03 0F 03 16 03 00 02 03 0F 04 16 03 00 02 03 0F 05 16 03 00 02 03 0F 06 16 03 00 02 03 0F 07 16 03 00 01 01 02 02 0F 01 16 01 02 04 12 00 0B 11 00 09 06 00 00 0B 00 00 FF 02 02 01 02 02 03 0F 01 16 01 00 02 03 0F 02 16 03 00 01 02 02 02 0F 01 16 01 02 02 0F 02 16 01 02 04 12 00 32 11 00 09 06 00 00 1A 00 00 FF 02 02 01 0F 02 03 0F 01 16 01 00 02 03 0F 02 16 03 91 1A 7E
TX:	5:35:44 PM	7E A0 07 03 25 71 73 A2 7E
RX:	5:35:44 PM	7E A0 0E 25 03 96 A0 6A 00 02 03 0F 03 31 EB 7E
TX:	5:35:44 PM	7E A0 13 03 25 98 F1 69 E6 E6 00 E0 81 00 02 00 02 00 71 8F 7E
RX:	5:35:44 PM	7E A8 89 25 03 B8 B3 82 E6 E7 00 E0 01 00 03 00 02 82 03 F9 16 03 00 02 03 0F 04 16 03 00 02 03 0F 05 16 03 00 02 03 0F 06 16 03 00 02 03 0F 07 16 03 00 02 03 0F 08 16 03 00 02 03 0F 09 16 03 00 02 03 0F 0A 16 03 00 02 03 0F 0B 16 03 00 02 03 0F 0C 16 03 00 02 03 0F 0D 16 03 00 02 03 0F 0E 16 03 00 02 03 0F 0F 16 03 00 01 00 02 04 12 00 33 11 00 09 06 00 00 1A 01 00 FF 02 02 01 02 02 03 0F 01 16 01 00 02 04 65 7E
TX:	5:35:44 PM	7E A0 07 03 25 B1 7F 64 7E
RX:	5:35:44 PM	7E A8 89 25 03 BA A1 A1 03 0F 02 16 03 00 01 01 02 02 0F 01 16 01 02 04 12 00 35 11 00 09 06 00 00 1A 03 00 FF 02 02 01 08 02 03 0F 01 16 01 00 02 03 0F 02 16 03 00 02 03 0F 03 16 03 00 02 03 0F 04 16 03 00 02 03 0F 05 16 03 00 02 03 0F 06 16 03 00 02 03 0F 07 16 03 00 02 03 0F 08 16 03 00 01 01 02 02 0F 01 16 01 02 04 12 00 34 11 00 09 06 00 00 1A 02 00 FF 02 02 01 05 02 03 0F 01 16 01 00 02 03 0F 02 16 F0 E2 7E
TX:	5:35:44 PM	7E A0 07 03 25 D1 79 07 7E
RX:	5:35:44 PM	7E A8 89 25 03 BC 97 C4 03 00 02 03 0F 03 16 03 00 02 03 0F 04 16 03 00 02 03 0F 05 16 03 00 01 00 02 04 12 00 5C 11 03 09 06 00 00 1D 02 00 FF 02 02 01 17 02 03 0F 01 16 01 00 02 03 0F 02 16 03 00 02 03 0F 03 16 03 00 02 03 0F 04 16 03 00 02 03 0F 05 16 03 00 02 03 0F 06 16 03 00 02 03 0F 07 16 03 00 02 03 0F 08 16 03 00 02 03 0F 09 16 03 00 02 03 0F 0A 16 03 00 02 03 0F 0B 16 03 00 02 03 0F 0C 16 03 00 29 53 7E
TX:	5:35:44 PM	7E A0 07 03 25 F1 7B 26 7E
RX:	5:35:44 PM	7E A8 89 25 03 BE 85 E7 02 03 0F 0D 16 03 00 02 03 0F 0E 16 03 00 02 03 0F 0F 16 03 00 02 03 0F 10 16 03 00 02 03 0F 11 16 03 00 02 03 0F 12 16 03 00 02 03 0F 13 16 03 00 02 03 0F 14 16 03 00 02 03 0F 15 16 03 00 02 03 0F 16 16 03 00 02 03 0F 17 16 03 00 01 00 02 04 12 00 5A 11 01 09 06 00 00 1D 00 00 FF 02 02 01 0A 02 03 0F 01 16 01 00 02 03 0F 02 16 03 00 02 03 0F 03 16 03 00 02 03 0F 04 16 03 00 02 03 40 5D 7E
TX:	5:35:44 PM	7E A0 07 03 25 11 75 C1 7E
RX:	5:35:44 PM	7E A8 89 25 03 B0 FB 0E 0F 05 16 03 00 02 03 0F 06 16 03 00 02 03 0F 07 16 03 00 02 03 0F 08 16 03 00 02 03 0F 09 16 03 00 02 03 0F 0A 16 03 00 01 01 02 02 0F 01 16 01 02 04 12 00 5B 11 03 09 06 00 00 1D 01 00 FF 02 02 01 1A 02 03 0F 01 16 01 00 02 03 0F 02 16 03 00 02 03 0F 03 16 03 00 02 03 0F 04 16 03 00 02 03 0F 05 16 03 00 02 03 0F 06 16 03 00 02 03 0F 07 16 03 00 02 03 0F 08 16 03 00 02 03 0F 09 16 B3 5B 7E
TX:	5:35:44 PM	7E A0 07 03 25 31 77 E0 7E
RX:	5:35:44 PM	7E A8 89 25 03 B2 E9 2D 03 00 02 03 0F 0A 16 03 00 02 03 0F 0B 16 03 00 02 03 0F 0C 16 03 00 02 03 0F 0D 16 03 00 02 03 0F 0E 16 03 00 02 03 0F 0F 16 03 00 02 03 0F 10 16 03 00 02 03 0F 11 16 03 00 02 03 0F 12 16 03 00 02 03 0F 13 16 03 00 02 03 0F 14 16 03 00 02 03 0F 15 16 03 00 02 03 0F 16 16 03 00 02 03 0F 17 16 03 00 02 03 0F 18 16 03 00 02 03 0F 19 16 03 00 02 03 0F 1A 16 03 00 01 02 02 02 0F 01 16 B8 2C 7E
TX:	5:35:44 PM	7E A0 07 03 25 51 71 83 7E
RX:	5:35:44 PM	7E A8 89 25 03 B4 DF 48 01 02 02 0F 02 16 01 02 04 12 00 6F 11 00 09 06 00 00 13 00 00 FF 02 02 01 13 02 03 0F 01 16 01 00 02 03 0F 02 16 03 00 02 03 0F 03 16 03 00 02 03 0F 04 16 03 00 02 03 0F 05 16 03 00 02 03 0F 06 16 03 00 02 03 0F 07 16 03 00 02 03 0F 08 16 03 00 02 03 0F 09 16 03 00 02 03 0F 0A 16 03 00 02 03 0F 0B 16 03 00 02 03 0F 0C 16 03 00 02 03 0F 0D 16 03 00 02 03 0F 0E 16 03 00 02 03 0F 0F 65 D0 7E
TX:	5:35:44 PM	7E A0 07 03 25 71 73 A2 7E
RX:	5:35:44 PM	7E A8 89 25 03 B6 CD 6B 16 03 00 02 03 0F 10 16 03 00 02 03 0F 11 16 03 00 02 03 0F 12 16 03 00 02 03 0F 13 16 03 00 01 03 02 02 0F 01 16 01 02 02 0F 02 16 01 02 02 0F 03 16 01 02 04 12 00 70 11 00 09 06 00 00 13 0A 00 FF 02 02 01 0B 02 03 0F 01 16 01 00 02 03 0F 02 16 03 00 02 03 0F 03 16 03 00 02 03 0F 04 16 03 00 02 03 0F 05 16 03 00 02 03 0F 06 16 03 00 02 03 0F 07 16 03 00 02 03 0F 08 16 03 00 02 03 6B F6 7E
TX:	5:35:44 PM	7E A0 07 03 25 91 7D 45 7E
RX:	5:35:44 PM	7E A0 0E 25 03 B8 DC A2 0F 09 16 03 00 CB 66 7E
TX:	5:35:44 PM	7E A0 13 03 25 BA E1 6B E6 E6 00 E0 81 00 03 00 03 00 12 8A 7E
RX:	5:35:44 PM	7E A8 89 25 03 DA A7 C2 E6 E7 00 E0 81 00 04 00 03 82 03 A6 02 03 0F 0A 16 03 00 02 03 0F 0B 16 03 00 01 03 02 02 0F 01 16 01 02 02 0F 02 16 01 02 02 0F 03 16 01 02 04 12 00 71 11 00 09 06 00 00 13 14 00 FF 02 02 01 0D 02 03 0F 01 16 01 00 02 03 0F 02 16 03 00 02 03 0F 03 16 03 00 02 03 0F 04 16 03 00 02 03 0F 05 16 03 00 02 03 0F 06 16 03 00 02 03 0F 07 16 03 00 02 03 0F 08 16 03 00 02 03 0F 09 16 03 00 C1 38 7E
TX:	5:35:44 PM	7E A0 07 03 25 D1 79 07 7E
RX:	5:35:44 PM	7E A8 89 25 03 DC 91 A7 02 03 0F 0A 16 03 00 02 03 0F 0B 16 03 00 02 03 0F 0C 16 03 00 02 03 0F 0D 16 03 00 01 05 02 02 0F 01 16 01 02 02 0F 02 16 01 02 02 0F 03 16 01 02 02 0F 04 16 01 02 02 0F 05 16 01 02 04 12 00 73 11 00 09 06 00 00 13 28 00 FF 02 02 01 06 02 03 0F 01 16 01 00 02 03 0F 02 16 03 00 02 03 0F 03 16 03 00 02 03 0F 04 16 03 00 02 03 0F 05 16 03 00 02 03 0F 06 16 03 00 01 01 02 02 0F 01 16 0C 75 7E
TX:	5:35:44 PM	7E A0 07 03 25 F1 7B 26 7E
RX:	5:35:44 PM	7E A8 89 25 03 DE 83 84 01 02 04 12 00 3E 11 01 09 06 00 00 42 00 01 FF 02 02 01 06 02 03 0F 01 16 01 00 02 03 0F 02 16 03 00 02 03 0F 03 16 03 00 02 03 0F 04 16 03 00 02 03 0F 05 16 03 00 02 03 0F 06 16 03 00 01 02 02 02 0F 01 16 01 02 02 0F 02 16 01 02 04 12 00 46 11 01 09 06 00 00 60 03 0A FF 02 02 01 04 02 03 0F 01 16 01 00 02 03 0F 02 16 03 00 02 03 0F 03 16 03 00 02 03 0F 04 16 03 00 01 02 02 02 0F DA 6F 7E
TX:	5:35:44 PM	7E A0 07 03 25 11 75 C1 7E
RX:	5:35:44 PM	7E A8 89 25 03 D0 FD 6D 01 16 01 02 02 0F 02 16 01 02 04 12 00 50 11 00 09 06 00 00 1C 00 00 FF 02 02 01 03 02 03 0F 01 16 01 00 02 03 0F 02 16 03 00 02 03 0F 03 16 03 00 01 01 02 02 0F 01 16 01 02 04 12 00 51 11 00 09 06 00 00 1C 01 00 FF 02 02 01 05 02 03 0F 01 16 01 00 02 03 0F 02 16 03 00 02 03 0F 03 16 03 00 02 03 0F 04 16 03 00 02 03 0F 05 16 03 00 01 01 02 02 0F 01 16 01 02 04 12 00 52 11 00 09 06 A0 81 7E
TX:	5:35:44 PM	7E A0 07 03 25 31 77 E0 7E
RX:	5:35:44 PM	7E A8 89 25 03 D2 EF 4E 00 00 1C 02 00 FF 02 02 01 08 02 03 0F 01 16 01 00 02 03 0F 02 16 03 00 02 03 0F 03 16 03 00 02 03 0F 04 16 03 00 02 03 0F 05 16 03 00 02 03 0F 06 16 03 00 02 03 0F 07 16 03 00 02 03 0F 08 16 03 00 01 00 02 04 12 00 53 11 00 09 06 00 00 1C 03 00 FF 02 02 01 0E 02 03 0F 01 16 01 00 02 03 0F 02 16 03 00 02 03 0F 03 16 03 00 02 03 0F 04 16 03 00 02 03 0F 05 16 03 00 02 03 0F 06 16 03 0A 0C 7E
TX:	5:35:44 PM	7E A0 07 03 25 51 71 83 7E
RX:	5:35:44 PM	7E A8 89 25 03 D4 D9 2B 00 02 03 0F 07 16 03 00 02 03 0F 08 16 03 00 02 03 0F 09 16 03 00 02 03 0F 0A 16 03 00 02 03 0F 0B 16 03 00 02 03 0F 0C 16 03 00 02 03 0F 0D 16 03 00 02 03 0F 0E 16 03 00 01 00 02 04 12 00 54 11 00 09 06 00 00 1C 04 00 FF 02 02 01 07 02 03 0F 01 16 01 00 02 03 0F 02 16 03 00 02 03 0F 03 16 03 00 02 03 0F 04 16 03 00 02 03 0F 05 16 03 00 02 03 0F 06 16 03 00 02 03 0F 07 16 03 00 01 81 7C 7E
TX:	5:35:44 PM	7E A0 07 03 25 71 73 A2 7E
RX:	5:35:44 PM	7E A8 89 25 03 D6 CB 08 01 02 02 0F 01 16 01 02 04 12 00 55 11 00 09 06 00 00 1C 05 00 FF 02 02 01 06 02 03 0F 01 16 01 00 02 03 0F 02 16 03 00 02 03 0F 03 16 03 00 02 03 0F 04 16 03 00 02 03 0F 05 16 03 00 02 03 0F 06 16 03 00 01 01 02 02 0F 01 16 01 02 04 12 00 56 11 00 09 06 00 00 1C 07 00 FF 02 02 01 04 02 03 0F 01 16 01 00 02 03 0F 02 16 03 00 02 03 0F 03 16 03 00 02 03 0F 04 16 03 00 01 00 02 04 12 37 C1 7E
TX:	5:35:44 PM	7E A0 07 03 25 91 7D 45 7E
RX:	5:35:44 PM	7E A0 3B 25 03 D8 7F E3 00 0A 11 00 09 06 00 00 0C 00 00 FF 02 02 01 02 02 03 0F 01 16 01 00 02 03 0F 02 16 03 00 01 03 02 02 0F 01 16 01 02 02 0F 02 16 01 02 02 0F 03 16 01 D0 8A 7E
TX:	5:35:44 PM	7E A0 19 03 25 BC 79 D2 E6 E6 00 C0 01 C1 00 08 00 00 01 00 00 FF 02 00 60 1A 7E
RX:	5:35:44 PM	7E A0 1E 25 03 FA 6B 00 E6 E7 00 C4 01 C1 00 09 0C 07 E9 0B 0D FF 11 23 2C FF FE 5C 00 81 23 7E
TX:	5:35:47 PM	7E A0 19 03 25 DE 6D 92 E6 E6 00 C0 01 C1 00 08 00 00 01 00 00 FF 02 00 60 1A 7E
RX:	5:35:47 PM	7E A0 1E 25 03 1C 53 82 E6 E7 00 C4 01 C1 00 09 0C 07 E9 0B 0D FF 11 23 2F FF FE 5C 00 4D 3E 7E
TX:	5:36:28 PM	7E A0 07 03 25 93 6F 66 7E
RX:	5:36:28 PM	7E A0 1E 25 03 73 A2 19 81 80 12 05 01 80 06 01 80 07 04 00 00 00 01 08 04 00 00 00 01 53 3B 7E
TX:	5:36:28 PM	7E A0 4C 03 25 10 5E 06 E6 E6 00 60 3E A1 09 06 07 60 85 74 05 08 01 01 8A 02 07 80 8B 07 60 85 74 05 08 02 02 AC 12 80 10 6F 44 44 77 34 02 1C 56 70 2D 26 3B 3F 0E 16 17 BE 10 04 0E 01 00 00 00 06 5F 1F 04 00 62 1E 5D FF FF 88 3C 7E
RX:	5:36:28 PM	7E A0 58 25 03 30 10 34 E6 E7 00 61 4A A1 09 06 07 60 85 74 05 08 01 01 A2 03 02 01 00 A3 05 A1 03 02 01 0E 88 02 07 80 89 07 60 85 74 05 08 02 02 AA 12 80 10 70 35 51 06 1A 34 14 52 28 2A 70 07 59 21 57 16 BE 10 04 0E 08 00 06 5F 1F 04 00 62 1E 5D 04 00 00 07 E6 95 7E
TX:	5:36:28 PM	7E A0 2B 03 25 32 8B CA E6 E6 00 C3 01 C1 00 0F 00 00 28 00 00 FF 01 01 09 10 53 00 3F CD 4D 3D 1A 25 4E E6 98 1F DF 5B 36 EE CE DF 7E
RX:	5:36:28 PM	7E A0 24 25 03 52 75 B9 E6 E7 00 C7 01 C1 00 01 00 09 10 35 85 00 41 64 37 E7 20 85 72 72 C1 93 85 E9 9F 74 A6 7E
TX:	5:36:28 PM	7E A0 19 03 25 54 3F B9 E6 E6 00 C0 01 C1 00 0F 00 00 28 00 00 FF 02 00 91 53 7E
RX:	5:36:28 PM	7E A8 89 25 03 74 D3 8E E6 E7 00 E0 01 00 01 00 00 82 03 F9 C4 01 C1 00 01 30 02 04 12 00 0F 11 03 09 06 00 00 28 00 00 FF 02 02 01 0B 02 03 0F 01 16 01 00 02 03 0F 02 16 03 00 02 03 0F 03 16 03 00 02 03 0F 04 16 03 00 02 03 0F 05 16 03 00 02 03 0F 06 16 03 00 02 03 0F 07 16 03 00 02 03 0F 08 16 03 00 02 03 0F 09 16 03 00 02 03 0F 0A 16 03 00 02 03 0F 0B 16 03 00 01 06 02 02 0F 01 16 01 02 02 0F 02 16 01 3B C7 7E
TX:	5:36:28 PM	7E A0 07 03 25 71 73 A2 7E
RX:	5:36:28 PM	7E A8 89 25 03 76 C1 AD 02 02 0F 03 16 01 02 02 0F 04 16 01 02 02 0F 05 16 01 02 02 0F 06 16 01 02 04 12 00 17 11 01 09 06 00 00 16 00 00 FF 02 02 01 09 02 03 0F 01 16 01 00 02 03 0F 02 16 03 00 02 03 0F 03 16 03 00 02 03 0F 04 16 03 00 02 03 0F 05 16 03 00 02 03 0F 06 16 03 00 02 03 0F 07 16 03 00 02 03 0F 08 16 03 00 02 03 0F 09 16 03 00 01 00 02 04 12 00 08 11 00 09 06 00 00 01 00 00 FF 02 02 01 09 02 1A 65 7E
TX:	5:36:28 PM	7E A0 07 03 25 91 7D 45 7E
RX:	5:36:28 PM	7E A8 89 25 03 78 BF 44 03 0F 01 16 01 00 02 03 0F 02 16 03 00 02 03 0F 03 16 03 00 02 03 0F 04 16 03 00 02 03 0F 05 16 03 00 02 03 0F 06 16 03 00 02 03 0F 07 16 03 00 02 03 0F 08 16 03 00 02 03 0F 09 16 03 00 01 06 02 02 0F 01 16 01 02 02 0F 02 16 01 02 02 0F 03 16 01 02 02 0F 04 16 01 02 02 0F 05 16 01 02 02 0F 06 16 01 02 04 12 00 0F 11 03 09 06 00 00 28 00 03 FF 02 02 01 0B 02 03 0F 01 16 01 00 02 03 7E 56 7E
TX:	5:36:28 PM	7E A0 07 03 25 B1 7F 64 7E
RX:	5:36:28 PM	7E A8 89 25 03 7A AD 67 0F 02 16 03 00 02 03 0F 03 16 03 00 02 03 0F 04 16 03 00 02 03 0F 05 16 03 00 02 03 0F 06 16 03 00 02 03 0F 07 16 03 00 02 03 0F 08 16 03 00 02 03 0F 09 16 03 00 02 03 0F 0A 16 03 00 02 03 0F 0B 16 03 00 01 06 02 02 0F 01 16 01 02 02 0F 02 16 01 02 02 0F 03 16 01 02 02 0F 04 16 01 02 02 0F 05 16 01 02 02 0F 06 16 01 02 04 12 00 40 11 01 09 06 00 00 2B 00 07 FF 02 02 01 06 02 03 0F 6C BA 7E
TX:	5:36:28 PM	7E A0 07 03 25 D1 79 07 7E
RX:	5:36:28 PM	7E A8 89 25 03 7C 9B 02 01 16 01 00 02 03 0F 02 16 03 00 02 03 0F 03 16 03 00 02 03 0F 04 16 03 00 02 03 0F 05 16 03 00 02 03 0F 06 16 03 00 01 08 02 02 0F 01 16 01 02 02 0F 02 16 01 02 02 0F 03 16 01 02 02 0F 04 16 01 02 02 0F 05 16 01 02 02 0F 06 16 01 02 02 0F 07 16 01 02 02 0F 08 16 01 02 04 12 00 40 11 01 09 06 00 00 2B 00 08 FF 02 02 01 06 02 03 0F 01 16 01 00 02 03 0F 02 16 03 00 02 03 0F 03 16 03 BD 4F 7E
TX:	5:36:28 PM	7E A0 07 03 25 F1 7B 26 7E
RX:	5:36:28 PM	7E A8 89 25 03 7E 89 21 00 02 03 0F 04 16 03 00 02 03 0F 05 16 03 00 02 03 0F 06 16 03 00 01 08 02 02 0F 01 16 01 02 02 0F 02 16 01 02 02 0F 03 16 01 02 02 0F 04 16 01 02 02 0F 05 16 01 02 02 0F 06 16 01 02 02 0F 07 16 01 02 02 0F 08 16 01 02 04 12 00 01 11 00 09 06 00 00 2B 01 08 FF 02 02 01 02 02 03 0F 01 16 01 00 02 03 0F 02 16 03 00 01 00 02 04 12 00 01 11 00 09 06 00 00 2A 00 00 FF 02 02 01 02 02 03 3F FF 7E
TX:	5:36:28 PM	7E A0 07 03 25 11 75 C1 7E
RX:	5:36:28 PM	7E A8 89 25 03 70 F7 C8 0F 01 16 01 00 02 03 0F 02 16 03 00 01 00 02 04 12 00 01 11 00 09 06 01 00 00 02 00 FF 02 02 01 02 02 03 0F 01 16 01 00 02 03 0F 02 16 03 00 01 00 02 04 12 00 01 11 00 09 06 00 00 2B 01 00 FF 02 02 01 02 02 03 0F 01 16 01 00 02 03 0F 02 16 03 00 01 00 02 04 12 00 03 11 00 09 06 01 01 15 19 00 FF 02 02 01 03 02 03 0F 01 16 01 00 02 03 0F 02 16 03 00 02 03 0F 03 16 03 00 01 01 02 02 05 D2 7E
TX:	5:36:28 PM	7E A0 07 03 25 31 77 E0 7E
RX:	5:36:28 PM	7E A8 89 25 03 72 E5 EB 0F 01 16 01 02 04 12 00 1D 11 02 09 06 00 00 02 01 00 FF 02 02 01 06 02 03 0F 01 16 01 00 02 03 0F 02 16 03 00 02 03 0F 03 16 03 00 02 03 0F 04 16 03 00 02 03 0F 05 16 03 00 02 03 0F 06 16 03 00 01 01 02 02 0F 01 16 01 02 04 12 00 14 11 00 09 06 00 00 0D 00 00 FF 02 02 01 0A 02 03 0F 01 16 01 00 02 03 0F 02 16 03 00 02 03 0F 03 16 03 00 02 03 0F 04 16 03 00 02 03 0F 05 16 03 00 02 55 76 7E
TX:	5:36:28 PM	7E A0 07 03 25 51 71 83 7E
RX:	5:36:28 PM	7E A0 0E 25 03 74 BC AE 03 0F 06 16 03 46 06 7E
TX:	5:36:28 PM	7E A0 13 03 25 76 81 67 E6 E6 00 E0 81 00 01 00 01 00 D4 80 7E
RX:	5:36:28 PM	7E A8 89 25 03 96 CF 4A E6 E7 00 E0 01 00 02 00 01 82 03 F9 00 02 03 0F 07 16 03 00 02 03 0F 08 16 03 00 02 03 0F 09 16 03 00 02 03 0F 0A 16 03 00 01 01 02 02 0F 01 16 01 02 04 12 00 13 11 01 09 06 00 00 14 00 00 FF 02 02 01 09 02 03 0F 01 16 01 00 02 03 0F 02 16 03 00 02 03 0F 03 16 03 00 02 03 0F 04 16 03 00 02 03 0F 05 16 03 00 02 03 0F 06 16 03 00 02 03 0F 07 16 03 00 02 03 0F 08 16 03 00 02 03 0F 09 AC 90 7E
TX:	5:36:28 PM	7E A0 07 03 25 91 7D 45 7E
RX:	5:36:28 PM	7E A8 89 25 03 98 B1 A3 16 03 00 01 00 02 04 12 00 05 11 00 09 06 01 00 1F 04 00 FF 02 02 01 09 02 03 0F 01 16 01 00 02 03 0F 02 16 03 00 02 03 0F 03 16 03 00 02 03 0F 04 16 03 00 02 03 0F 05 16 03 00 02 03 0F 06 16 03 00 02 03 0F 07 16 03 00 02 03 0F 08 16 03 00 02 03 0F 09 16 03 00 01 02 02 02 0F 01 16 01 02 02 0F 02 16 01 02 04 12 00 15 11 00 09 06 00 00 10 01 00 FF 02 02 01 04 02 03 0F 01 16 01 00 02 C4 BC 7E
TX:	5:36:28 PM	7E A0 07 03 25 B1 7F 64 7E
RX:	5:36:28 PM	7E A8 89 25 03 9A A3 80 03 0F 02 16 03 00 02 03 0F 03 16 03 00 02 03 0F 04 16 03 00 01 00 02 04 12 00 09 11 00 09 06 00 01 0A 01 65 FF 02 02 01 02 02 03 0F 01 16 01 00 02 03 0F 02 16 03 00 01 01 02 02 0F 01 16 01 02 04 12 00 16 11 00 09 06 00 00 0F 00 00 FF 02 02 01 04 02 03 0F 01 16 01 00 02 03 0F 02 16 03 00 02 03 0F 03 16 03 00 02 03 0F 04 16 03 00 01 00 02 04 12 00 11 11 00 09 06 00 00 29 00 00 FF 02 35 FA 7E
TX:	5:36:28 PM	7E A0 07 03 25 D1 79 07 7E
RX:	5:36:28 PM	7E A8 89 25 03 9C 95 E5 02 01 02 02 03 0F 01 16 01 00 02 03 0F 02 16 03 00 01 01 02 02 0F 01 16 01 02 04 12 00 1C 11 02 09 06 00 00 02 02 00 FF 02 02 01 07 02 03 0F 01 16 01 00 02 03 0F 02 16 03 00 02 03 0F 03 16 03 00 02 03 0F 04 16 03 00 02 03 0F 05 16 03 00 02 03 0F 06 16 03 00 02 03 0F 07 16 03 00 01 00 02 04 12 00 1B 11 00 09 06 00 00 02 00 00 FF 02 02 01 04 02 03 0F 01 16 01 00 02 03 0F 02 16 03 00 00 43 7E
TX:	5:36:28 PM	7E A0 07 03 25 F1 7B 26 7E
RX:	5:36:28 PM	7E A8 89 25 03 9E 87 C6 02 03 0F 03 16 03 00 02 03 0F 04 16 03 00 01 00 02 04 12 00 2B 11 00 09 06 00 00 19 02 00 FF 02 02 01 02 02 03 0F 01 16 01 00 02 03 0F 02 16 03 00 01 00 02 04 12 00 12 11 00 09 06 00 00 2C 00 00 FF 02 02 01 07 02 03 0F 01 16 01 00 02 03 0F 02 16 03 00 02 03 0F 03 16 03 00 02 03 0F 04 16 03 00 02 03 0F 05 16 03 00 02 03 0F 06 16 03 00 02 03 0F 07 16 03 00 01 04 02 02 0F 01 16 01 02 50 8B 7E
TX:	5:36:28 PM	7E A0 07 03 25 11 75 C1 7E
RX:	5:36:28 PM	7E A8 89 25 03 90 F9 2F 02 0F 02 16 01 02 02 0F 03 16 01 02 02 0F 04 16 01 02 04 12 00 2A 11 00 09 06 00 00 19 01 00 FF 02 02 01 0A 02 03 0F 01 16 01 00 02 03 0F 02 16 03 00 02 03 0F 03 16 03 00 02 03 0F 04 16 03 00 02 03 0F 05 16 03 00 02 03 0F 06 16 03 00 02 03 0F 07 16 03 00 02 03 0F 08 16 03 00 02 03 0F 09 16 03 00 02 03 0F 0A 16 03 00 01 03 02 02 0F 01 16 01 02 02 0F 02 16 01 02 02 0F 03 16 01 02 04 B7 DD 7E
TX:	5:36:28 PM	7E A0 07 03 25 31 77 E0 7E
RX:	5:36:28 PM	7E A8 89 25 03 92 EB 0C 12 00 30 11 00 09 06 00 00 19 07 00 FF 02 02 01 0A 02 03 0F 01 16 01 00 02 03 0F 02 16 03 00 02 03 0F 03 16 03 00 02 03 0F 04 16 03 00 02 03 0F 05 16 03 00 02 03 0F 06 16 03 00 02 03 0F 07 16 03 00 02 03 0F 08 16 03 00 02 03 0F 09 16 03 00 02 03 0F 0A 16 03 00 01 02 02 02 0F 01 16 01 02 02 0F 02 16 01 02 04 12 00 28 11 00 09 06 00 00 19 09 00 FF 02 02 01 07 02 03 0F 01 16 01 00 02 D5 E8 7E
TX:	5:36:28 PM	7E A0 07 03 25 51 71 83 7E
RX:	5:36:28 PM	7E A8 89 25 03 94 DD 69 03 0F 02 16 03 00 02 03 0F 03 16 03 00 02 03 0F 04 16 03 00 02 03 0F 05 16 03 00 02 03 0F 06 16 03 00 02 03 0F 07 16 03 00 01 01 02 02 0F 01 16 01 02 04 12 00 0B 11 00 09 06 00 00 0B 00 00 FF 02 02 01 02 02 03 0F 01 16 01 00 02 03 0F 02 16 03 00 01 02 02 02 0F 01 16 01 02 02 0F 02 16 01 02 04 12 00 32 11 00 09 06 00 00 1A 00 00 FF 02 02 01 0F 02 03 0F 01 16 01 00 02 03 0F 02 16 03 91 1A 7E
TX:	5:36:28 PM	7E A0 07 03 25 71 73 A2 7E
RX:	5:36:28 PM	7E A0 0E 25 03 96 A0 6A 00 02 03 0F 03 31 EB 7E
TX:	5:36:28 PM	7E A0 13 03 25 98 F1 69 E6 E6 00 E0 81 00 02 00 02 00 71 8F 7E
RX:	5:36:28 PM	7E A8 89 25 03 B8 B3 82 E6 E7 00 E0 01 00 03 00 02 82 03 F9 16 03 00 02 03 0F 04 16 03 00 02 03 0F 05 16 03 00 02 03 0F 06 16 03 00 02 03 0F 07 16 03 00 02 03 0F 08 16 03 00 02 03 0F 09 16 03 00 02 03 0F 0A 16 03 00 02 03 0F 0B 16 03 00 02 03 0F 0C 16 03 00 02 03 0F 0D 16 03 00 02 03 0F 0E 16 03 00 02 03 0F 0F 16 03 00 01 00 02 04 12 00 33 11 00 09 06 00 00 1A 01 00 FF 02 02 01 02 02 03 0F 01 16 01 00 02 04 65 7E
TX:	5:36:28 PM	7E A0 07 03 25 B1 7F 64 7E
RX:	5:36:28 PM	7E A8 89 25 03 BA A1 A1 03 0F 02 16 03 00 01 01 02 02 0F 01 16 01 02 04 12 00 35 11 00 09 06 00 00 1A 03 00 FF 02 02 01 08 02 03 0F 01 16 01 00 02 03 0F 02 16 03 00 02 03 0F 03 16 03 00 02 03 0F 04 16 03 00 02 03 0F 05 16 03 00 02 03 0F 06 16 03 00 02 03 0F 07 16 03 00 02 03 0F 08 16 03 00 01 01 02 02 0F 01 16 01 02 04 12 00 34 11 00 09 06 00 00 1A 02 00 FF 02 02 01 05 02 03 0F 01 16 01 00 02 03 0F 02 16 F0 E2 7E
TX:	5:36:28 PM	7E A0 07 03 25 D1 79 07 7E
RX:	5:36:28 PM	7E A8 89 25 03 BC 97 C4 03 00 02 03 0F 03 16 03 00 02 03 0F 04 16 03 00 02 03 0F 05 16 03 00 01 00 02 04 12 00 5C 11 03 09 06 00 00 1D 02 00 FF 02 02 01 17 02 03 0F 01 16 01 00 02 03 0F 02 16 03 00 02 03 0F 03 16 03 00 02 03 0F 04 16 03 00 02 03 0F 05 16 03 00 02 03 0F 06 16 03 00 02 03 0F 07 16 03 00 02 03 0F 08 16 03 00 02 03 0F 09 16 03 00 02 03 0F 0A 16 03 00 02 03 0F 0B 16 03 00 02 03 0F 0C 16 03 00 29 53 7E
TX:	5:36:28 PM	7E A0 07 03 25 F1 7B 26 7E
RX:	5:36:28 PM	7E A8 89 25 03 BE 85 E7 02 03 0F 0D 16 03 00 02 03 0F 0E 16 03 00 02 03 0F 0F 16 03 00 02 03 0F 10 16 03 00 02 03 0F 11 16 03 00 02 03 0F 12 16 03 00 02 03 0F 13 16 03 00 02 03 0F 14 16 03 00 02 03 0F 15 16 03 00 02 03 0F 16 16 03 00 02 03 0F 17 16 03 00 01 00 02 04 12 00 5A 11 01 09 06 00 00 1D 00 00 FF 02 02 01 0A 02 03 0F 01 16 01 00 02 03 0F 02 16 03 00 02 03 0F 03 16 03 00 02 03 0F 04 16 03 00 02 03 40 5D 7E
TX:	5:36:28 PM	7E A0 07 03 25 11 75 C1 7E
RX:	5:36:28 PM	7E A8 89 25 03 B0 FB 0E 0F 05 16 03 00 02 03 0F 06 16 03 00 02 03 0F 07 16 03 00 02 03 0F 08 16 03 00 02 03 0F 09 16 03 00 02 03 0F 0A 16 03 00 01 01 02 02 0F 01 16 01 02 04 12 00 5B 11 03 09 06 00 00 1D 01 00 FF 02 02 01 1A 02 03 0F 01 16 01 00 02 03 0F 02 16 03 00 02 03 0F 03 16 03 00 02 03 0F 04 16 03 00 02 03 0F 05 16 03 00 02 03 0F 06 16 03 00 02 03 0F 07 16 03 00 02 03 0F 08 16 03 00 02 03 0F 09 16 B3 5B 7E
TX:	5:36:28 PM	7E A0 07 03 25 31 77 E0 7E
RX:	5:36:28 PM	7E A8 89 25 03 B2 E9 2D 03 00 02 03 0F 0A 16 03 00 02 03 0F 0B 16 03 00 02 03 0F 0C 16 03 00 02 03 0F 0D 16 03 00 02 03 0F 0E 16 03 00 02 03 0F 0F 16 03 00 02 03 0F 10 16 03 00 02 03 0F 11 16 03 00 02 03 0F 12 16 03 00 02 03 0F 13 16 03 00 02 03 0F 14 16 03 00 02 03 0F 15 16 03 00 02 03 0F 16 16 03 00 02 03 0F 17 16 03 00 02 03 0F 18 16 03 00 02 03 0F 19 16 03 00 02 03 0F 1A 16 03 00 01 02 02 02 0F 01 16 B8 2C 7E
TX:	5:36:28 PM	7E A0 07 03 25 51 71 83 7E
RX:	5:36:28 PM	7E A8 89 25 03 B4 DF 48 01 02 02 0F 02 16 01 02 04 12 00 6F 11 00 09 06 00 00 13 00 00 FF 02 02 01 13 02 03 0F 01 16 01 00 02 03 0F 02 16 03 00 02 03 0F 03 16 03 00 02 03 0F 04 16 03 00 02 03 0F 05 16 03 00 02 03 0F 06 16 03 00 02 03 0F 07 16 03 00 02 03 0F 08 16 03 00 02 03 0F 09 16 03 00 02 03 0F 0A 16 03 00 02 03 0F 0B 16 03 00 02 03 0F 0C 16 03 00 02 03 0F 0D 16 03 00 02 03 0F 0E 16 03 00 02 03 0F 0F 65 D0 7E
TX:	5:36:28 PM	7E A0 07 03 25 71 73 A2 7E
RX:	5:36:28 PM	7E A8 89 25 03 B6 CD 6B 16 03 00 02 03 0F 10 16 03 00 02 03 0F 11 16 03 00 02 03 0F 12 16 03 00 02 03 0F 13 16 03 00 01 03 02 02 0F 01 16 01 02 02 0F 02 16 01 02 02 0F 03 16 01 02 04 12 00 70 11 00 09 06 00 00 13 0A 00 FF 02 02 01 0B 02 03 0F 01 16 01 00 02 03 0F 02 16 03 00 02 03 0F 03 16 03 00 02 03 0F 04 16 03 00 02 03 0F 05 16 03 00 02 03 0F 06 16 03 00 02 03 0F 07 16 03 00 02 03 0F 08 16 03 00 02 03 6B F6 7E
TX:	5:36:28 PM	7E A0 07 03 25 91 7D 45 7E
RX:	5:36:28 PM	7E A0 0E 25 03 B8 DC A2 0F 09 16 03 00 CB 66 7E
TX:	5:36:28 PM	7E A0 13 03 25 BA E1 6B E6 E6 00 E0 81 00 03 00 03 00 12 8A 7E
RX:	5:36:28 PM	7E A8 89 25 03 DA A7 C2 E6 E7 00 E0 81 00 04 00 03 82 03 A6 02 03 0F 0A 16 03 00 02 03 0F 0B 16 03 00 01 03 02 02 0F 01 16 01 02 02 0F 02 16 01 02 02 0F 03 16 01 02 04 12 00 71 11 00 09 06 00 00 13 14 00 FF 02 02 01 0D 02 03 0F 01 16 01 00 02 03 0F 02 16 03 00 02 03 0F 03 16 03 00 02 03 0F 04 16 03 00 02 03 0F 05 16 03 00 02 03 0F 06 16 03 00 02 03 0F 07 16 03 00 02 03 0F 08 16 03 00 02 03 0F 09 16 03 00 C1 38 7E
TX:	5:36:28 PM	7E A0 07 03 25 D1 79 07 7E
RX:	5:36:28 PM	7E A8 89 25 03 DC 91 A7 02 03 0F 0A 16 03 00 02 03 0F 0B 16 03 00 02 03 0F 0C 16 03 00 02 03 0F 0D 16 03 00 01 05 02 02 0F 01 16 01 02 02 0F 02 16 01 02 02 0F 03 16 01 02 02 0F 04 16 01 02 02 0F 05 16 01 02 04 12 00 73 11 00 09 06 00 00 13 28 00 FF 02 02 01 06 02 03 0F 01 16 01 00 02 03 0F 02 16 03 00 02 03 0F 03 16 03 00 02 03 0F 04 16 03 00 02 03 0F 05 16 03 00 02 03 0F 06 16 03 00 01 01 02 02 0F 01 16 0C 75 7E
TX:	5:36:28 PM	7E A0 07 03 25 F1 7B 26 7E
RX:	5:36:28 PM	7E A8 89 25 03 DE 83 84 01 02 04 12 00 3E 11 01 09 06 00 00 42 00 01 FF 02 02 01 06 02 03 0F 01 16 01 00 02 03 0F 02 16 03 00 02 03 0F 03 16 03 00 02 03 0F 04 16 03 00 02 03 0F 05 16 03 00 02 03 0F 06 16 03 00 01 02 02 02 0F 01 16 01 02 02 0F 02 16 01 02 04 12 00 46 11 01 09 06 00 00 60 03 0A FF 02 02 01 04 02 03 0F 01 16 01 00 02 03 0F 02 16 03 00 02 03 0F 03 16 03 00 02 03 0F 04 16 03 00 01 02 02 02 0F DA 6F 7E
TX:	5:36:28 PM	7E A0 07 03 25 11 75 C1 7E
RX:	5:36:28 PM	7E A8 89 25 03 D0 FD 6D 01 16 01 02 02 0F 02 16 01 02 04 12 00 50 11 00 09 06 00 00 1C 00 00 FF 02 02 01 03 02 03 0F 01 16 01 00 02 03 0F 02 16 03 00 02 03 0F 03 16 03 00 01 01 02 02 0F 01 16 01 02 04 12 00 51 11 00 09 06 00 00 1C 01 00 FF 02 02 01 05 02 03 0F 01 16 01 00 02 03 0F 02 16 03 00 02 03 0F 03 16 03 00 02 03 0F 04 16 03 00 02 03 0F 05 16 03 00 01 01 02 02 0F 01 16 01 02 04 12 00 52 11 00 09 06 A0 81 7E
TX:	5:36:28 PM	7E A0 07 03 25 31 77 E0 7E
RX:	5:36:28 PM	7E A8 89 25 03 D2 EF 4E 00 00 1C 02 00 FF 02 02 01 08 02 03 0F 01 16 01 00 02 03 0F 02 16 03 00 02 03 0F 03 16 03 00 02 03 0F 04 16 03 00 02 03 0F 05 16 03 00 02 03 0F 06 16 03 00 02 03 0F 07 16 03 00 02 03 0F 08 16 03 00 01 00 02 04 12 00 53 11 00 09 06 00 00 1C 03 00 FF 02 02 01 0E 02 03 0F 01 16 01 00 02 03 0F 02 16 03 00 02 03 0F 03 16 03 00 02 03 0F 04 16 03 00 02 03 0F 05 16 03 00 02 03 0F 06 16 03 0A 0C 7E
TX:	5:36:28 PM	7E A0 07 03 25 51 71 83 7E
RX:	5:36:28 PM	7E A8 89 25 03 D4 D9 2B 00 02 03 0F 07 16 03 00 02 03 0F 08 16 03 00 02 03 0F 09 16 03 00 02 03 0F 0A 16 03 00 02 03 0F 0B 16 03 00 02 03 0F 0C 16 03 00 02 03 0F 0D 16 03 00 02 03 0F 0E 16 03 00 01 00 02 04 12 00 54 11 00 09 06 00 00 1C 04 00 FF 02 02 01 07 02 03 0F 01 16 01 00 02 03 0F 02 16 03 00 02 03 0F 03 16 03 00 02 03 0F 04 16 03 00 02 03 0F 05 16 03 00 02 03 0F 06 16 03 00 02 03 0F 07 16 03 00 01 81 7C 7E
TX:	5:36:28 PM	7E A0 07 03 25 71 73 A2 7E
RX:	5:36:28 PM	7E A8 89 25 03 D6 CB 08 01 02 02 0F 01 16 01 02 04 12 00 55 11 00 09 06 00 00 1C 05 00 FF 02 02 01 06 02 03 0F 01 16 01 00 02 03 0F 02 16 03 00 02 03 0F 03 16 03 00 02 03 0F 04 16 03 00 02 03 0F 05 16 03 00 02 03 0F 06 16 03 00 01 01 02 02 0F 01 16 01 02 04 12 00 56 11 00 09 06 00 00 1C 07 00 FF 02 02 01 04 02 03 0F 01 16 01 00 02 03 0F 02 16 03 00 02 03 0F 03 16 03 00 02 03 0F 04 16 03 00 01 00 02 04 12 37 C1 7E
TX:	5:36:28 PM	7E A0 07 03 25 91 7D 45 7E
RX:	5:36:28 PM	7E A0 3B 25 03 D8 7F E3 00 0A 11 00 09 06 00 00 0C 00 00 FF 02 02 01 02 02 03 0F 01 16 01 00 02 03 0F 02 16 03 00 01 03 02 02 0F 01 16 01 02 02 0F 02 16 01 02 02 0F 03 16 01 D0 8A 7E
TX:	5:36:28 PM	7E A0 19 03 25 BC 79 D2 E6 E6 00 C0 01 C1 00 08 00 00 01 00 00 FF 02 00 60 1A 7E
RX:	5:36:28 PM	7E A0 1E 25 03 FA 6B 00 E6 E7 00 C4 01 C1 00 09 0C 07 E9 0B 0D FF 11 24 1C FF FE 5C 00 81 EB 7E
TX:	5:36:31 PM	7E A0 19 03 25 DE 6D 92 E6 E6 00 C0 01 C1 00 08 00 00 01 00 00 FF 02 00 60 1A 7E
RX:	5:36:31 PM	7E A0 1E 25 03 1C 53 82 E6 E7 00 C4 01 C1 00 09 0C 07 E9 0B 0D FF 11 24 1F FF FE 5C 00 4D F6 7E
TX:	5:37:13 PM	7E A0 07 03 25 93 6F 66 7E
RX:	5:37:13 PM	7E A0 1E 25 03 73 A2 19 81 80 12 05 01 80 06 01 80 07 04 00 00 00 01 08 04 00 00 00 01 53 3B 7E
TX:	5:37:13 PM	7E A0 4C 03 25 10 5E 06 E6 E6 00 60 3E A1 09 06 07 60 85 74 05 08 01 01 8A 02 07 80 8B 07 60 85 74 05 08 02 02 AC 12 80 10 4F 52 17 36 37 5D 58 42 4A 10 39 52 1B 22 02 0C BE 10 04 0E 01 00 00 00 06 5F 1F 04 00 62 1E 5D FF FF 7A 59 7E
RX:	5:37:13 PM	7E A0 58 25 03 30 10 34 E6 E7 00 61 4A A1 09 06 07 60 85 74 05 08 01 01 A2 03 02 01 00 A3 05 A1 03 02 01 0E 88 02 07 80 89 07 60 85 74 05 08 02 02 AA 12 80 10 4A 50 31 15 52 71 11 30 22 30 6B 36 2F 78 0E 29 BE 10 04 0E 08 00 06 5F 1F 04 00 62 1E 5D 04 00 00 07 16 24 7E
TX:	5:37:13 PM	7E A0 2B 03 25 32 8B CA E6 E6 00 C3 01 C1 00 0F 00 00 28 00 00 FF 01 01 09 10 1E A9 81 47 24 C2 7A FC C5 8A 04 3C 2E DF 28 34 EA 11 7E
RX:	5:37:13 PM	7E A0 24 25 03 52 75 B9 E6 E7 00 C7 01 C1 00 01 00 09 10 E0 CE 1B 93 F6 ED 69 B5 55 6A 4B 9E 32 F2 13 04 F8 DF 7E
TX:	5:37:13 PM	7E A0 19 03 25 54 3F B9 E6 E6 00 C0 01 C1 00 0F 00 00 28 00 00 FF 02 00 91 53 7E
RX:	5:37:13 PM	7E A8 89 25 03 74 D3 8E E6 E7 00 E0 01 00 01 00 00 82 03 F9 C4 01 C1 00 01 30 02 04 12 00 0F 11 03 09 06 00 00 28 00 00 FF 02 02 01 0B 02 03 0F 01 16 01 00 02 03 0F 02 16 03 00 02 03 0F 03 16 03 00 02 03 0F 04 16 03 00 02 03 0F 05 16 03 00 02 03 0F 06 16 03 00 02 03 0F 07 16 03 00 02 03 0F 08 16 03 00 02 03 0F 09 16 03 00 02 03 0F 0A 16 03 00 02 03 0F 0B 16 03 00 01 06 02 02 0F 01 16 01 02 02 0F 02 16 01 3B C7 7E
TX:	5:37:13 PM	7E A0 07 03 25 71 73 A2 7E
RX:	5:37:13 PM	7E A8 89 25 03 76 C1 AD 02 02 0F 03 16 01 02 02 0F 04 16 01 02 02 0F 05 16 01 02 02 0F 06 16 01 02 04 12 00 17 11 01 09 06 00 00 16 00 00 FF 02 02 01 09 02 03 0F 01 16 01 00 02 03 0F 02 16 03 00 02 03 0F 03 16 03 00 02 03 0F 04 16 03 00 02 03 0F 05 16 03 00 02 03 0F 06 16 03 00 02 03 0F 07 16 03 00 02 03 0F 08 16 03 00 02 03 0F 09 16 03 00 01 00 02 04 12 00 08 11 00 09 06 00 00 01 00 00 FF 02 02 01 09 02 1A 65 7E
TX:	5:37:13 PM	7E A0 07 03 25 91 7D 45 7E
RX:	5:37:13 PM	7E A8 89 25 03 78 BF 44 03 0F 01 16 01 00 02 03 0F 02 16 03 00 02 03 0F 03 16 03 00 02 03 0F 04 16 03 00 02 03 0F 05 16 03 00 02 03 0F 06 16 03 00 02 03 0F 07 16 03 00 02 03 0F 08 16 03 00 02 03 0F 09 16 03 00 01 06 02 02 0F 01 16 01 02 02 0F 02 16 01 02 02 0F 03 16 01 02 02 0F 04 16 01 02 02 0F 05 16 01 02 02 0F 06 16 01 02 04 12 00 0F 11 03 09 06 00 00 28 00 03 FF 02 02 01 0B 02 03 0F 01 16 01 00 02 03 7E 56 7E
TX:	5:37:13 PM	7E A0 07 03 25 B1 7F 64 7E
RX:	5:37:13 PM	7E A8 89 25 03 7A AD 67 0F 02 16 03 00 02 03 0F 03 16 03 00 02 03 0F 04 16 03 00 02 03 0F 05 16 03 00 02 03 0F 06 16 03 00 02 03 0F 07 16 03 00 02 03 0F 08 16 03 00 02 03 0F 09 16 03 00 02 03 0F 0A 16 03 00 02 03 0F 0B 16 03 00 01 06 02 02 0F 01 16 01 02 02 0F 02 16 01 02 02 0F 03 16 01 02 02 0F 04 16 01 02 02 0F 05 16 01 02 02 0F 06 16 01 02 04 12 00 40 11 01 09 06 00 00 2B 00 07 FF 02 02 01 06 02 03 0F 6C BA 7E
TX:	5:37:13 PM	7E A0 07 03 25 D1 79 07 7E
RX:	5:37:13 PM	7E A8 89 25 03 7C 9B 02 01 16 01 00 02 03 0F 02 16 03 00 02 03 0F 03 16 03 00 02 03 0F 04 16 03 00 02 03 0F 05 16 03 00 02 03 0F 06 16 03 00 01 08 02 02 0F 01 16 01 02 02 0F 02 16 01 02 02 0F 03 16 01 02 02 0F 04 16 01 02 02 0F 05 16 01 02 02 0F 06 16 01 02 02 0F 07 16 01 02 02 0F 08 16 01 02 04 12 00 40 11 01 09 06 00 00 2B 00 08 FF 02 02 01 06 02 03 0F 01 16 01 00 02 03 0F 02 16 03 00 02 03 0F 03 16 03 BD 4F 7E
TX:	5:37:13 PM	7E A0 07 03 25 F1 7B 26 7E
RX:	5:37:13 PM	7E A8 89 25 03 7E 89 21 00 02 03 0F 04 16 03 00 02 03 0F 05 16 03 00 02 03 0F 06 16 03 00 01 08 02 02 0F 01 16 01 02 02 0F 02 16 01 02 02 0F 03 16 01 02 02 0F 04 16 01 02 02 0F 05 16 01 02 02 0F 06 16 01 02 02 0F 07 16 01 02 02 0F 08 16 01 02 04 12 00 01 11 00 09 06 00 00 2B 01 08 FF 02 02 01 02 02 03 0F 01 16 01 00 02 03 0F 02 16 03 00 01 00 02 04 12 00 01 11 00 09 06 00 00 2A 00 00 FF 02 02 01 02 02 03 3F FF 7E
TX:	5:37:13 PM	7E A0 07 03 25 11 75 C1 7E
RX:	5:37:13 PM	7E A8 89 25 03 70 F7 C8 0F 01 16 01 00 02 03 0F 02 16 03 00 01 00 02 04 12 00 01 11 00 09 06 01 00 00 02 00 FF 02 02 01 02 02 03 0F 01 16 01 00 02 03 0F 02 16 03 00 01 00 02 04 12 00 01 11 00 09 06 00 00 2B 01 00 FF 02 02 01 02 02 03 0F 01 16 01 00 02 03 0F 02 16 03 00 01 00 02 04 12 00 03 11 00 09 06 01 01 15 19 00 FF 02 02 01 03 02 03 0F 01 16 01 00 02 03 0F 02 16 03 00 02 03 0F 03 16 03 00 01 01 02 02 05 D2 7E
TX:	5:37:13 PM	7E A0 07 03 25 31 77 E0 7E
RX:	5:37:13 PM	7E A8 89 25 03 72 E5 EB 0F 01 16 01 02 04 12 00 1D 11 02 09 06 00 00 02 01 00 FF 02 02 01 06 02 03 0F 01 16 01 00 02 03 0F 02 16 03 00 02 03 0F 03 16 03 00 02 03 0F 04 16 03 00 02 03 0F 05 16 03 00 02 03 0F 06 16 03 00 01 01 02 02 0F 01 16 01 02 04 12 00 14 11 00 09 06 00 00 0D 00 00 FF 02 02 01 0A 02 03 0F 01 16 01 00 02 03 0F 02 16 03 00 02 03 0F 03 16 03 00 02 03 0F 04 16 03 00 02 03 0F 05 16 03 00 02 55 76 7E
TX:	5:37:13 PM	7E A0 07 03 25 51 71 83 7E
RX:	5:37:13 PM	7E A0 0E 25 03 74 BC AE 03 0F 06 16 03 46 06 7E
TX:	5:37:13 PM	7E A0 13 03 25 76 81 67 E6 E6 00 E0 81 00 01 00 01 00 D4 80 7E
RX:	5:37:13 PM	7E A8 89 25 03 96 CF 4A E6 E7 00 E0 01 00 02 00 01 82 03 F9 00 02 03 0F 07 16 03 00 02 03 0F 08 16 03 00 02 03 0F 09 16 03 00 02 03 0F 0A 16 03 00 01 01 02 02 0F 01 16 01 02 04 12 00 13 11 01 09 06 00 00 14 00 00 FF 02 02 01 09 02 03 0F 01 16 01 00 02 03 0F 02 16 03 00 02 03 0F 03 16 03 00 02 03 0F 04 16 03 00 02 03 0F 05 16 03 00 02 03 0F 06 16 03 00 02 03 0F 07 16 03 00 02 03 0F 08 16 03 00 02 03 0F 09 AC 90 7E
TX:	5:37:13 PM	7E A0 07 03 25 91 7D 45 7E
RX:	5:37:13 PM	7E A8 89 25 03 98 B1 A3 16 03 00 01 00 02 04 12 00 05 11 00 09 06 01 00 1F 04 00 FF 02 02 01 09 02 03 0F 01 16 01 00 02 03 0F 02 16 03 00 02 03 0F 03 16 03 00 02 03 0F 04 16 03 00 02 03 0F 05 16 03 00 02 03 0F 06 16 03 00 02 03 0F 07 16 03 00 02 03 0F 08 16 03 00 02 03 0F 09 16 03 00 01 02 02 02 0F 01 16 01 02 02 0F 02 16 01 02 04 12 00 15 11 00 09 06 00 00 10 01 00 FF 02 02 01 04 02 03 0F 01 16 01 00 02 C4 BC 7E
TX:	5:37:13 PM	7E A0 07 03 25 B1 7F 64 7E
RX:	5:37:13 PM	7E A8 89 25 03 9A A3 80 03 0F 02 16 03 00 02 03 0F 03 16 03 00 02 03 0F 04 16 03 00 01 00 02 04 12 00 09 11 00 09 06 00 01 0A 01 65 FF 02 02 01 02 02 03 0F 01 16 01 00 02 03 0F 02 16 03 00 01 01 02 02 0F 01 16 01 02 04 12 00 16 11 00 09 06 00 00 0F 00 00 FF 02 02 01 04 02 03 0F 01 16 01 00 02 03 0F 02 16 03 00 02 03 0F 03 16 03 00 02 03 0F 04 16 03 00 01 00 02 04 12 00 11 11 00 09 06 00 00 29 00 00 FF 02 35 FA 7E
TX:	5:37:13 PM	7E A0 07 03 25 D1 79 07 7E
RX:	5:37:13 PM	7E A8 89 25 03 9C 95 E5 02 01 02 02 03 0F 01 16 01 00 02 03 0F 02 16 03 00 01 01 02 02 0F 01 16 01 02 04 12 00 1C 11 02 09 06 00 00 02 02 00 FF 02 02 01 07 02 03 0F 01 16 01 00 02 03 0F 02 16 03 00 02 03 0F 03 16 03 00 02 03 0F 04 16 03 00 02 03 0F 05 16 03 00 02 03 0F 06 16 03 00 02 03 0F 07 16 03 00 01 00 02 04 12 00 1B 11 00 09 06 00 00 02 00 00 FF 02 02 01 04 02 03 0F 01 16 01 00 02 03 0F 02 16 03 00 00 43 7E
TX:	5:37:13 PM	7E A0 07 03 25 F1 7B 26 7E
RX:	5:37:13 PM	7E A8 89 25 03 9E 87 C6 02 03 0F 03 16 03 00 02 03 0F 04 16 03 00 01 00 02 04 12 00 2B 11 00 09 06 00 00 19 02 00 FF 02 02 01 02 02 03 0F 01 16 01 00 02 03 0F 02 16 03 00 01 00 02 04 12 00 12 11 00 09 06 00 00 2C 00 00 FF 02 02 01 07 02 03 0F 01 16 01 00 02 03 0F 02 16 03 00 02 03 0F 03 16 03 00 02 03 0F 04 16 03 00 02 03 0F 05 16 03 00 02 03 0F 06 16 03 00 02 03 0F 07 16 03 00 01 04 02 02 0F 01 16 01 02 50 8B 7E
TX:	5:37:13 PM	7E A0 07 03 25 11 75 C1 7E
RX:	5:37:13 PM	7E A8 89 25 03 90 F9 2F 02 0F 02 16 01 02 02 0F 03 16 01 02 02 0F 04 16 01 02 04 12 00 2A 11 00 09 06 00 00 19 01 00 FF 02 02 01 0A 02 03 0F 01 16 01 00 02 03 0F 02 16 03 00 02 03 0F 03 16 03 00 02 03 0F 04 16 03 00 02 03 0F 05 16 03 00 02 03 0F 06 16 03 00 02 03 0F 07 16 03 00 02 03 0F 08 16 03 00 02 03 0F 09 16 03 00 02 03 0F 0A 16 03 00 01 03 02 02 0F 01 16 01 02 02 0F 02 16 01 02 02 0F 03 16 01 02 04 B7 DD 7E
TX:	5:37:13 PM	7E A0 07 03 25 31 77 E0 7E
RX:	5:37:13 PM	7E A8 89 25 03 92 EB 0C 12 00 30 11 00 09 06 00 00 19 07 00 FF 02 02 01 0A 02 03 0F 01 16 01 00 02 03 0F 02 16 03 00 02 03 0F 03 16 03 00 02 03 0F 04 16 03 00 02 03 0F 05 16 03 00 02 03 0F 06 16 03 00 02 03 0F 07 16 03 00 02 03 0F 08 16 03 00 02 03 0F 09 16 03 00 02 03 0F 0A 16 03 00 01 02 02 02 0F 01 16 01 02 02 0F 02 16 01 02 04 12 00 28 11 00 09 06 00 00 19 09 00 FF 02 02 01 07 02 03 0F 01 16 01 00 02 D5 E8 7E
TX:	5:37:13 PM	7E A0 07 03 25 51 71 83 7E
RX:	5:37:13 PM	7E A8 89 25 03 94 DD 69 03 0F 02 16 03 00 02 03 0F 03 16 03 00 02 03 0F 04 16 03 00 02 03 0F 05 16 03 00 02 03 0F 06 16 03 00 02 03 0F 07 16 03 00 01 01 02 02 0F 01 16 01 02 04 12 00 0B 11 00 09 06 00 00 0B 00 00 FF 02 02 01 02 02 03 0F 01 16 01 00 02 03 0F 02 16 03 00 01 02 02 02 0F 01 16 01 02 02 0F 02 16 01 02 04 12 00 32 11 00 09 06 00 00 1A 00 00 FF 02 02 01 0F 02 03 0F 01 16 01 00 02 03 0F 02 16 03 91 1A 7E
TX:	5:37:13 PM	7E A0 07 03 25 71 73 A2 7E
RX:	5:37:13 PM	7E A0 0E 25 03 96 A0 6A 00 02 03 0F 03 31 EB 7E
TX:	5:37:13 PM	7E A0 13 03 25 98 F1 69 E6 E6 00 E0 81 00 02 00 02 00 71 8F 7E
RX:	5:37:13 PM	7E A8 89 25 03 B8 B3 82 E6 E7 00 E0 01 00 03 00 02 82 03 F9 16 03 00 02 03 0F 04 16 03 00 02 03 0F 05 16 03 00 02 03 0F 06 16 03 00 02 03 0F 07 16 03 00 02 03 0F 08 16 03 00 02 03 0F 09 16 03 00 02 03 0F 0A 16 03 00 02 03 0F 0B 16 03 00 02 03 0F 0C 16 03 00 02 03 0F 0D 16 03 00 02 03 0F 0E 16 03 00 02 03 0F 0F 16 03 00 01 00 02 04 12 00 33 11 00 09 06 00 00 1A 01 00 FF 02 02 01 02 02 03 0F 01 16 01 00 02 04 65 7E
TX:	5:37:13 PM	7E A0 07 03 25 B1 7F 64 7E
RX:	5:37:13 PM	7E A8 89 25 03 BA A1 A1 03 0F 02 16 03 00 01 01 02 02 0F 01 16 01 02 04 12 00 35 11 00 09 06 00 00 1A 03 00 FF 02 02 01 08 02 03 0F 01 16 01 00 02 03 0F 02 16 03 00 02 03 0F 03 16 03 00 02 03 0F 04 16 03 00 02 03 0F 05 16 03 00 02 03 0F 06 16 03 00 02 03 0F 07 16 03 00 02 03 0F 08 16 03 00 01 01 02 02 0F 01 16 01 02 04 12 00 34 11 00 09 06 00 00 1A 02 00 FF 02 02 01 05 02 03 0F 01 16 01 00 02 03 0F 02 16 F0 E2 7E
TX:	5:37:13 PM	7E A0 07 03 25 D1 79 07 7E
RX:	5:37:13 PM	7E A8 89 25 03 BC 97 C4 03 00 02 03 0F 03 16 03 00 02 03 0F 04 16 03 00 02 03 0F 05 16 03 00 01 00 02 04 12 00 5C 11 03 09 06 00 00 1D 02 00 FF 02 02 01 17 02 03 0F 01 16 01 00 02 03 0F 02 16 03 00 02 03 0F 03 16 03 00 02 03 0F 04 16 03 00 02 03 0F 05 16 03 00 02 03 0F 06 16 03 00 02 03 0F 07 16 03 00 02 03 0F 08 16 03 00 02 03 0F 09 16 03 00 02 03 0F 0A 16 03 00 02 03 0F 0B 16 03 00 02 03 0F 0C 16 03 00 29 53 7E
TX:	5:37:13 PM	7E A0 07 03 25 F1 7B 26 7E
RX:	5:37:13 PM	7E A8 89 25 03 BE 85 E7 02 03 0F 0D 16 03 00 02 03 0F 0E 16 03 00 02 03 0F 0F 16 03 00 02 03 0F 10 16 03 00 02 03 0F 11 16 03 00 02 03 0F 12 16 03 00 02 03 0F 13 16 03 00 02 03 0F 14 16 03 00 02 03 0F 15 16 03 00 02 03 0F 16 16 03 00 02 03 0F 17 16 03 00 01 00 02 04 12 00 5A 11 01 09 06 00 00 1D 00 00 FF 02 02 01 0A 02 03 0F 01 16 01 00 02 03 0F 02 16 03 00 02 03 0F 03 16 03 00 02 03 0F 04 16 03 00 02 03 40 5D 7E
TX:	5:37:13 PM	7E A0 07 03 25 11 75 C1 7E
RX:	5:37:13 PM	7E A8 89 25 03 B0 FB 0E 0F 05 16 03 00 02 03 0F 06 16 03 00 02 03 0F 07 16 03 00 02 03 0F 08 16 03 00 02 03 0F 09 16 03 00 02 03 0F 0A 16 03 00 01 01 02 02 0F 01 16 01 02 04 12 00 5B 11 03 09 06 00 00 1D 01 00 FF 02 02 01 1A 02 03 0F 01 16 01 00 02 03 0F 02 16 03 00 02 03 0F 03 16 03 00 02 03 0F 04 16 03 00 02 03 0F 05 16 03 00 02 03 0F 06 16 03 00 02 03 0F 07 16 03 00 02 03 0F 08 16 03 00 02 03 0F 09 16 B3 5B 7E
TX:	5:37:13 PM	7E A0 07 03 25 31 77 E0 7E
RX:	5:37:13 PM	7E A8 89 25 03 B2 E9 2D 03 00 02 03 0F 0A 16 03 00 02 03 0F 0B 16 03 00 02 03 0F 0C 16 03 00 02 03 0F 0D 16 03 00 02 03 0F 0E 16 03 00 02 03 0F 0F 16 03 00 02 03 0F 10 16 03 00 02 03 0F 11 16 03 00 02 03 0F 12 16 03 00 02 03 0F 13 16 03 00 02 03 0F 14 16 03 00 02 03 0F 15 16 03 00 02 03 0F 16 16 03 00 02 03 0F 17 16 03 00 02 03 0F 18 16 03 00 02 03 0F 19 16 03 00 02 03 0F 1A 16 03 00 01 02 02 02 0F 01 16 B8 2C 7E
TX:	5:37:13 PM	7E A0 07 03 25 51 71 83 7E
RX:	5:37:13 PM	7E A8 89 25 03 B4 DF 48 01 02 02 0F 02 16 01 02 04 12 00 6F 11 00 09 06 00 00 13 00 00 FF 02 02 01 13 02 03 0F 01 16 01 00 02 03 0F 02 16 03 00 02 03 0F 03 16 03 00 02 03 0F 04 16 03 00 02 03 0F 05 16 03 00 02 03 0F 06 16 03 00 02 03 0F 07 16 03 00 02 03 0F 08 16 03 00 02 03 0F 09 16 03 00 02 03 0F 0A 16 03 00 02 03 0F 0B 16 03 00 02 03 0F 0C 16 03 00 02 03 0F 0D 16 03 00 02 03 0F 0E 16 03 00 02 03 0F 0F 65 D0 7E
TX:	5:37:13 PM	7E A0 07 03 25 71 73 A2 7E
RX:	5:37:13 PM	7E A8 89 25 03 B6 CD 6B 16 03 00 02 03 0F 10 16 03 00 02 03 0F 11 16 03 00 02 03 0F 12 16 03 00 02 03 0F 13 16 03 00 01 03 02 02 0F 01 16 01 02 02 0F 02 16 01 02 02 0F 03 16 01 02 04 12 00 70 11 00 09 06 00 00 13 0A 00 FF 02 02 01 0B 02 03 0F 01 16 01 00 02 03 0F 02 16 03 00 02 03 0F 03 16 03 00 02 03 0F 04 16 03 00 02 03 0F 05 16 03 00 02 03 0F 06 16 03 00 02 03 0F 07 16 03 00 02 03 0F 08 16 03 00 02 03 6B F6 7E
TX:	5:37:13 PM	7E A0 07 03 25 91 7D 45 7E
RX:	5:37:13 PM	7E A0 0E 25 03 B8 DC A2 0F 09 16 03 00 CB 66 7E
TX:	5:37:13 PM	7E A0 13 03 25 BA E1 6B E6 E6 00 E0 81 00 03 00 03 00 12 8A 7E
RX:	5:37:13 PM	7E A8 89 25 03 DA A7 C2 E6 E7 00 E0 81 00 04 00 03 82 03 A6 02 03 0F 0A 16 03 00 02 03 0F 0B 16 03 00 01 03 02 02 0F 01 16 01 02 02 0F 02 16 01 02 02 0F 03 16 01 02 04 12 00 71 11 00 09 06 00 00 13 14 00 FF 02 02 01 0D 02 03 0F 01 16 01 00 02 03 0F 02 16 03 00 02 03 0F 03 16 03 00 02 03 0F 04 16 03 00 02 03 0F 05 16 03 00 02 03 0F 06 16 03 00 02 03 0F 07 16 03 00 02 03 0F 08 16 03 00 02 03 0F 09 16 03 00 C1 38 7E
TX:	5:37:13 PM	7E A0 07 03 25 D1 79 07 7E
RX:	5:37:13 PM	7E A8 89 25 03 DC 91 A7 02 03 0F 0A 16 03 00 02 03 0F 0B 16 03 00 02 03 0F 0C 16 03 00 02 03 0F 0D 16 03 00 01 05 02 02 0F 01 16 01 02 02 0F 02 16 01 02 02 0F 03 16 01 02 02 0F 04 16 01 02 02 0F 05 16 01 02 04 12 00 73 11 00 09 06 00 00 13 28 00 FF 02 02 01 06 02 03 0F 01 16 01 00 02 03 0F 02 16 03 00 02 03 0F 03 16 03 00 02 03 0F 04 16 03 00 02 03 0F 05 16 03 00 02 03 0F 06 16 03 00 01 01 02 02 0F 01 16 0C 75 7E
TX:	5:37:13 PM	7E A0 07 03 25 F1 7B 26 7E
RX:	5:37:13 PM	7E A8 89 25 03 DE 83 84 01 02 04 12 00 3E 11 01 09 06 00 00 42 00 01 FF 02 02 01 06 02 03 0F 01 16 01 00 02 03 0F 02 16 03 00 02 03 0F 03 16 03 00 02 03 0F 04 16 03 00 02 03 0F 05 16 03 00 02 03 0F 06 16 03 00 01 02 02 02 0F 01 16 01 02 02 0F 02 16 01 02 04 12 00 46 11 01 09 06 00 00 60 03 0A FF 02 02 01 04 02 03 0F 01 16 01 00 02 03 0F 02 16 03 00 02 03 0F 03 16 03 00 02 03 0F 04 16 03 00 01 02 02 02 0F DA 6F 7E
TX:	5:37:13 PM	7E A0 07 03 25 11 75 C1 7E
RX:	5:37:13 PM	7E A8 89 25 03 D0 FD 6D 01 16 01 02 02 0F 02 16 01 02 04 12 00 50 11 00 09 06 00 00 1C 00 00 FF 02 02 01 03 02 03 0F 01 16 01 00 02 03 0F 02 16 03 00 02 03 0F 03 16 03 00 01 01 02 02 0F 01 16 01 02 04 12 00 51 11 00 09 06 00 00 1C 01 00 FF 02 02 01 05 02 03 0F 01 16 01 00 02 03 0F 02 16 03 00 02 03 0F 03 16 03 00 02 03 0F 04 16 03 00 02 03 0F 05 16 03 00 01 01 02 02 0F 01 16 01 02 04 12 00 52 11 00 09 06 A0 81 7E
TX:	5:37:13 PM	7E A0 07 03 25 31 77 E0 7E
RX:	5:37:13 PM	7E A8 89 25 03 D2 EF 4E 00 00 1C 02 00 FF 02 02 01 08 02 03 0F 01 16 01 00 02 03 0F 02 16 03 00 02 03 0F 03 16 03 00 02 03 0F 04 16 03 00 02 03 0F 05 16 03 00 02 03 0F 06 16 03 00 02 03 0F 07 16 03 00 02 03 0F 08 16 03 00 01 00 02 04 12 00 53 11 00 09 06 00 00 1C 03 00 FF 02 02 01 0E 02 03 0F 01 16 01 00 02 03 0F 02 16 03 00 02 03 0F 03 16 03 00 02 03 0F 04 16 03 00 02 03 0F 05 16 03 00 02 03 0F 06 16 03 0A 0C 7E
TX:	5:37:13 PM	7E A0 07 03 25 51 71 83 7E
RX:	5:37:13 PM	7E A8 89 25 03 D4 D9 2B 00 02 03 0F 07 16 03 00 02 03 0F 08 16 03 00 02 03 0F 09 16 03 00 02 03 0F 0A 16 03 00 02 03 0F 0B 16 03 00 02 03 0F 0C 16 03 00 02 03 0F 0D 16 03 00 02 03 0F 0E 16 03 00 01 00 02 04 12 00 54 11 00 09 06 00 00 1C 04 00 FF 02 02 01 07 02 03 0F 01 16 01 00 02 03 0F 02 16 03 00 02 03 0F 03 16 03 00 02 03 0F 04 16 03 00 02 03 0F 05 16 03 00 02 03 0F 06 16 03 00 02 03 0F 07 16 03 00 01 81 7C 7E
TX:	5:37:13 PM	7E A0 07 03 25 71 73 A2 7E
RX:	5:37:13 PM	7E A8 89 25 03 D6 CB 08 01 02 02 0F 01 16 01 02 04 12 00 55 11 00 09 06 00 00 1C 05 00 FF 02 02 01 06 02 03 0F 01 16 01 00 02 03 0F 02 16 03 00 02 03 0F 03 16 03 00 02 03 0F 04 16 03 00 02 03 0F 05 16 03 00 02 03 0F 06 16 03 00 01 01 02 02 0F 01 16 01 02 04 12 00 56 11 00 09 06 00 00 1C 07 00 FF 02 02 01 04 02 03 0F 01 16 01 00 02 03 0F 02 16 03 00 02 03 0F 03 16 03 00 02 03 0F 04 16 03 00 01 00 02 04 12 37 C1 7E
TX:	5:37:13 PM	7E A0 07 03 25 91 7D 45 7E
RX:	5:37:13 PM	7E A0 3B 25 03 D8 7F E3 00 0A 11 00 09 06 00 00 0C 00 00 FF 02 02 01 02 02 03 0F 01 16 01 00 02 03 0F 02 16 03 00 01 03 02 02 0F 01 16 01 02 02 0F 02 16 01 02 02 0F 03 16 01 D0 8A 7E
TX:	5:37:13 PM	7E A0 19 03 25 BC 79 D2 E6 E6 00 C0 01 C1 00 08 00 00 01 00 00 FF 02 00 60 1A 7E
RX:	5:37:13 PM	7E A0 1E 25 03 FA 6B 00 E6 E7 00 C4 01 C1 00 09 0C 07 E9 0B 0D FF 11 25 0D FF FE 5C 00 AE 50 7E
TX:	5:37:16 PM	7E A0 19 03 25 DE 6D 92 E6 E6 00 C0 01 C1 00 08 00 00 01 00 00 FF 02 00 60 1A 7E
RX:	5:37:16 PM	7E A0 1E 25 03 1C 53 82 E6 E7 00 C4 01 C1 00 09 0C 07 E9 0B 0D FF 11 25 10 FF FE 5C 00 9A 98 7E
TX:	5:37:19 PM	7E A0 19 03 25 F0 11 5A E6 E6 00 C0 01 C1 00 08 00 00 01 00 00 FF 02 00 60 1A 7E
RX:	5:37:19 PM	7E A0 1E 25 03 3E 43 80 E6 E7 00 C4 01 C1 00 09 0C 07 E9 0B 0D FF 11 25 13 FF FE 5C 00 56 85 7E
TX:	5:39:58 PM	7E A0 07 03 25 93 6F 66 7E
RX:	5:39:58 PM	7E A0 1E 25 03 73 A2 19 81 80 12 05 01 80 06 01 80 07 04 00 00 00 01 08 04 00 00 00 01 53 3B 7E
TX:	5:39:58 PM	7E A0 4C 03 25 10 5E 06 E6 E6 00 60 3E A1 09 06 07 60 85 74 05 08 01 01 8A 02 07 80 8B 07 60 85 74 05 08 02 02 AC 12 80 10 03 64 6B 66 47 33 76 49 64 00 1A 11 4F 2F 64 1F BE 10 04 0E 01 00 00 00 06 5F 1F 04 00 62 1E 5D FF FF F3 18 7E
RX:	5:39:58 PM	7E A0 58 25 03 30 10 34 E6 E7 00 61 4A A1 09 06 07 60 85 74 05 08 01 01 A2 03 02 01 00 A3 05 A1 03 02 01 0E 88 02 07 80 89 07 60 85 74 05 08 02 02 AA 12 80 10 0F 77 25 6C 47 6E 24 47 24 36 10 42 1A 44 70 6D BE 10 04 0E 08 00 06 5F 1F 04 00 62 1E 5D 04 00 00 07 D9 95 7E
TX:	5:39:58 PM	7E A0 2B 03 25 32 8B CA E6 E6 00 C3 01 C1 00 0F 00 00 28 00 00 FF 01 01 09 10 1D A5 E1 70 6D 34 AF A8 74 3E 2A 1D 6C EE AD EA 3D E8 7E
RX:	5:39:58 PM	7E A0 24 25 03 52 75 B9 E6 E7 00 C7 01 C1 00 01 00 09 10 DF 7F DB 06 50 36 06 F8 DE 4B 17 0E 33 32 07 C1 3B FA 7E
TX:	5:39:58 PM	7E A0 19 03 25 54 3F B9 E6 E6 00 C0 01 C1 00 0F 00 00 28 00 00 FF 02 00 91 53 7E
RX:	5:39:58 PM	7E A8 89 25 03 74 D3 8E E6 E7 00 E0 01 00 01 00 00 82 03 F9 C4 01 C1 00 01 30 02 04 12 00 0F 11 03 09 06 00 00 28 00 00 FF 02 02 01 0B 02 03 0F 01 16 01 00 02 03 0F 02 16 03 00 02 03 0F 03 16 03 00 02 03 0F 04 16 03 00 02 03 0F 05 16 03 00 02 03 0F 06 16 03 00 02 03 0F 07 16 03 00 02 03 0F 08 16 03 00 02 03 0F 09 16 03 00 02 03 0F 0A 16 03 00 02 03 0F 0B 16 03 00 01 06 02 02 0F 01 16 01 02 02 0F 02 16 01 3B C7 7E
TX:	5:39:58 PM	7E A0 07 03 25 71 73 A2 7E
RX:	5:39:58 PM	7E A8 89 25 03 76 C1 AD 02 02 0F 03 16 01 02 02 0F 04 16 01 02 02 0F 05 16 01 02 02 0F 06 16 01 02 04 12 00 17 11 01 09 06 00 00 16 00 00 FF 02 02 01 09 02 03 0F 01 16 01 00 02 03 0F 02 16 03 00 02 03 0F 03 16 03 00 02 03 0F 04 16 03 00 02 03 0F 05 16 03 00 02 03 0F 06 16 03 00 02 03 0F 07 16 03 00 02 03 0F 08 16 03 00 02 03 0F 09 16 03 00 01 00 02 04 12 00 08 11 00 09 06 00 00 01 00 00 FF 02 02 01 09 02 1A 65 7E
TX:	5:39:58 PM	7E A0 07 03 25 91 7D 45 7E
RX:	5:39:58 PM	7E A8 89 25 03 78 BF 44 03 0F 01 16 01 00 02 03 0F 02 16 03 00 02 03 0F 03 16 03 00 02 03 0F 04 16 03 00 02 03 0F 05 16 03 00 02 03 0F 06 16 03 00 02 03 0F 07 16 03 00 02 03 0F 08 16 03 00 02 03 0F 09 16 03 00 01 06 02 02 0F 01 16 01 02 02 0F 02 16 01 02 02 0F 03 16 01 02 02 0F 04 16 01 02 02 0F 05 16 01 02 02 0F 06 16 01 02 04 12 00 0F 11 03 09 06 00 00 28 00 03 FF 02 02 01 0B 02 03 0F 01 16 01 00 02 03 7E 56 7E
TX:	5:39:58 PM	7E A0 07 03 25 B1 7F 64 7E
RX:	5:39:58 PM	7E A8 89 25 03 7A AD 67 0F 02 16 03 00 02 03 0F 03 16 03 00 02 03 0F 04 16 03 00 02 03 0F 05 16 03 00 02 03 0F 06 16 03 00 02 03 0F 07 16 03 00 02 03 0F 08 16 03 00 02 03 0F 09 16 03 00 02 03 0F 0A 16 03 00 02 03 0F 0B 16 03 00 01 06 02 02 0F 01 16 01 02 02 0F 02 16 01 02 02 0F 03 16 01 02 02 0F 04 16 01 02 02 0F 05 16 01 02 02 0F 06 16 01 02 04 12 00 40 11 01 09 06 00 00 2B 00 07 FF 02 02 01 06 02 03 0F 6C BA 7E
TX:	5:39:58 PM	7E A0 07 03 25 D1 79 07 7E
RX:	5:39:58 PM	7E A8 89 25 03 7C 9B 02 01 16 01 00 02 03 0F 02 16 03 00 02 03 0F 03 16 03 00 02 03 0F 04 16 03 00 02 03 0F 05 16 03 00 02 03 0F 06 16 03 00 01 08 02 02 0F 01 16 01 02 02 0F 02 16 01 02 02 0F 03 16 01 02 02 0F 04 16 01 02 02 0F 05 16 01 02 02 0F 06 16 01 02 02 0F 07 16 01 02 02 0F 08 16 01 02 04 12 00 40 11 01 09 06 00 00 2B 00 08 FF 02 02 01 06 02 03 0F 01 16 01 00 02 03 0F 02 16 03 00 02 03 0F 03 16 03 BD 4F 7E
TX:	5:39:58 PM	7E A0 07 03 25 F1 7B 26 7E
RX:	5:39:58 PM	7E A8 89 25 03 7E 89 21 00 02 03 0F 04 16 03 00 02 03 0F 05 16 03 00 02 03 0F 06 16 03 00 01 08 02 02 0F 01 16 01 02 02 0F 02 16 01 02 02 0F 03 16 01 02 02 0F 04 16 01 02 02 0F 05 16 01 02 02 0F 06 16 01 02 02 0F 07 16 01 02 02 0F 08 16 01 02 04 12 00 01 11 00 09 06 00 00 2B 01 08 FF 02 02 01 02 02 03 0F 01 16 01 00 02 03 0F 02 16 03 00 01 00 02 04 12 00 01 11 00 09 06 00 00 2A 00 00 FF 02 02 01 02 02 03 3F FF 7E
TX:	5:39:58 PM	7E A0 07 03 25 11 75 C1 7E
RX:	5:39:58 PM	7E A8 89 25 03 70 F7 C8 0F 01 16 01 00 02 03 0F 02 16 03 00 01 00 02 04 12 00 01 11 00 09 06 01 00 00 02 00 FF 02 02 01 02 02 03 0F 01 16 01 00 02 03 0F 02 16 03 00 01 00 02 04 12 00 01 11 00 09 06 00 00 2B 01 00 FF 02 02 01 02 02 03 0F 01 16 01 00 02 03 0F 02 16 03 00 01 00 02 04 12 00 03 11 00 09 06 01 01 15 19 00 FF 02 02 01 03 02 03 0F 01 16 01 00 02 03 0F 02 16 03 00 02 03 0F 03 16 03 00 01 01 02 02 05 D2 7E
TX:	5:39:58 PM	7E A0 07 03 25 31 77 E0 7E
RX:	5:39:58 PM	7E A8 89 25 03 72 E5 EB 0F 01 16 01 02 04 12 00 1D 11 02 09 06 00 00 02 01 00 FF 02 02 01 06 02 03 0F 01 16 01 00 02 03 0F 02 16 03 00 02 03 0F 03 16 03 00 02 03 0F 04 16 03 00 02 03 0F 05 16 03 00 02 03 0F 06 16 03 00 01 01 02 02 0F 01 16 01 02 04 12 00 14 11 00 09 06 00 00 0D 00 00 FF 02 02 01 0A 02 03 0F 01 16 01 00 02 03 0F 02 16 03 00 02 03 0F 03 16 03 00 02 03 0F 04 16 03 00 02 03 0F 05 16 03 00 02 55 76 7E
TX:	5:39:58 PM	7E A0 07 03 25 51 71 83 7E
RX:	5:39:58 PM	7E A0 0E 25 03 74 BC AE 03 0F 06 16 03 46 06 7E
TX:	5:39:58 PM	7E A0 13 03 25 76 81 67 E6 E6 00 E0 81 00 01 00 01 00 D4 80 7E
RX:	5:39:58 PM	7E A8 89 25 03 96 CF 4A E6 E7 00 E0 01 00 02 00 01 82 03 F9 00 02 03 0F 07 16 03 00 02 03 0F 08 16 03 00 02 03 0F 09 16 03 00 02 03 0F 0A 16 03 00 01 01 02 02 0F 01 16 01 02 04 12 00 13 11 01 09 06 00 00 14 00 00 FF 02 02 01 09 02 03 0F 01 16 01 00 02 03 0F 02 16 03 00 02 03 0F 03 16 03 00 02 03 0F 04 16 03 00 02 03 0F 05 16 03 00 02 03 0F 06 16 03 00 02 03 0F 07 16 03 00 02 03 0F 08 16 03 00 02 03 0F 09 AC 90 7E
TX:	5:39:58 PM	7E A0 07 03 25 91 7D 45 7E
RX:	5:39:58 PM	7E A8 89 25 03 98 B1 A3 16 03 00 01 00 02 04 12 00 05 11 00 09 06 01 00 1F 04 00 FF 02 02 01 09 02 03 0F 01 16 01 00 02 03 0F 02 16 03 00 02 03 0F 03 16 03 00 02 03 0F 04 16 03 00 02 03 0F 05 16 03 00 02 03 0F 06 16 03 00 02 03 0F 07 16 03 00 02 03 0F 08 16 03 00 02 03 0F 09 16 03 00 01 02 02 02 0F 01 16 01 02 02 0F 02 16 01 02 04 12 00 15 11 00 09 06 00 00 10 01 00 FF 02 02 01 04 02 03 0F 01 16 01 00 02 C4 BC 7E
TX:	5:39:58 PM	7E A0 07 03 25 B1 7F 64 7E
RX:	5:39:58 PM	7E A8 89 25 03 9A A3 80 03 0F 02 16 03 00 02 03 0F 03 16 03 00 02 03 0F 04 16 03 00 01 00 02 04 12 00 09 11 00 09 06 00 01 0A 01 65 FF 02 02 01 02 02 03 0F 01 16 01 00 02 03 0F 02 16 03 00 01 01 02 02 0F 01 16 01 02 04 12 00 16 11 00 09 06 00 00 0F 00 00 FF 02 02 01 04 02 03 0F 01 16 01 00 02 03 0F 02 16 03 00 02 03 0F 03 16 03 00 02 03 0F 04 16 03 00 01 00 02 04 12 00 11 11 00 09 06 00 00 29 00 00 FF 02 35 FA 7E
TX:	5:39:58 PM	7E A0 07 03 25 D1 79 07 7E
RX:	5:39:58 PM	7E A8 89 25 03 9C 95 E5 02 01 02 02 03 0F 01 16 01 00 02 03 0F 02 16 03 00 01 01 02 02 0F 01 16 01 02 04 12 00 1C 11 02 09 06 00 00 02 02 00 FF 02 02 01 07 02 03 0F 01 16 01 00 02 03 0F 02 16 03 00 02 03 0F 03 16 03 00 02 03 0F 04 16 03 00 02 03 0F 05 16 03 00 02 03 0F 06 16 03 00 02 03 0F 07 16 03 00 01 00 02 04 12 00 1B 11 00 09 06 00 00 02 00 00 FF 02 02 01 04 02 03 0F 01 16 01 00 02 03 0F 02 16 03 00 00 43 7E
TX:	5:39:58 PM	7E A0 07 03 25 F1 7B 26 7E
RX:	5:39:58 PM	7E A8 89 25 03 9E 87 C6 02 03 0F 03 16 03 00 02 03 0F 04 16 03 00 01 00 02 04 12 00 2B 11 00 09 06 00 00 19 02 00 FF 02 02 01 02 02 03 0F 01 16 01 00 02 03 0F 02 16 03 00 01 00 02 04 12 00 12 11 00 09 06 00 00 2C 00 00 FF 02 02 01 07 02 03 0F 01 16 01 00 02 03 0F 02 16 03 00 02 03 0F 03 16 03 00 02 03 0F 04 16 03 00 02 03 0F 05 16 03 00 02 03 0F 06 16 03 00 02 03 0F 07 16 03 00 01 04 02 02 0F 01 16 01 02 50 8B 7E
TX:	5:39:58 PM	7E A0 07 03 25 11 75 C1 7E
RX:	5:39:58 PM	7E A8 89 25 03 90 F9 2F 02 0F 02 16 01 02 02 0F 03 16 01 02 02 0F 04 16 01 02 04 12 00 2A 11 00 09 06 00 00 19 01 00 FF 02 02 01 0A 02 03 0F 01 16 01 00 02 03 0F 02 16 03 00 02 03 0F 03 16 03 00 02 03 0F 04 16 03 00 02 03 0F 05 16 03 00 02 03 0F 06 16 03 00 02 03 0F 07 16 03 00 02 03 0F 08 16 03 00 02 03 0F 09 16 03 00 02 03 0F 0A 16 03 00 01 03 02 02 0F 01 16 01 02 02 0F 02 16 01 02 02 0F 03 16 01 02 04 B7 DD 7E
TX:	5:39:58 PM	7E A0 07 03 25 31 77 E0 7E
RX:	5:39:58 PM	7E A8 89 25 03 92 EB 0C 12 00 30 11 00 09 06 00 00 19 07 00 FF 02 02 01 0A 02 03 0F 01 16 01 00 02 03 0F 02 16 03 00 02 03 0F 03 16 03 00 02 03 0F 04 16 03 00 02 03 0F 05 16 03 00 02 03 0F 06 16 03 00 02 03 0F 07 16 03 00 02 03 0F 08 16 03 00 02 03 0F 09 16 03 00 02 03 0F 0A 16 03 00 01 02 02 02 0F 01 16 01 02 02 0F 02 16 01 02 04 12 00 28 11 00 09 06 00 00 19 09 00 FF 02 02 01 07 02 03 0F 01 16 01 00 02 D5 E8 7E
TX:	5:39:58 PM	7E A0 07 03 25 51 71 83 7E
RX:	5:39:58 PM	7E A8 89 25 03 94 DD 69 03 0F 02 16 03 00 02 03 0F 03 16 03 00 02 03 0F 04 16 03 00 02 03 0F 05 16 03 00 02 03 0F 06 16 03 00 02 03 0F 07 16 03 00 01 01 02 02 0F 01 16 01 02 04 12 00 0B 11 00 09 06 00 00 0B 00 00 FF 02 02 01 02 02 03 0F 01 16 01 00 02 03 0F 02 16 03 00 01 02 02 02 0F 01 16 01 02 02 0F 02 16 01 02 04 12 00 32 11 00 09 06 00 00 1A 00 00 FF 02 02 01 0F 02 03 0F 01 16 01 00 02 03 0F 02 16 03 91 1A 7E
TX:	5:39:58 PM	7E A0 07 03 25 71 73 A2 7E
RX:	5:39:58 PM	7E A0 0E 25 03 96 A0 6A 00 02 03 0F 03 31 EB 7E
TX:	5:39:58 PM	7E A0 13 03 25 98 F1 69 E6 E6 00 E0 81 00 02 00 02 00 71 8F 7E
RX:	5:39:58 PM	7E A8 89 25 03 B8 B3 82 E6 E7 00 E0 01 00 03 00 02 82 03 F9 16 03 00 02 03 0F 04 16 03 00 02 03 0F 05 16 03 00 02 03 0F 06 16 03 00 02 03 0F 07 16 03 00 02 03 0F 08 16 03 00 02 03 0F 09 16 03 00 02 03 0F 0A 16 03 00 02 03 0F 0B 16 03 00 02 03 0F 0C 16 03 00 02 03 0F 0D 16 03 00 02 03 0F 0E 16 03 00 02 03 0F 0F 16 03 00 01 00 02 04 12 00 33 11 00 09 06 00 00 1A 01 00 FF 02 02 01 02 02 03 0F 01 16 01 00 02 04 65 7E
TX:	5:39:58 PM	7E A0 07 03 25 B1 7F 64 7E
RX:	5:39:58 PM	7E A8 89 25 03 BA A1 A1 03 0F 02 16 03 00 01 01 02 02 0F 01 16 01 02 04 12 00 35 11 00 09 06 00 00 1A 03 00 FF 02 02 01 08 02 03 0F 01 16 01 00 02 03 0F 02 16 03 00 02 03 0F 03 16 03 00 02 03 0F 04 16 03 00 02 03 0F 05 16 03 00 02 03 0F 06 16 03 00 02 03 0F 07 16 03 00 02 03 0F 08 16 03 00 01 01 02 02 0F 01 16 01 02 04 12 00 34 11 00 09 06 00 00 1A 02 00 FF 02 02 01 05 02 03 0F 01 16 01 00 02 03 0F 02 16 F0 E2 7E
TX:	5:39:58 PM	7E A0 07 03 25 D1 79 07 7E
RX:	5:39:58 PM	7E A8 89 25 03 BC 97 C4 03 00 02 03 0F 03 16 03 00 02 03 0F 04 16 03 00 02 03 0F 05 16 03 00 01 00 02 04 12 00 5C 11 03 09 06 00 00 1D 02 00 FF 02 02 01 17 02 03 0F 01 16 01 00 02 03 0F 02 16 03 00 02 03 0F 03 16 03 00 02 03 0F 04 16 03 00 02 03 0F 05 16 03 00 02 03 0F 06 16 03 00 02 03 0F 07 16 03 00 02 03 0F 08 16 03 00 02 03 0F 09 16 03 00 02 03 0F 0A 16 03 00 02 03 0F 0B 16 03 00 02 03 0F 0C 16 03 00 29 53 7E
TX:	5:39:58 PM	7E A0 07 03 25 F1 7B 26 7E
RX:	5:39:58 PM	7E A8 89 25 03 BE 85 E7 02 03 0F 0D 16 03 00 02 03 0F 0E 16 03 00 02 03 0F 0F 16 03 00 02 03 0F 10 16 03 00 02 03 0F 11 16 03 00 02 03 0F 12 16 03 00 02 03 0F 13 16 03 00 02 03 0F 14 16 03 00 02 03 0F 15 16 03 00 02 03 0F 16 16 03 00 02 03 0F 17 16 03 00 01 00 02 04 12 00 5A 11 01 09 06 00 00 1D 00 00 FF 02 02 01 0A 02 03 0F 01 16 01 00 02 03 0F 02 16 03 00 02 03 0F 03 16 03 00 02 03 0F 04 16 03 00 02 03 40 5D 7E
TX:	5:39:58 PM	7E A0 07 03 25 11 75 C1 7E
RX:	5:39:58 PM	7E A8 89 25 03 B0 FB 0E 0F 05 16 03 00 02 03 0F 06 16 03 00 02 03 0F 07 16 03 00 02 03 0F 08 16 03 00 02 03 0F 09 16 03 00 02 03 0F 0A 16 03 00 01 01 02 02 0F 01 16 01 02 04 12 00 5B 11 03 09 06 00 00 1D 01 00 FF 02 02 01 1A 02 03 0F 01 16 01 00 02 03 0F 02 16 03 00 02 03 0F 03 16 03 00 02 03 0F 04 16 03 00 02 03 0F 05 16 03 00 02 03 0F 06 16 03 00 02 03 0F 07 16 03 00 02 03 0F 08 16 03 00 02 03 0F 09 16 B3 5B 7E
TX:	5:39:58 PM	7E A0 07 03 25 31 77 E0 7E
RX:	5:39:58 PM	7E A8 89 25 03 B2 E9 2D 03 00 02 03 0F 0A 16 03 00 02 03 0F 0B 16 03 00 02 03 0F 0C 16 03 00 02 03 0F 0D 16 03 00 02 03 0F 0E 16 03 00 02 03 0F 0F 16 03 00 02 03 0F 10 16 03 00 02 03 0F 11 16 03 00 02 03 0F 12 16 03 00 02 03 0F 13 16 03 00 02 03 0F 14 16 03 00 02 03 0F 15 16 03 00 02 03 0F 16 16 03 00 02 03 0F 17 16 03 00 02 03 0F 18 16 03 00 02 03 0F 19 16 03 00 02 03 0F 1A 16 03 00 01 02 02 02 0F 01 16 B8 2C 7E
TX:	5:39:58 PM	7E A0 07 03 25 51 71 83 7E
RX:	5:39:58 PM	7E A8 89 25 03 B4 DF 48 01 02 02 0F 02 16 01 02 04 12 00 6F 11 00 09 06 00 00 13 00 00 FF 02 02 01 13 02 03 0F 01 16 01 00 02 03 0F 02 16 03 00 02 03 0F 03 16 03 00 02 03 0F 04 16 03 00 02 03 0F 05 16 03 00 02 03 0F 06 16 03 00 02 03 0F 07 16 03 00 02 03 0F 08 16 03 00 02 03 0F 09 16 03 00 02 03 0F 0A 16 03 00 02 03 0F 0B 16 03 00 02 03 0F 0C 16 03 00 02 03 0F 0D 16 03 00 02 03 0F 0E 16 03 00 02 03 0F 0F 65 D0 7E
TX:	5:39:58 PM	7E A0 07 03 25 71 73 A2 7E
RX:	5:39:58 PM	7E A8 89 25 03 B6 CD 6B 16 03 00 02 03 0F 10 16 03 00 02 03 0F 11 16 03 00 02 03 0F 12 16 03 00 02 03 0F 13 16 03 00 01 03 02 02 0F 01 16 01 02 02 0F 02 16 01 02 02 0F 03 16 01 02 04 12 00 70 11 00 09 06 00 00 13 0A 00 FF 02 02 01 0B 02 03 0F 01 16 01 00 02 03 0F 02 16 03 00 02 03 0F 03 16 03 00 02 03 0F 04 16 03 00 02 03 0F 05 16 03 00 02 03 0F 06 16 03 00 02 03 0F 07 16 03 00 02 03 0F 08 16 03 00 02 03 6B F6 7E
TX:	5:39:58 PM	7E A0 07 03 25 91 7D 45 7E
RX:	5:39:58 PM	7E A0 0E 25 03 B8 DC A2 0F 09 16 03 00 CB 66 7E
TX:	5:39:58 PM	7E A0 13 03 25 BA E1 6B E6 E6 00 E0 81 00 03 00 03 00 12 8A 7E
RX:	5:39:58 PM	7E A8 89 25 03 DA A7 C2 E6 E7 00 E0 81 00 04 00 03 82 03 A6 02 03 0F 0A 16 03 00 02 03 0F 0B 16 03 00 01 03 02 02 0F 01 16 01 02 02 0F 02 16 01 02 02 0F 03 16 01 02 04 12 00 71 11 00 09 06 00 00 13 14 00 FF 02 02 01 0D 02 03 0F 01 16 01 00 02 03 0F 02 16 03 00 02 03 0F 03 16 03 00 02 03 0F 04 16 03 00 02 03 0F 05 16 03 00 02 03 0F 06 16 03 00 02 03 0F 07 16 03 00 02 03 0F 08 16 03 00 02 03 0F 09 16 03 00 C1 38 7E
TX:	5:39:58 PM	7E A0 07 03 25 D1 79 07 7E
RX:	5:39:58 PM	7E A8 89 25 03 DC 91 A7 02 03 0F 0A 16 03 00 02 03 0F 0B 16 03 00 02 03 0F 0C 16 03 00 02 03 0F 0D 16 03 00 01 05 02 02 0F 01 16 01 02 02 0F 02 16 01 02 02 0F 03 16 01 02 02 0F 04 16 01 02 02 0F 05 16 01 02 04 12 00 73 11 00 09 06 00 00 13 28 00 FF 02 02 01 06 02 03 0F 01 16 01 00 02 03 0F 02 16 03 00 02 03 0F 03 16 03 00 02 03 0F 04 16 03 00 02 03 0F 05 16 03 00 02 03 0F 06 16 03 00 01 01 02 02 0F 01 16 0C 75 7E
TX:	5:39:58 PM	7E A0 07 03 25 F1 7B 26 7E
RX:	5:39:58 PM	7E A8 89 25 03 DE 83 84 01 02 04 12 00 3E 11 01 09 06 00 00 42 00 01 FF 02 02 01 06 02 03 0F 01 16 01 00 02 03 0F 02 16 03 00 02 03 0F 03 16 03 00 02 03 0F 04 16 03 00 02 03 0F 05 16 03 00 02 03 0F 06 16 03 00 01 02 02 02 0F 01 16 01 02 02 0F 02 16 01 02 04 12 00 46 11 01 09 06 00 00 60 03 0A FF 02 02 01 04 02 03 0F 01 16 01 00 02 03 0F 02 16 03 00 02 03 0F 03 16 03 00 02 03 0F 04 16 03 00 01 02 02 02 0F DA 6F 7E
TX:	5:39:58 PM	7E A0 07 03 25 11 75 C1 7E
RX:	5:39:58 PM	7E A8 89 25 03 D0 FD 6D 01 16 01 02 02 0F 02 16 01 02 04 12 00 50 11 00 09 06 00 00 1C 00 00 FF 02 02 01 03 02 03 0F 01 16 01 00 02 03 0F 02 16 03 00 02 03 0F 03 16 03 00 01 01 02 02 0F 01 16 01 02 04 12 00 51 11 00 09 06 00 00 1C 01 00 FF 02 02 01 05 02 03 0F 01 16 01 00 02 03 0F 02 16 03 00 02 03 0F 03 16 03 00 02 03 0F 04 16 03 00 02 03 0F 05 16 03 00 01 01 02 02 0F 01 16 01 02 04 12 00 52 11 00 09 06 A0 81 7E
TX:	5:39:58 PM	7E A0 07 03 25 31 77 E0 7E
RX:	5:39:58 PM	7E A8 89 25 03 D2 EF 4E 00 00 1C 02 00 FF 02 02 01 08 02 03 0F 01 16 01 00 02 03 0F 02 16 03 00 02 03 0F 03 16 03 00 02 03 0F 04 16 03 00 02 03 0F 05 16 03 00 02 03 0F 06 16 03 00 02 03 0F 07 16 03 00 02 03 0F 08 16 03 00 01 00 02 04 12 00 53 11 00 09 06 00 00 1C 03 00 FF 02 02 01 0E 02 03 0F 01 16 01 00 02 03 0F 02 16 03 00 02 03 0F 03 16 03 00 02 03 0F 04 16 03 00 02 03 0F 05 16 03 00 02 03 0F 06 16 03 0A 0C 7E
TX:	5:39:58 PM	7E A0 07 03 25 51 71 83 7E
RX:	5:39:58 PM	7E A8 89 25 03 D4 D9 2B 00 02 03 0F 07 16 03 00 02 03 0F 08 16 03 00 02 03 0F 09 16 03 00 02 03 0F 0A 16 03 00 02 03 0F 0B 16 03 00 02 03 0F 0C 16 03 00 02 03 0F 0D 16 03 00 02 03 0F 0E 16 03 00 01 00 02 04 12 00 54 11 00 09 06 00 00 1C 04 00 FF 02 02 01 07 02 03 0F 01 16 01 00 02 03 0F 02 16 03 00 02 03 0F 03 16 03 00 02 03 0F 04 16 03 00 02 03 0F 05 16 03 00 02 03 0F 06 16 03 00 02 03 0F 07 16 03 00 01 81 7C 7E
TX:	5:39:58 PM	7E A0 07 03 25 71 73 A2 7E
RX:	5:39:58 PM	7E A8 89 25 03 D6 CB 08 01 02 02 0F 01 16 01 02 04 12 00 55 11 00 09 06 00 00 1C 05 00 FF 02 02 01 06 02 03 0F 01 16 01 00 02 03 0F 02 16 03 00 02 03 0F 03 16 03 00 02 03 0F 04 16 03 00 02 03 0F 05 16 03 00 02 03 0F 06 16 03 00 01 01 02 02 0F 01 16 01 02 04 12 00 56 11 00 09 06 00 00 1C 07 00 FF 02 02 01 04 02 03 0F 01 16 01 00 02 03 0F 02 16 03 00 02 03 0F 03 16 03 00 02 03 0F 04 16 03 00 01 00 02 04 12 37 C1 7E
TX:	5:39:58 PM	7E A0 07 03 25 91 7D 45 7E
RX:	5:39:58 PM	7E A0 3B 25 03 D8 7F E3 00 0A 11 00 09 06 00 00 0C 00 00 FF 02 02 01 02 02 03 0F 01 16 01 00 02 03 0F 02 16 03 00 01 03 02 02 0F 01 16 01 02 02 0F 02 16 01 02 02 0F 03 16 01 D0 8A 7E
TX:	5:39:58 PM	7E A0 19 03 25 BC 79 D2 E6 E6 00 C0 01 C1 00 08 00 00 01 00 00 FF 02 00 60 1A 7E
RX:	5:39:58 PM	7E A0 1E 25 03 FA 6B 00 E6 E7 00 C4 01 C1 00 09 0C 07 E9 0B 0D FF 11 27 3A FF FE 5C 00 F5 BC 7E
TX:	5:40:16 PM	7E A0 07 03 25 93 6F 66 7E
RX:	5:40:16 PM	7E A0 1E 25 03 73 A2 19 81 80 12 05 01 80 06 01 80 07 04 00 00 00 01 08 04 00 00 00 01 53 3B 7E
TX:	5:40:16 PM	7E A0 4C 03 25 10 5E 06 E6 E6 00 60 3E A1 09 06 07 60 85 74 05 08 01 01 8A 02 07 80 8B 07 60 85 74 05 08 02 02 AC 12 80 10 29 04 79 5C 33 3C 17 78 2A 08 56 00 4E 5A 2E 4D BE 10 04 0E 01 00 00 00 06 5F 1F 04 00 62 1E 5D FF FF 02 DB 7E
RX:	5:40:16 PM	7E A0 58 25 03 30 10 34 E6 E7 00 61 4A A1 09 06 07 60 85 74 05 08 01 01 A2 03 02 01 00 A3 05 A1 03 02 01 0E 88 02 07 80 89 07 60 85 74 05 08 02 02 AA 12 80 10 6E 6C 76 00 39 10 15 56 2D 02 10 56 1F 07 1D 22 BE 10 04 0E 08 00 06 5F 1F 04 00 62 1E 5D 04 00 00 07 FA FD 7E
TX:	5:40:16 PM	7E A0 2B 03 25 32 8B CA E6 E6 00 C3 01 C1 00 0F 00 00 28 00 00 FF 01 01 09 10 A6 61 D0 00 92 0E DA 1C AE E2 FB 8A 0F C9 90 F1 94 28 7E
RX:	5:40:16 PM	7E A0 24 25 03 52 75 B9 E6 E7 00 C7 01 C1 00 01 00 09 10 CA 52 2C FC 20 79 4D 50 5B E7 D3 10 74 EB C6 52 0F 7E 7E
TX:	5:40:16 PM	7E A0 19 03 25 54 3F B9 E6 E6 00 C0 01 C1 00 0F 00 00 28 00 00 FF 02 00 91 53 7E
RX:	5:40:16 PM	7E A8 89 25 03 74 D3 8E E6 E7 00 E0 01 00 01 00 00 82 03 F9 C4 01 C1 00 01 30 02 04 12 00 0F 11 03 09 06 00 00 28 00 00 FF 02 02 01 0B 02 03 0F 01 16 01 00 02 03 0F 02 16 03 00 02 03 0F 03 16 03 00 02 03 0F 04 16 03 00 02 03 0F 05 16 03 00 02 03 0F 06 16 03 00 02 03 0F 07 16 03 00 02 03 0F 08 16 03 00 02 03 0F 09 16 03 00 02 03 0F 0A 16 03 00 02 03 0F 0B 16 03 00 01 06 02 02 0F 01 16 01 02 02 0F 02 16 01 3B C7 7E
TX:	5:40:16 PM	7E A0 07 03 25 71 73 A2 7E
RX:	5:40:16 PM	7E A8 89 25 03 76 C1 AD 02 02 0F 03 16 01 02 02 0F 04 16 01 02 02 0F 05 16 01 02 02 0F 06 16 01 02 04 12 00 17 11 01 09 06 00 00 16 00 00 FF 02 02 01 09 02 03 0F 01 16 01 00 02 03 0F 02 16 03 00 02 03 0F 03 16 03 00 02 03 0F 04 16 03 00 02 03 0F 05 16 03 00 02 03 0F 06 16 03 00 02 03 0F 07 16 03 00 02 03 0F 08 16 03 00 02 03 0F 09 16 03 00 01 00 02 04 12 00 08 11 00 09 06 00 00 01 00 00 FF 02 02 01 09 02 1A 65 7E
TX:	5:40:16 PM	7E A0 07 03 25 91 7D 45 7E
RX:	5:40:16 PM	7E A8 89 25 03 78 BF 44 03 0F 01 16 01 00 02 03 0F 02 16 03 00 02 03 0F 03 16 03 00 02 03 0F 04 16 03 00 02 03 0F 05 16 03 00 02 03 0F 06 16 03 00 02 03 0F 07 16 03 00 02 03 0F 08 16 03 00 02 03 0F 09 16 03 00 01 06 02 02 0F 01 16 01 02 02 0F 02 16 01 02 02 0F 03 16 01 02 02 0F 04 16 01 02 02 0F 05 16 01 02 02 0F 06 16 01 02 04 12 00 0F 11 03 09 06 00 00 28 00 03 FF 02 02 01 0B 02 03 0F 01 16 01 00 02 03 7E 56 7E
TX:	5:40:16 PM	7E A0 07 03 25 B1 7F 64 7E
RX:	5:40:16 PM	7E A8 89 25 03 7A AD 67 0F 02 16 03 00 02 03 0F 03 16 03 00 02 03 0F 04 16 03 00 02 03 0F 05 16 03 00 02 03 0F 06 16 03 00 02 03 0F 07 16 03 00 02 03 0F 08 16 03 00 02 03 0F 09 16 03 00 02 03 0F 0A 16 03 00 02 03 0F 0B 16 03 00 01 06 02 02 0F 01 16 01 02 02 0F 02 16 01 02 02 0F 03 16 01 02 02 0F 04 16 01 02 02 0F 05 16 01 02 02 0F 06 16 01 02 04 12 00 40 11 01 09 06 00 00 2B 00 07 FF 02 02 01 06 02 03 0F 6C BA 7E
TX:	5:40:16 PM	7E A0 07 03 25 D1 79 07 7E
RX:	5:40:16 PM	7E A8 89 25 03 7C 9B 02 01 16 01 00 02 03 0F 02 16 03 00 02 03 0F 03 16 03 00 02 03 0F 04 16 03 00 02 03 0F 05 16 03 00 02 03 0F 06 16 03 00 01 08 02 02 0F 01 16 01 02 02 0F 02 16 01 02 02 0F 03 16 01 02 02 0F 04 16 01 02 02 0F 05 16 01 02 02 0F 06 16 01 02 02 0F 07 16 01 02 02 0F 08 16 01 02 04 12 00 40 11 01 09 06 00 00 2B 00 08 FF 02 02 01 06 02 03 0F 01 16 01 00 02 03 0F 02 16 03 00 02 03 0F 03 16 03 BD 4F 7E
TX:	5:40:16 PM	7E A0 07 03 25 F1 7B 26 7E
RX:	5:40:16 PM	7E A8 89 25 03 7E 89 21 00 02 03 0F 04 16 03 00 02 03 0F 05 16 03 00 02 03 0F 06 16 03 00 01 08 02 02 0F 01 16 01 02 02 0F 02 16 01 02 02 0F 03 16 01 02 02 0F 04 16 01 02 02 0F 05 16 01 02 02 0F 06 16 01 02 02 0F 07 16 01 02 02 0F 08 16 01 02 04 12 00 01 11 00 09 06 00 00 2B 01 08 FF 02 02 01 02 02 03 0F 01 16 01 00 02 03 0F 02 16 03 00 01 00 02 04 12 00 01 11 00 09 06 00 00 2A 00 00 FF 02 02 01 02 02 03 3F FF 7E
TX:	5:40:16 PM	7E A0 07 03 25 11 75 C1 7E
RX:	5:40:16 PM	7E A8 89 25 03 70 F7 C8 0F 01 16 01 00 02 03 0F 02 16 03 00 01 00 02 04 12 00 01 11 00 09 06 01 00 00 02 00 FF 02 02 01 02 02 03 0F 01 16 01 00 02 03 0F 02 16 03 00 01 00 02 04 12 00 01 11 00 09 06 00 00 2B 01 00 FF 02 02 01 02 02 03 0F 01 16 01 00 02 03 0F 02 16 03 00 01 00 02 04 12 00 03 11 00 09 06 01 01 15 19 00 FF 02 02 01 03 02 03 0F 01 16 01 00 02 03 0F 02 16 03 00 02 03 0F 03 16 03 00 01 01 02 02 05 D2 7E
TX:	5:40:16 PM	7E A0 07 03 25 31 77 E0 7E
RX:	5:40:16 PM	7E A8 89 25 03 72 E5 EB 0F 01 16 01 02 04 12 00 1D 11 02 09 06 00 00 02 01 00 FF 02 02 01 06 02 03 0F 01 16 01 00 02 03 0F 02 16 03 00 02 03 0F 03 16 03 00 02 03 0F 04 16 03 00 02 03 0F 05 16 03 00 02 03 0F 06 16 03 00 01 01 02 02 0F 01 16 01 02 04 12 00 14 11 00 09 06 00 00 0D 00 00 FF 02 02 01 0A 02 03 0F 01 16 01 00 02 03 0F 02 16 03 00 02 03 0F 03 16 03 00 02 03 0F 04 16 03 00 02 03 0F 05 16 03 00 02 55 76 7E
TX:	5:40:16 PM	7E A0 07 03 25 51 71 83 7E
RX:	5:40:16 PM	7E A0 0E 25 03 74 BC AE 03 0F 06 16 03 46 06 7E
TX:	5:40:16 PM	7E A0 13 03 25 76 81 67 E6 E6 00 E0 81 00 01 00 01 00 D4 80 7E
RX:	5:40:16 PM	7E A8 89 25 03 96 CF 4A E6 E7 00 E0 01 00 02 00 01 82 03 F9 00 02 03 0F 07 16 03 00 02 03 0F 08 16 03 00 02 03 0F 09 16 03 00 02 03 0F 0A 16 03 00 01 01 02 02 0F 01 16 01 02 04 12 00 13 11 01 09 06 00 00 14 00 00 FF 02 02 01 09 02 03 0F 01 16 01 00 02 03 0F 02 16 03 00 02 03 0F 03 16 03 00 02 03 0F 04 16 03 00 02 03 0F 05 16 03 00 02 03 0F 06 16 03 00 02 03 0F 07 16 03 00 02 03 0F 08 16 03 00 02 03 0F 09 AC 90 7E
TX:	5:40:16 PM	7E A0 07 03 25 91 7D 45 7E
RX:	5:40:16 PM	7E A8 89 25 03 98 B1 A3 16 03 00 01 00 02 04 12 00 05 11 00 09 06 01 00 1F 04 00 FF 02 02 01 09 02 03 0F 01 16 01 00 02 03 0F 02 16 03 00 02 03 0F 03 16 03 00 02 03 0F 04 16 03 00 02 03 0F 05 16 03 00 02 03 0F 06 16 03 00 02 03 0F 07 16 03 00 02 03 0F 08 16 03 00 02 03 0F 09 16 03 00 01 02 02 02 0F 01 16 01 02 02 0F 02 16 01 02 04 12 00 15 11 00 09 06 00 00 10 01 00 FF 02 02 01 04 02 03 0F 01 16 01 00 02 C4 BC 7E
TX:	5:40:16 PM	7E A0 07 03 25 B1 7F 64 7E
RX:	5:40:16 PM	7E A8 89 25 03 9A A3 80 03 0F 02 16 03 00 02 03 0F 03 16 03 00 02 03 0F 04 16 03 00 01 00 02 04 12 00 09 11 00 09 06 00 01 0A 01 65 FF 02 02 01 02 02 03 0F 01 16 01 00 02 03 0F 02 16 03 00 01 01 02 02 0F 01 16 01 02 04 12 00 16 11 00 09 06 00 00 0F 00 00 FF 02 02 01 04 02 03 0F 01 16 01 00 02 03 0F 02 16 03 00 02 03 0F 03 16 03 00 02 03 0F 04 16 03 00 01 00 02 04 12 00 11 11 00 09 06 00 00 29 00 00 FF 02 35 FA 7E
TX:	5:40:16 PM	7E A0 07 03 25 D1 79 07 7E
RX:	5:40:16 PM	7E A8 89 25 03 9C 95 E5 02 01 02 02 03 0F 01 16 01 00 02 03 0F 02 16 03 00 01 01 02 02 0F 01 16 01 02 04 12 00 1C 11 02 09 06 00 00 02 02 00 FF 02 02 01 07 02 03 0F 01 16 01 00 02 03 0F 02 16 03 00 02 03 0F 03 16 03 00 02 03 0F 04 16 03 00 02 03 0F 05 16 03 00 02 03 0F 06 16 03 00 02 03 0F 07 16 03 00 01 00 02 04 12 00 1B 11 00 09 06 00 00 02 00 00 FF 02 02 01 04 02 03 0F 01 16 01 00 02 03 0F 02 16 03 00 00 43 7E
TX:	5:40:16 PM	7E A0 07 03 25 F1 7B 26 7E
RX:	5:40:16 PM	7E A8 89 25 03 9E 87 C6 02 03 0F 03 16 03 00 02 03 0F 04 16 03 00 01 00 02 04 12 00 2B 11 00 09 06 00 00 19 02 00 FF 02 02 01 02 02 03 0F 01 16 01 00 02 03 0F 02 16 03 00 01 00 02 04 12 00 12 11 00 09 06 00 00 2C 00 00 FF 02 02 01 07 02 03 0F 01 16 01 00 02 03 0F 02 16 03 00 02 03 0F 03 16 03 00 02 03 0F 04 16 03 00 02 03 0F 05 16 03 00 02 03 0F 06 16 03 00 02 03 0F 07 16 03 00 01 04 02 02 0F 01 16 01 02 50 8B 7E
TX:	5:40:16 PM	7E A0 07 03 25 11 75 C1 7E
RX:	5:40:16 PM	7E A8 89 25 03 90 F9 2F 02 0F 02 16 01 02 02 0F 03 16 01 02 02 0F 04 16 01 02 04 12 00 2A 11 00 09 06 00 00 19 01 00 FF 02 02 01 0A 02 03 0F 01 16 01 00 02 03 0F 02 16 03 00 02 03 0F 03 16 03 00 02 03 0F 04 16 03 00 02 03 0F 05 16 03 00 02 03 0F 06 16 03 00 02 03 0F 07 16 03 00 02 03 0F 08 16 03 00 02 03 0F 09 16 03 00 02 03 0F 0A 16 03 00 01 03 02 02 0F 01 16 01 02 02 0F 02 16 01 02 02 0F 03 16 01 02 04 B7 DD 7E
TX:	5:40:16 PM	7E A0 07 03 25 31 77 E0 7E
RX:	5:40:16 PM	7E A8 89 25 03 92 EB 0C 12 00 30 11 00 09 06 00 00 19 07 00 FF 02 02 01 0A 02 03 0F 01 16 01 00 02 03 0F 02 16 03 00 02 03 0F 03 16 03 00 02 03 0F 04 16 03 00 02 03 0F 05 16 03 00 02 03 0F 06 16 03 00 02 03 0F 07 16 03 00 02 03 0F 08 16 03 00 02 03 0F 09 16 03 00 02 03 0F 0A 16 03 00 01 02 02 02 0F 01 16 01 02 02 0F 02 16 01 02 04 12 00 28 11 00 09 06 00 00 19 09 00 FF 02 02 01 07 02 03 0F 01 16 01 00 02 D5 E8 7E
TX:	5:40:16 PM	7E A0 07 03 25 51 71 83 7E
RX:	5:40:16 PM	7E A8 89 25 03 94 DD 69 03 0F 02 16 03 00 02 03 0F 03 16 03 00 02 03 0F 04 16 03 00 02 03 0F 05 16 03 00 02 03 0F 06 16 03 00 02 03 0F 07 16 03 00 01 01 02 02 0F 01 16 01 02 04 12 00 0B 11 00 09 06 00 00 0B 00 00 FF 02 02 01 02 02 03 0F 01 16 01 00 02 03 0F 02 16 03 00 01 02 02 02 0F 01 16 01 02 02 0F 02 16 01 02 04 12 00 32 11 00 09 06 00 00 1A 00 00 FF 02 02 01 0F 02 03 0F 01 16 01 00 02 03 0F 02 16 03 91 1A 7E
TX:	5:40:16 PM	7E A0 07 03 25 71 73 A2 7E
RX:	5:40:16 PM	7E A0 0E 25 03 96 A0 6A 00 02 03 0F 03 31 EB 7E
TX:	5:40:16 PM	7E A0 13 03 25 98 F1 69 E6 E6 00 E0 81 00 02 00 02 00 71 8F 7E
RX:	5:40:16 PM	7E A8 89 25 03 B8 B3 82 E6 E7 00 E0 01 00 03 00 02 82 03 F9 16 03 00 02 03 0F 04 16 03 00 02 03 0F 05 16 03 00 02 03 0F 06 16 03 00 02 03 0F 07 16 03 00 02 03 0F 08 16 03 00 02 03 0F 09 16 03 00 02 03 0F 0A 16 03 00 02 03 0F 0B 16 03 00 02 03 0F 0C 16 03 00 02 03 0F 0D 16 03 00 02 03 0F 0E 16 03 00 02 03 0F 0F 16 03 00 01 00 02 04 12 00 33 11 00 09 06 00 00 1A 01 00 FF 02 02 01 02 02 03 0F 01 16 01 00 02 04 65 7E
TX:	5:40:16 PM	7E A0 07 03 25 B1 7F 64 7E
RX:	5:40:16 PM	7E A8 89 25 03 BA A1 A1 03 0F 02 16 03 00 01 01 02 02 0F 01 16 01 02 04 12 00 35 11 00 09 06 00 00 1A 03 00 FF 02 02 01 08 02 03 0F 01 16 01 00 02 03 0F 02 16 03 00 02 03 0F 03 16 03 00 02 03 0F 04 16 03 00 02 03 0F 05 16 03 00 02 03 0F 06 16 03 00 02 03 0F 07 16 03 00 02 03 0F 08 16 03 00 01 01 02 02 0F 01 16 01 02 04 12 00 34 11 00 09 06 00 00 1A 02 00 FF 02 02 01 05 02 03 0F 01 16 01 00 02 03 0F 02 16 F0 E2 7E
TX:	5:40:16 PM	7E A0 07 03 25 D1 79 07 7E
RX:	5:40:16 PM	7E A8 89 25 03 BC 97 C4 03 00 02 03 0F 03 16 03 00 02 03 0F 04 16 03 00 02 03 0F 05 16 03 00 01 00 02 04 12 00 5C 11 03 09 06 00 00 1D 02 00 FF 02 02 01 17 02 03 0F 01 16 01 00 02 03 0F 02 16 03 00 02 03 0F 03 16 03 00 02 03 0F 04 16 03 00 02 03 0F 05 16 03 00 02 03 0F 06 16 03 00 02 03 0F 07 16 03 00 02 03 0F 08 16 03 00 02 03 0F 09 16 03 00 02 03 0F 0A 16 03 00 02 03 0F 0B 16 03 00 02 03 0F 0C 16 03 00 29 53 7E
TX:	5:40:16 PM	7E A0 07 03 25 F1 7B 26 7E
RX:	5:40:16 PM	7E A8 89 25 03 BE 85 E7 02 03 0F 0D 16 03 00 02 03 0F 0E 16 03 00 02 03 0F 0F 16 03 00 02 03 0F 10 16 03 00 02 03 0F 11 16 03 00 02 03 0F 12 16 03 00 02 03 0F 13 16 03 00 02 03 0F 14 16 03 00 02 03 0F 15 16 03 00 02 03 0F 16 16 03 00 02 03 0F 17 16 03 00 01 00 02 04 12 00 5A 11 01 09 06 00 00 1D 00 00 FF 02 02 01 0A 02 03 0F 01 16 01 00 02 03 0F 02 16 03 00 02 03 0F 03 16 03 00 02 03 0F 04 16 03 00 02 03 40 5D 7E
TX:	5:40:16 PM	7E A0 07 03 25 11 75 C1 7E
RX:	5:40:16 PM	7E A8 89 25 03 B0 FB 0E 0F 05 16 03 00 02 03 0F 06 16 03 00 02 03 0F 07 16 03 00 02 03 0F 08 16 03 00 02 03 0F 09 16 03 00 02 03 0F 0A 16 03 00 01 01 02 02 0F 01 16 01 02 04 12 00 5B 11 03 09 06 00 00 1D 01 00 FF 02 02 01 1A 02 03 0F 01 16 01 00 02 03 0F 02 16 03 00 02 03 0F 03 16 03 00 02 03 0F 04 16 03 00 02 03 0F 05 16 03 00 02 03 0F 06 16 03 00 02 03 0F 07 16 03 00 02 03 0F 08 16 03 00 02 03 0F 09 16 B3 5B 7E
TX:	5:40:16 PM	7E A0 07 03 25 31 77 E0 7E
RX:	5:40:16 PM	7E A8 89 25 03 B2 E9 2D 03 00 02 03 0F 0A 16 03 00 02 03 0F 0B 16 03 00 02 03 0F 0C 16 03 00 02 03 0F 0D 16 03 00 02 03 0F 0E 16 03 00 02 03 0F 0F 16 03 00 02 03 0F 10 16 03 00 02 03 0F 11 16 03 00 02 03 0F 12 16 03 00 02 03 0F 13 16 03 00 02 03 0F 14 16 03 00 02 03 0F 15 16 03 00 02 03 0F 16 16 03 00 02 03 0F 17 16 03 00 02 03 0F 18 16 03 00 02 03 0F 19 16 03 00 02 03 0F 1A 16 03 00 01 02 02 02 0F 01 16 B8 2C 7E
TX:	5:40:16 PM	7E A0 07 03 25 51 71 83 7E
RX:	5:40:16 PM	7E A8 89 25 03 B4 DF 48 01 02 02 0F 02 16 01 02 04 12 00 6F 11 00 09 06 00 00 13 00 00 FF 02 02 01 13 02 03 0F 01 16 01 00 02 03 0F 02 16 03 00 02 03 0F 03 16 03 00 02 03 0F 04 16 03 00 02 03 0F 05 16 03 00 02 03 0F 06 16 03 00 02 03 0F 07 16 03 00 02 03 0F 08 16 03 00 02 03 0F 09 16 03 00 02 03 0F 0A 16 03 00 02 03 0F 0B 16 03 00 02 03 0F 0C 16 03 00 02 03 0F 0D 16 03 00 02 03 0F 0E 16 03 00 02 03 0F 0F 65 D0 7E
TX:	5:40:16 PM	7E A0 07 03 25 71 73 A2 7E
RX:	5:40:16 PM	7E A8 89 25 03 B6 CD 6B 16 03 00 02 03 0F 10 16 03 00 02 03 0F 11 16 03 00 02 03 0F 12 16 03 00 02 03 0F 13 16 03 00 01 03 02 02 0F 01 16 01 02 02 0F 02 16 01 02 02 0F 03 16 01 02 04 12 00 70 11 00 09 06 00 00 13 0A 00 FF 02 02 01 0B 02 03 0F 01 16 01 00 02 03 0F 02 16 03 00 02 03 0F 03 16 03 00 02 03 0F 04 16 03 00 02 03 0F 05 16 03 00 02 03 0F 06 16 03 00 02 03 0F 07 16 03 00 02 03 0F 08 16 03 00 02 03 6B F6 7E
TX:	5:40:16 PM	7E A0 07 03 25 91 7D 45 7E
RX:	5:40:16 PM	7E A0 0E 25 03 B8 DC A2 0F 09 16 03 00 CB 66 7E
TX:	5:40:16 PM	7E A0 13 03 25 BA E1 6B E6 E6 00 E0 81 00 03 00 03 00 12 8A 7E
RX:	5:40:16 PM	7E A8 89 25 03 DA A7 C2 E6 E7 00 E0 81 00 04 00 03 82 03 A6 02 03 0F 0A 16 03 00 02 03 0F 0B 16 03 00 01 03 02 02 0F 01 16 01 02 02 0F 02 16 01 02 02 0F 03 16 01 02 04 12 00 71 11 00 09 06 00 00 13 14 00 FF 02 02 01 0D 02 03 0F 01 16 01 00 02 03 0F 02 16 03 00 02 03 0F 03 16 03 00 02 03 0F 04 16 03 00 02 03 0F 05 16 03 00 02 03 0F 06 16 03 00 02 03 0F 07 16 03 00 02 03 0F 08 16 03 00 02 03 0F 09 16 03 00 C1 38 7E
TX:	5:40:16 PM	7E A0 07 03 25 D1 79 07 7E
RX:	5:40:16 PM	7E A8 89 25 03 DC 91 A7 02 03 0F 0A 16 03 00 02 03 0F 0B 16 03 00 02 03 0F 0C 16 03 00 02 03 0F 0D 16 03 00 01 05 02 02 0F 01 16 01 02 02 0F 02 16 01 02 02 0F 03 16 01 02 02 0F 04 16 01 02 02 0F 05 16 01 02 04 12 00 73 11 00 09 06 00 00 13 28 00 FF 02 02 01 06 02 03 0F 01 16 01 00 02 03 0F 02 16 03 00 02 03 0F 03 16 03 00 02 03 0F 04 16 03 00 02 03 0F 05 16 03 00 02 03 0F 06 16 03 00 01 01 02 02 0F 01 16 0C 75 7E
TX:	5:40:16 PM	7E A0 07 03 25 F1 7B 26 7E
RX:	5:40:16 PM	7E A8 89 25 03 DE 83 84 01 02 04 12 00 3E 11 01 09 06 00 00 42 00 01 FF 02 02 01 06 02 03 0F 01 16 01 00 02 03 0F 02 16 03 00 02 03 0F 03 16 03 00 02 03 0F 04 16 03 00 02 03 0F 05 16 03 00 02 03 0F 06 16 03 00 01 02 02 02 0F 01 16 01 02 02 0F 02 16 01 02 04 12 00 46 11 01 09 06 00 00 60 03 0A FF 02 02 01 04 02 03 0F 01 16 01 00 02 03 0F 02 16 03 00 02 03 0F 03 16 03 00 02 03 0F 04 16 03 00 01 02 02 02 0F DA 6F 7E
TX:	5:40:16 PM	7E A0 07 03 25 11 75 C1 7E
RX:	5:40:16 PM	7E A8 89 25 03 D0 FD 6D 01 16 01 02 02 0F 02 16 01 02 04 12 00 50 11 00 09 06 00 00 1C 00 00 FF 02 02 01 03 02 03 0F 01 16 01 00 02 03 0F 02 16 03 00 02 03 0F 03 16 03 00 01 01 02 02 0F 01 16 01 02 04 12 00 51 11 00 09 06 00 00 1C 01 00 FF 02 02 01 05 02 03 0F 01 16 01 00 02 03 0F 02 16 03 00 02 03 0F 03 16 03 00 02 03 0F 04 16 03 00 02 03 0F 05 16 03 00 01 01 02 02 0F 01 16 01 02 04 12 00 52 11 00 09 06 A0 81 7E
TX:	5:40:16 PM	7E A0 07 03 25 31 77 E0 7E
RX:	5:40:16 PM	7E A8 89 25 03 D2 EF 4E 00 00 1C 02 00 FF 02 02 01 08 02 03 0F 01 16 01 00 02 03 0F 02 16 03 00 02 03 0F 03 16 03 00 02 03 0F 04 16 03 00 02 03 0F 05 16 03 00 02 03 0F 06 16 03 00 02 03 0F 07 16 03 00 02 03 0F 08 16 03 00 01 00 02 04 12 00 53 11 00 09 06 00 00 1C 03 00 FF 02 02 01 0E 02 03 0F 01 16 01 00 02 03 0F 02 16 03 00 02 03 0F 03 16 03 00 02 03 0F 04 16 03 00 02 03 0F 05 16 03 00 02 03 0F 06 16 03 0A 0C 7E
TX:	5:40:16 PM	7E A0 07 03 25 51 71 83 7E
RX:	5:40:16 PM	7E A8 89 25 03 D4 D9 2B 00 02 03 0F 07 16 03 00 02 03 0F 08 16 03 00 02 03 0F 09 16 03 00 02 03 0F 0A 16 03 00 02 03 0F 0B 16 03 00 02 03 0F 0C 16 03 00 02 03 0F 0D 16 03 00 02 03 0F 0E 16 03 00 01 00 02 04 12 00 54 11 00 09 06 00 00 1C 04 00 FF 02 02 01 07 02 03 0F 01 16 01 00 02 03 0F 02 16 03 00 02 03 0F 03 16 03 00 02 03 0F 04 16 03 00 02 03 0F 05 16 03 00 02 03 0F 06 16 03 00 02 03 0F 07 16 03 00 01 81 7C 7E
TX:	5:40:16 PM	7E A0 07 03 25 71 73 A2 7E
RX:	5:40:16 PM	7E A8 89 25 03 D6 CB 08 01 02 02 0F 01 16 01 02 04 12 00 55 11 00 09 06 00 00 1C 05 00 FF 02 02 01 06 02 03 0F 01 16 01 00 02 03 0F 02 16 03 00 02 03 0F 03 16 03 00 02 03 0F 04 16 03 00 02 03 0F 05 16 03 00 02 03 0F 06 16 03 00 01 01 02 02 0F 01 16 01 02 04 12 00 56 11 00 09 06 00 00 1C 07 00 FF 02 02 01 04 02 03 0F 01 16 01 00 02 03 0F 02 16 03 00 02 03 0F 03 16 03 00 02 03 0F 04 16 03 00 01 00 02 04 12 37 C1 7E
TX:	5:40:16 PM	7E A0 07 03 25 91 7D 45 7E
RX:	5:40:16 PM	7E A0 3B 25 03 D8 7F E3 00 0A 11 00 09 06 00 00 0C 00 00 FF 02 02 01 02 02 03 0F 01 16 01 00 02 03 0F 02 16 03 00 01 03 02 02 0F 01 16 01 02 02 0F 02 16 01 02 02 0F 03 16 01 D0 8A 7E
TX:	5:40:16 PM	7E A0 19 03 25 BC 79 D2 E6 E6 00 C0 01 C1 00 08 00 00 01 00 00 FF 02 00 60 1A 7E
RX:	5:40:16 PM	7E A0 1E 25 03 FA 6B 00 E6 E7 00 C4 01 C1 00 09 0C 07 E9 0B 0D FF 11 28 10 FF FE 5C 00 45 AD 7E
TX:	5:40:18 PM	7E A0 19 03 25 DE 6D 92 E6 E6 00 C0 01 C1 00 08 00 00 01 00 00 FF 02 00 60 1A 7E
RX:	5:40:18 PM	7E A0 1E 25 03 1C 53 82 E6 E7 00 C4 01 C1 00 09 0C 07 E9 0B 0D FF 11 28 12 FF FE 5C 00 CD BB 7E
TX:	5:40:22 PM	7E A0 19 03 25 F0 11 5A E6 E6 00 C0 01 C1 00 08 00 00 01 00 00 FF 02 00 60 1A 7E
RX:	5:40:22 PM	7E A0 1E 25 03 3E 43 80 E6 E7 00 C4 01 C1 00 09 0C 07 E9 0B 0D FF 11 28 16 FF FE 5C 00 DD 96 7E
TX:	5:42:41 PM	7E A0 07 03 25 93 6F 66 7E
RX:	5:42:41 PM	7E A0 1E 25 03 73 A2 19 81 80 12 05 01 80 06 01 80 07 04 00 00 00 01 08 04 00 00 00 01 53 3B 7E
TX:	5:42:41 PM	7E A0 4C 03 25 10 5E 06 E6 E6 00 60 3E A1 09 06 07 60 85 74 05 08 01 01 8A 02 07 80 8B 07 60 85 74 05 08 02 02 AC 12 80 10 6B 14 32 5B 53 66 4F 67 57 39 56 55 40 60 74 37 BE 10 04 0E 01 00 00 00 06 5F 1F 04 00 62 1E 5D FF FF A8 D0 7E
RX:	5:42:41 PM	7E A0 58 25 03 30 10 34 E6 E7 00 61 4A A1 09 06 07 60 85 74 05 08 01 01 A2 03 02 01 00 A3 05 A1 03 02 01 0E 88 02 07 80 89 07 60 85 74 05 08 02 02 AA 12 80 10 5A 42 2A 2C 76 11 79 45 4B 5E 29 68 1B 38 02 1E BE 10 04 0E 08 00 06 5F 1F 04 00 62 1E 5D 04 00 00 07 3E CF 7E
TX:	5:42:41 PM	7E A0 2B 03 25 32 8B CA E6 E6 00 C3 01 C1 00 0F 00 00 28 00 00 FF 01 01 09 10 79 FC 4B BC 71 5D C8 54 57 EA 14 04 47 47 FC A1 F5 4B 7E
RX:	5:42:41 PM	7E A0 24 25 03 52 75 B9 E6 E7 00 C7 01 C1 00 01 00 09 10 5E 57 D5 10 75 D7 BC 94 9C 32 F0 2F B4 86 AD 46 98 EF 7E
TX:	5:42:41 PM	7E A0 19 03 25 54 3F B9 E6 E6 00 C0 01 C1 00 0F 00 00 28 00 00 FF 02 00 91 53 7E
RX:	5:42:41 PM	7E A8 89 25 03 74 D3 8E E6 E7 00 E0 01 00 01 00 00 82 03 F9 C4 01 C1 00 01 30 02 04 12 00 0F 11 03 09 06 00 00 28 00 00 FF 02 02 01 0B 02 03 0F 01 16 01 00 02 03 0F 02 16 03 00 02 03 0F 03 16 03 00 02 03 0F 04 16 03 00 02 03 0F 05 16 03 00 02 03 0F 06 16 03 00 02 03 0F 07 16 03 00 02 03 0F 08 16 03 00 02 03 0F 09 16 03 00 02 03 0F 0A 16 03 00 02 03 0F 0B 16 03 00 01 06 02 02 0F 01 16 01 02 02 0F 02 16 01 3B C7 7E
TX:	5:42:41 PM	7E A0 07 03 25 71 73 A2 7E
RX:	5:42:41 PM	7E A8 89 25 03 76 C1 AD 02 02 0F 03 16 01 02 02 0F 04 16 01 02 02 0F 05 16 01 02 02 0F 06 16 01 02 04 12 00 17 11 01 09 06 00 00 16 00 00 FF 02 02 01 09 02 03 0F 01 16 01 00 02 03 0F 02 16 03 00 02 03 0F 03 16 03 00 02 03 0F 04 16 03 00 02 03 0F 05 16 03 00 02 03 0F 06 16 03 00 02 03 0F 07 16 03 00 02 03 0F 08 16 03 00 02 03 0F 09 16 03 00 01 00 02 04 12 00 08 11 00 09 06 00 00 01 00 00 FF 02 02 01 09 02 1A 65 7E
TX:	5:42:41 PM	7E A0 07 03 25 91 7D 45 7E
RX:	5:42:41 PM	7E A8 89 25 03 78 BF 44 03 0F 01 16 01 00 02 03 0F 02 16 03 00 02 03 0F 03 16 03 00 02 03 0F 04 16 03 00 02 03 0F 05 16 03 00 02 03 0F 06 16 03 00 02 03 0F 07 16 03 00 02 03 0F 08 16 03 00 02 03 0F 09 16 03 00 01 06 02 02 0F 01 16 01 02 02 0F 02 16 01 02 02 0F 03 16 01 02 02 0F 04 16 01 02 02 0F 05 16 01 02 02 0F 06 16 01 02 04 12 00 0F 11 03 09 06 00 00 28 00 03 FF 02 02 01 0B 02 03 0F 01 16 01 00 02 03 7E 56 7E
TX:	5:42:41 PM	7E A0 07 03 25 B1 7F 64 7E
RX:	5:42:41 PM	7E A8 89 25 03 7A AD 67 0F 02 16 03 00 02 03 0F 03 16 03 00 02 03 0F 04 16 03 00 02 03 0F 05 16 03 00 02 03 0F 06 16 03 00 02 03 0F 07 16 03 00 02 03 0F 08 16 03 00 02 03 0F 09 16 03 00 02 03 0F 0A 16 03 00 02 03 0F 0B 16 03 00 01 06 02 02 0F 01 16 01 02 02 0F 02 16 01 02 02 0F 03 16 01 02 02 0F 04 16 01 02 02 0F 05 16 01 02 02 0F 06 16 01 02 04 12 00 40 11 01 09 06 00 00 2B 00 07 FF 02 02 01 06 02 03 0F 6C BA 7E
TX:	5:42:41 PM	7E A0 07 03 25 D1 79 07 7E
RX:	5:42:41 PM	7E A8 89 25 03 7C 9B 02 01 16 01 00 02 03 0F 02 16 03 00 02 03 0F 03 16 03 00 02 03 0F 04 16 03 00 02 03 0F 05 16 03 00 02 03 0F 06 16 03 00 01 08 02 02 0F 01 16 01 02 02 0F 02 16 01 02 02 0F 03 16 01 02 02 0F 04 16 01 02 02 0F 05 16 01 02 02 0F 06 16 01 02 02 0F 07 16 01 02 02 0F 08 16 01 02 04 12 00 40 11 01 09 06 00 00 2B 00 08 FF 02 02 01 06 02 03 0F 01 16 01 00 02 03 0F 02 16 03 00 02 03 0F 03 16 03 BD 4F 7E
TX:	5:42:41 PM	7E A0 07 03 25 F1 7B 26 7E
RX:	5:42:41 PM	7E A8 89 25 03 7E 89 21 00 02 03 0F 04 16 03 00 02 03 0F 05 16 03 00 02 03 0F 06 16 03 00 01 08 02 02 0F 01 16 01 02 02 0F 02 16 01 02 02 0F 03 16 01 02 02 0F 04 16 01 02 02 0F 05 16 01 02 02 0F 06 16 01 02 02 0F 07 16 01 02 02 0F 08 16 01 02 04 12 00 01 11 00 09 06 00 00 2B 01 08 FF 02 02 01 02 02 03 0F 01 16 01 00 02 03 0F 02 16 03 00 01 00 02 04 12 00 01 11 00 09 06 00 00 2A 00 00 FF 02 02 01 02 02 03 3F FF 7E
TX:	5:42:41 PM	7E A0 07 03 25 11 75 C1 7E
RX:	5:42:41 PM	7E A8 89 25 03 70 F7 C8 0F 01 16 01 00 02 03 0F 02 16 03 00 01 00 02 04 12 00 01 11 00 09 06 01 00 00 02 00 FF 02 02 01 02 02 03 0F 01 16 01 00 02 03 0F 02 16 03 00 01 00 02 04 12 00 01 11 00 09 06 00 00 2B 01 00 FF 02 02 01 02 02 03 0F 01 16 01 00 02 03 0F 02 16 03 00 01 00 02 04 12 00 03 11 00 09 06 01 01 15 19 00 FF 02 02 01 03 02 03 0F 01 16 01 00 02 03 0F 02 16 03 00 02 03 0F 03 16 03 00 01 01 02 02 05 D2 7E
TX:	5:42:41 PM	7E A0 07 03 25 31 77 E0 7E
RX:	5:42:41 PM	7E A8 89 25 03 72 E5 EB 0F 01 16 01 02 04 12 00 1D 11 02 09 06 00 00 02 01 00 FF 02 02 01 06 02 03 0F 01 16 01 00 02 03 0F 02 16 03 00 02 03 0F 03 16 03 00 02 03 0F 04 16 03 00 02 03 0F 05 16 03 00 02 03 0F 06 16 03 00 01 01 02 02 0F 01 16 01 02 04 12 00 14 11 00 09 06 00 00 0D 00 00 FF 02 02 01 0A 02 03 0F 01 16 01 00 02 03 0F 02 16 03 00 02 03 0F 03 16 03 00 02 03 0F 04 16 03 00 02 03 0F 05 16 03 00 02 55 76 7E
TX:	5:42:41 PM	7E A0 07 03 25 51 71 83 7E
RX:	5:42:41 PM	7E A0 0E 25 03 74 BC AE 03 0F 06 16 03 46 06 7E
TX:	5:42:41 PM	7E A0 13 03 25 76 81 67 E6 E6 00 E0 81 00 01 00 01 00 D4 80 7E
RX:	5:42:41 PM	7E A8 89 25 03 96 CF 4A E6 E7 00 E0 01 00 02 00 01 82 03 F9 00 02 03 0F 07 16 03 00 02 03 0F 08 16 03 00 02 03 0F 09 16 03 00 02 03 0F 0A 16 03 00 01 01 02 02 0F 01 16 01 02 04 12 00 13 11 01 09 06 00 00 14 00 00 FF 02 02 01 09 02 03 0F 01 16 01 00 02 03 0F 02 16 03 00 02 03 0F 03 16 03 00 02 03 0F 04 16 03 00 02 03 0F 05 16 03 00 02 03 0F 06 16 03 00 02 03 0F 07 16 03 00 02 03 0F 08 16 03 00 02 03 0F 09 AC 90 7E
TX:	5:42:41 PM	7E A0 07 03 25 91 7D 45 7E
RX:	5:42:41 PM	7E A8 89 25 03 98 B1 A3 16 03 00 01 00 02 04 12 00 05 11 00 09 06 01 00 1F 04 00 FF 02 02 01 09 02 03 0F 01 16 01 00 02 03 0F 02 16 03 00 02 03 0F 03 16 03 00 02 03 0F 04 16 03 00 02 03 0F 05 16 03 00 02 03 0F 06 16 03 00 02 03 0F 07 16 03 00 02 03 0F 08 16 03 00 02 03 0F 09 16 03 00 01 02 02 02 0F 01 16 01 02 02 0F 02 16 01 02 04 12 00 15 11 00 09 06 00 00 10 01 00 FF 02 02 01 04 02 03 0F 01 16 01 00 02 C4 BC 7E
TX:	5:42:41 PM	7E A0 07 03 25 B1 7F 64 7E
RX:	5:42:41 PM	7E A8 89 25 03 9A A3 80 03 0F 02 16 03 00 02 03 0F 03 16 03 00 02 03 0F 04 16 03 00 01 00 02 04 12 00 09 11 00 09 06 00 01 0A 01 65 FF 02 02 01 02 02 03 0F 01 16 01 00 02 03 0F 02 16 03 00 01 01 02 02 0F 01 16 01 02 04 12 00 16 11 00 09 06 00 00 0F 00 00 FF 02 02 01 04 02 03 0F 01 16 01 00 02 03 0F 02 16 03 00 02 03 0F 03 16 03 00 02 03 0F 04 16 03 00 01 00 02 04 12 00 11 11 00 09 06 00 00 29 00 00 FF 02 35 FA 7E
TX:	5:42:41 PM	7E A0 07 03 25 D1 79 07 7E
RX:	5:42:41 PM	7E A8 89 25 03 9C 95 E5 02 01 02 02 03 0F 01 16 01 00 02 03 0F 02 16 03 00 01 01 02 02 0F 01 16 01 02 04 12 00 1C 11 02 09 06 00 00 02 02 00 FF 02 02 01 07 02 03 0F 01 16 01 00 02 03 0F 02 16 03 00 02 03 0F 03 16 03 00 02 03 0F 04 16 03 00 02 03 0F 05 16 03 00 02 03 0F 06 16 03 00 02 03 0F 07 16 03 00 01 00 02 04 12 00 1B 11 00 09 06 00 00 02 00 00 FF 02 02 01 04 02 03 0F 01 16 01 00 02 03 0F 02 16 03 00 00 43 7E
TX:	5:42:41 PM	7E A0 07 03 25 F1 7B 26 7E
RX:	5:42:41 PM	7E A8 89 25 03 9E 87 C6 02 03 0F 03 16 03 00 02 03 0F 04 16 03 00 01 00 02 04 12 00 2B 11 00 09 06 00 00 19 02 00 FF 02 02 01 02 02 03 0F 01 16 01 00 02 03 0F 02 16 03 00 01 00 02 04 12 00 12 11 00 09 06 00 00 2C 00 00 FF 02 02 01 07 02 03 0F 01 16 01 00 02 03 0F 02 16 03 00 02 03 0F 03 16 03 00 02 03 0F 04 16 03 00 02 03 0F 05 16 03 00 02 03 0F 06 16 03 00 02 03 0F 07 16 03 00 01 04 02 02 0F 01 16 01 02 50 8B 7E
TX:	5:42:41 PM	7E A0 07 03 25 11 75 C1 7E
RX:	5:42:41 PM	7E A8 89 25 03 90 F9 2F 02 0F 02 16 01 02 02 0F 03 16 01 02 02 0F 04 16 01 02 04 12 00 2A 11 00 09 06 00 00 19 01 00 FF 02 02 01 0A 02 03 0F 01 16 01 00 02 03 0F 02 16 03 00 02 03 0F 03 16 03 00 02 03 0F 04 16 03 00 02 03 0F 05 16 03 00 02 03 0F 06 16 03 00 02 03 0F 07 16 03 00 02 03 0F 08 16 03 00 02 03 0F 09 16 03 00 02 03 0F 0A 16 03 00 01 03 02 02 0F 01 16 01 02 02 0F 02 16 01 02 02 0F 03 16 01 02 04 B7 DD 7E
TX:	5:42:41 PM	7E A0 07 03 25 31 77 E0 7E
RX:	5:42:41 PM	7E A8 89 25 03 92 EB 0C 12 00 30 11 00 09 06 00 00 19 07 00 FF 02 02 01 0A 02 03 0F 01 16 01 00 02 03 0F 02 16 03 00 02 03 0F 03 16 03 00 02 03 0F 04 16 03 00 02 03 0F 05 16 03 00 02 03 0F 06 16 03 00 02 03 0F 07 16 03 00 02 03 0F 08 16 03 00 02 03 0F 09 16 03 00 02 03 0F 0A 16 03 00 01 02 02 02 0F 01 16 01 02 02 0F 02 16 01 02 04 12 00 28 11 00 09 06 00 00 19 09 00 FF 02 02 01 07 02 03 0F 01 16 01 00 02 D5 E8 7E
TX:	5:42:41 PM	7E A0 07 03 25 51 71 83 7E
RX:	5:42:41 PM	7E A8 89 25 03 94 DD 69 03 0F 02 16 03 00 02 03 0F 03 16 03 00 02 03 0F 04 16 03 00 02 03 0F 05 16 03 00 02 03 0F 06 16 03 00 02 03 0F 07 16 03 00 01 01 02 02 0F 01 16 01 02 04 12 00 0B 11 00 09 06 00 00 0B 00 00 FF 02 02 01 02 02 03 0F 01 16 01 00 02 03 0F 02 16 03 00 01 02 02 02 0F 01 16 01 02 02 0F 02 16 01 02 04 12 00 32 11 00 09 06 00 00 1A 00 00 FF 02 02 01 0F 02 03 0F 01 16 01 00 02 03 0F 02 16 03 91 1A 7E
TX:	5:42:41 PM	7E A0 07 03 25 71 73 A2 7E
RX:	5:42:41 PM	7E A0 0E 25 03 96 A0 6A 00 02 03 0F 03 31 EB 7E
TX:	5:42:41 PM	7E A0 13 03 25 98 F1 69 E6 E6 00 E0 81 00 02 00 02 00 71 8F 7E
RX:	5:42:41 PM	7E A8 89 25 03 B8 B3 82 E6 E7 00 E0 01 00 03 00 02 82 03 F9 16 03 00 02 03 0F 04 16 03 00 02 03 0F 05 16 03 00 02 03 0F 06 16 03 00 02 03 0F 07 16 03 00 02 03 0F 08 16 03 00 02 03 0F 09 16 03 00 02 03 0F 0A 16 03 00 02 03 0F 0B 16 03 00 02 03 0F 0C 16 03 00 02 03 0F 0D 16 03 00 02 03 0F 0E 16 03 00 02 03 0F 0F 16 03 00 01 00 02 04 12 00 33 11 00 09 06 00 00 1A 01 00 FF 02 02 01 02 02 03 0F 01 16 01 00 02 04 65 7E
TX:	5:42:41 PM	7E A0 07 03 25 B1 7F 64 7E
RX:	5:42:41 PM	7E A8 89 25 03 BA A1 A1 03 0F 02 16 03 00 01 01 02 02 0F 01 16 01 02 04 12 00 35 11 00 09 06 00 00 1A 03 00 FF 02 02 01 08 02 03 0F 01 16 01 00 02 03 0F 02 16 03 00 02 03 0F 03 16 03 00 02 03 0F 04 16 03 00 02 03 0F 05 16 03 00 02 03 0F 06 16 03 00 02 03 0F 07 16 03 00 02 03 0F 08 16 03 00 01 01 02 02 0F 01 16 01 02 04 12 00 34 11 00 09 06 00 00 1A 02 00 FF 02 02 01 05 02 03 0F 01 16 01 00 02 03 0F 02 16 F0 E2 7E
TX:	5:42:41 PM	7E A0 07 03 25 D1 79 07 7E
RX:	5:42:41 PM	7E A8 89 25 03 BC 97 C4 03 00 02 03 0F 03 16 03 00 02 03 0F 04 16 03 00 02 03 0F 05 16 03 00 01 00 02 04 12 00 5C 11 03 09 06 00 00 1D 02 00 FF 02 02 01 17 02 03 0F 01 16 01 00 02 03 0F 02 16 03 00 02 03 0F 03 16 03 00 02 03 0F 04 16 03 00 02 03 0F 05 16 03 00 02 03 0F 06 16 03 00 02 03 0F 07 16 03 00 02 03 0F 08 16 03 00 02 03 0F 09 16 03 00 02 03 0F 0A 16 03 00 02 03 0F 0B 16 03 00 02 03 0F 0C 16 03 00 29 53 7E
TX:	5:42:41 PM	7E A0 07 03 25 F1 7B 26 7E
RX:	5:42:41 PM	7E A8 89 25 03 BE 85 E7 02 03 0F 0D 16 03 00 02 03 0F 0E 16 03 00 02 03 0F 0F 16 03 00 02 03 0F 10 16 03 00 02 03 0F 11 16 03 00 02 03 0F 12 16 03 00 02 03 0F 13 16 03 00 02 03 0F 14 16 03 00 02 03 0F 15 16 03 00 02 03 0F 16 16 03 00 02 03 0F 17 16 03 00 01 00 02 04 12 00 5A 11 01 09 06 00 00 1D 00 00 FF 02 02 01 0A 02 03 0F 01 16 01 00 02 03 0F 02 16 03 00 02 03 0F 03 16 03 00 02 03 0F 04 16 03 00 02 03 40 5D 7E
TX:	5:42:41 PM	7E A0 07 03 25 11 75 C1 7E
RX:	5:42:41 PM	7E A8 89 25 03 B0 FB 0E 0F 05 16 03 00 02 03 0F 06 16 03 00 02 03 0F 07 16 03 00 02 03 0F 08 16 03 00 02 03 0F 09 16 03 00 02 03 0F 0A 16 03 00 01 01 02 02 0F 01 16 01 02 04 12 00 5B 11 03 09 06 00 00 1D 01 00 FF 02 02 01 1A 02 03 0F 01 16 01 00 02 03 0F 02 16 03 00 02 03 0F 03 16 03 00 02 03 0F 04 16 03 00 02 03 0F 05 16 03 00 02 03 0F 06 16 03 00 02 03 0F 07 16 03 00 02 03 0F 08 16 03 00 02 03 0F 09 16 B3 5B 7E
TX:	5:42:41 PM	7E A0 07 03 25 31 77 E0 7E
RX:	5:42:41 PM	7E A8 89 25 03 B2 E9 2D 03 00 02 03 0F 0A 16 03 00 02 03 0F 0B 16 03 00 02 03 0F 0C 16 03 00 02 03 0F 0D 16 03 00 02 03 0F 0E 16 03 00 02 03 0F 0F 16 03 00 02 03 0F 10 16 03 00 02 03 0F 11 16 03 00 02 03 0F 12 16 03 00 02 03 0F 13 16 03 00 02 03 0F 14 16 03 00 02 03 0F 15 16 03 00 02 03 0F 16 16 03 00 02 03 0F 17 16 03 00 02 03 0F 18 16 03 00 02 03 0F 19 16 03 00 02 03 0F 1A 16 03 00 01 02 02 02 0F 01 16 B8 2C 7E
TX:	5:42:41 PM	7E A0 07 03 25 51 71 83 7E
RX:	5:42:41 PM	7E A8 89 25 03 B4 DF 48 01 02 02 0F 02 16 01 02 04 12 00 6F 11 00 09 06 00 00 13 00 00 FF 02 02 01 13 02 03 0F 01 16 01 00 02 03 0F 02 16 03 00 02 03 0F 03 16 03 00 02 03 0F 04 16 03 00 02 03 0F 05 16 03 00 02 03 0F 06 16 03 00 02 03 0F 07 16 03 00 02 03 0F 08 16 03 00 02 03 0F 09 16 03 00 02 03 0F 0A 16 03 00 02 03 0F 0B 16 03 00 02 03 0F 0C 16 03 00 02 03 0F 0D 16 03 00 02 03 0F 0E 16 03 00 02 03 0F 0F 65 D0 7E
TX:	5:42:41 PM	7E A0 07 03 25 71 73 A2 7E
RX:	5:42:41 PM	7E A8 89 25 03 B6 CD 6B 16 03 00 02 03 0F 10 16 03 00 02 03 0F 11 16 03 00 02 03 0F 12 16 03 00 02 03 0F 13 16 03 00 01 03 02 02 0F 01 16 01 02 02 0F 02 16 01 02 02 0F 03 16 01 02 04 12 00 70 11 00 09 06 00 00 13 0A 00 FF 02 02 01 0B 02 03 0F 01 16 01 00 02 03 0F 02 16 03 00 02 03 0F 03 16 03 00 02 03 0F 04 16 03 00 02 03 0F 05 16 03 00 02 03 0F 06 16 03 00 02 03 0F 07 16 03 00 02 03 0F 08 16 03 00 02 03 6B F6 7E
TX:	5:42:41 PM	7E A0 07 03 25 91 7D 45 7E
RX:	5:42:41 PM	7E A0 0E 25 03 B8 DC A2 0F 09 16 03 00 CB 66 7E
TX:	5:42:41 PM	7E A0 13 03 25 BA E1 6B E6 E6 00 E0 81 00 03 00 03 00 12 8A 7E
RX:	5:42:41 PM	7E A8 89 25 03 DA A7 C2 E6 E7 00 E0 81 00 04 00 03 82 03 A6 02 03 0F 0A 16 03 00 02 03 0F 0B 16 03 00 01 03 02 02 0F 01 16 01 02 02 0F 02 16 01 02 02 0F 03 16 01 02 04 12 00 71 11 00 09 06 00 00 13 14 00 FF 02 02 01 0D 02 03 0F 01 16 01 00 02 03 0F 02 16 03 00 02 03 0F 03 16 03 00 02 03 0F 04 16 03 00 02 03 0F 05 16 03 00 02 03 0F 06 16 03 00 02 03 0F 07 16 03 00 02 03 0F 08 16 03 00 02 03 0F 09 16 03 00 C1 38 7E
TX:	5:42:41 PM	7E A0 07 03 25 D1 79 07 7E
RX:	5:42:41 PM	7E A8 89 25 03 DC 91 A7 02 03 0F 0A 16 03 00 02 03 0F 0B 16 03 00 02 03 0F 0C 16 03 00 02 03 0F 0D 16 03 00 01 05 02 02 0F 01 16 01 02 02 0F 02 16 01 02 02 0F 03 16 01 02 02 0F 04 16 01 02 02 0F 05 16 01 02 04 12 00 73 11 00 09 06 00 00 13 28 00 FF 02 02 01 06 02 03 0F 01 16 01 00 02 03 0F 02 16 03 00 02 03 0F 03 16 03 00 02 03 0F 04 16 03 00 02 03 0F 05 16 03 00 02 03 0F 06 16 03 00 01 01 02 02 0F 01 16 0C 75 7E
TX:	5:42:41 PM	7E A0 07 03 25 F1 7B 26 7E
RX:	5:42:41 PM	7E A8 89 25 03 DE 83 84 01 02 04 12 00 3E 11 01 09 06 00 00 42 00 01 FF 02 02 01 06 02 03 0F 01 16 01 00 02 03 0F 02 16 03 00 02 03 0F 03 16 03 00 02 03 0F 04 16 03 00 02 03 0F 05 16 03 00 02 03 0F 06 16 03 00 01 02 02 02 0F 01 16 01 02 02 0F 02 16 01 02 04 12 00 46 11 01 09 06 00 00 60 03 0A FF 02 02 01 04 02 03 0F 01 16 01 00 02 03 0F 02 16 03 00 02 03 0F 03 16 03 00 02 03 0F 04 16 03 00 01 02 02 02 0F DA 6F 7E
TX:	5:42:41 PM	7E A0 07 03 25 11 75 C1 7E
RX:	5:42:41 PM	7E A8 89 25 03 D0 FD 6D 01 16 01 02 02 0F 02 16 01 02 04 12 00 50 11 00 09 06 00 00 1C 00 00 FF 02 02 01 03 02 03 0F 01 16 01 00 02 03 0F 02 16 03 00 02 03 0F 03 16 03 00 01 01 02 02 0F 01 16 01 02 04 12 00 51 11 00 09 06 00 00 1C 01 00 FF 02 02 01 05 02 03 0F 01 16 01 00 02 03 0F 02 16 03 00 02 03 0F 03 16 03 00 02 03 0F 04 16 03 00 02 03 0F 05 16 03 00 01 01 02 02 0F 01 16 01 02 04 12 00 52 11 00 09 06 A0 81 7E
TX:	5:42:41 PM	7E A0 07 03 25 31 77 E0 7E
RX:	5:42:41 PM	7E A8 89 25 03 D2 EF 4E 00 00 1C 02 00 FF 02 02 01 08 02 03 0F 01 16 01 00 02 03 0F 02 16 03 00 02 03 0F 03 16 03 00 02 03 0F 04 16 03 00 02 03 0F 05 16 03 00 02 03 0F 06 16 03 00 02 03 0F 07 16 03 00 02 03 0F 08 16 03 00 01 00 02 04 12 00 53 11 00 09 06 00 00 1C 03 00 FF 02 02 01 0E 02 03 0F 01 16 01 00 02 03 0F 02 16 03 00 02 03 0F 03 16 03 00 02 03 0F 04 16 03 00 02 03 0F 05 16 03 00 02 03 0F 06 16 03 0A 0C 7E
TX:	5:42:41 PM	7E A0 07 03 25 51 71 83 7E
RX:	5:42:41 PM	7E A8 89 25 03 D4 D9 2B 00 02 03 0F 07 16 03 00 02 03 0F 08 16 03 00 02 03 0F 09 16 03 00 02 03 0F 0A 16 03 00 02 03 0F 0B 16 03 00 02 03 0F 0C 16 03 00 02 03 0F 0D 16 03 00 02 03 0F 0E 16 03 00 01 00 02 04 12 00 54 11 00 09 06 00 00 1C 04 00 FF 02 02 01 07 02 03 0F 01 16 01 00 02 03 0F 02 16 03 00 02 03 0F 03 16 03 00 02 03 0F 04 16 03 00 02 03 0F 05 16 03 00 02 03 0F 06 16 03 00 02 03 0F 07 16 03 00 01 81 7C 7E
TX:	5:42:41 PM	7E A0 07 03 25 71 73 A2 7E
RX:	5:42:41 PM	7E A8 89 25 03 D6 CB 08 01 02 02 0F 01 16 01 02 04 12 00 55 11 00 09 06 00 00 1C 05 00 FF 02 02 01 06 02 03 0F 01 16 01 00 02 03 0F 02 16 03 00 02 03 0F 03 16 03 00 02 03 0F 04 16 03 00 02 03 0F 05 16 03 00 02 03 0F 06 16 03 00 01 01 02 02 0F 01 16 01 02 04 12 00 56 11 00 09 06 00 00 1C 07 00 FF 02 02 01 04 02 03 0F 01 16 01 00 02 03 0F 02 16 03 00 02 03 0F 03 16 03 00 02 03 0F 04 16 03 00 01 00 02 04 12 37 C1 7E
TX:	5:42:41 PM	7E A0 07 03 25 91 7D 45 7E
RX:	5:42:41 PM	7E A0 3B 25 03 D8 7F E3 00 0A 11 00 09 06 00 00 0C 00 00 FF 02 02 01 02 02 03 0F 01 16 01 00 02 03 0F 02 16 03 00 01 03 02 02 0F 01 16 01 02 02 0F 02 16 01 02 02 0F 03 16 01 D0 8A 7E
TX:	5:42:41 PM	7E A0 19 03 25 BC 79 D2 E6 E6 00 C0 01 C1 00 08 00 00 01 00 00 FF 02 00 60 1A 7E
RX:	5:42:41 PM	7E A0 1E 25 03 FA 6B 00 E6 E7 00 C4 01 C1 00 09 0C 07 E9 0B 0D FF 11 2A 29 FF FE 5C 00 A6 20 7E
TX:	5:44:33 PM	7E A0 07 03 25 93 6F 66 7E
RX:	5:44:33 PM	7E A0 1E 25 03 73 A2 19 81 80 12 05 01 80 06 01 80 07 04 00 00 00 01 08 04 00 00 00 01 53 3B 7E
TX:	5:44:33 PM	7E A0 4C 03 25 10 5E 06 E6 E6 00 60 3E A1 09 06 07 60 85 74 05 08 01 01 8A 02 07 80 8B 07 60 85 74 05 08 02 02 AC 12 80 10 2F 35 20 21 60 41 78 0F 47 5A 10 43 28 3B 12 23 BE 10 04 0E 01 00 00 00 06 5F 1F 04 00 62 1E 5D FF FF 9C C3 7E
RX:	5:44:33 PM	7E A0 58 25 03 30 10 34 E6 E7 00 61 4A A1 09 06 07 60 85 74 05 08 01 01 A2 03 02 01 00 A3 05 A1 03 02 01 0E 88 02 07 80 89 07 60 85 74 05 08 02 02 AA 12 80 10 0E 61 1C 67 75 0B 2A 14 78 5A 03 5C 17 00 32 74 BE 10 04 0E 08 00 06 5F 1F 04 00 62 1E 5D 04 00 00 07 9D D7 7E
TX:	5:44:33 PM	7E A0 2B 03 25 32 8B CA E6 E6 00 C3 01 C1 00 0F 00 00 28 00 00 FF 01 01 09 10 CB 1A 4D 03 AC 7B A5 43 9D BD DC 4B AC E4 60 48 A3 53 7E
RX:	5:44:33 PM	7E A0 24 25 03 52 75 B9 E6 E7 00 C7 01 C1 00 01 00 09 10 7F D2 AD 60 C9 3B 4F CD FC 32 18 09 E7 18 8E D2 BC AD 7E
TX:	5:44:33 PM	7E A0 19 03 25 54 3F B9 E6 E6 00 C0 01 C1 00 0F 00 00 28 00 00 FF 02 00 91 53 7E
RX:	5:44:33 PM	7E A8 89 25 03 74 D3 8E E6 E7 00 E0 01 00 01 00 00 82 03 F9 C4 01 C1 00 01 30 02 04 12 00 0F 11 03 09 06 00 00 28 00 00 FF 02 02 01 0B 02 03 0F 01 16 01 00 02 03 0F 02 16 03 00 02 03 0F 03 16 03 00 02 03 0F 04 16 03 00 02 03 0F 05 16 03 00 02 03 0F 06 16 03 00 02 03 0F 07 16 03 00 02 03 0F 08 16 03 00 02 03 0F 09 16 03 00 02 03 0F 0A 16 03 00 02 03 0F 0B 16 03 00 01 06 02 02 0F 01 16 01 02 02 0F 02 16 01 3B C7 7E
TX:	5:44:33 PM	7E A0 07 03 25 71 73 A2 7E
RX:	5:44:33 PM	7E A8 89 25 03 76 C1 AD 02 02 0F 03 16 01 02 02 0F 04 16 01 02 02 0F 05 16 01 02 02 0F 06 16 01 02 04 12 00 17 11 01 09 06 00 00 16 00 00 FF 02 02 01 09 02 03 0F 01 16 01 00 02 03 0F 02 16 03 00 02 03 0F 03 16 03 00 02 03 0F 04 16 03 00 02 03 0F 05 16 03 00 02 03 0F 06 16 03 00 02 03 0F 07 16 03 00 02 03 0F 08 16 03 00 02 03 0F 09 16 03 00 01 00 02 04 12 00 08 11 00 09 06 00 00 01 00 00 FF 02 02 01 09 02 1A 65 7E
TX:	5:44:33 PM	7E A0 07 03 25 91 7D 45 7E
RX:	5:44:33 PM	7E A8 89 25 03 78 BF 44 03 0F 01 16 01 00 02 03 0F 02 16 03 00 02 03 0F 03 16 03 00 02 03 0F 04 16 03 00 02 03 0F 05 16 03 00 02 03 0F 06 16 03 00 02 03 0F 07 16 03 00 02 03 0F 08 16 03 00 02 03 0F 09 16 03 00 01 06 02 02 0F 01 16 01 02 02 0F 02 16 01 02 02 0F 03 16 01 02 02 0F 04 16 01 02 02 0F 05 16 01 02 02 0F 06 16 01 02 04 12 00 0F 11 03 09 06 00 00 28 00 03 FF 02 02 01 0B 02 03 0F 01 16 01 00 02 03 7E 56 7E
TX:	5:44:33 PM	7E A0 07 03 25 B1 7F 64 7E
RX:	5:44:33 PM	7E A8 89 25 03 7A AD 67 0F 02 16 03 00 02 03 0F 03 16 03 00 02 03 0F 04 16 03 00 02 03 0F 05 16 03 00 02 03 0F 06 16 03 00 02 03 0F 07 16 03 00 02 03 0F 08 16 03 00 02 03 0F 09 16 03 00 02 03 0F 0A 16 03 00 02 03 0F 0B 16 03 00 01 06 02 02 0F 01 16 01 02 02 0F 02 16 01 02 02 0F 03 16 01 02 02 0F 04 16 01 02 02 0F 05 16 01 02 02 0F 06 16 01 02 04 12 00 40 11 01 09 06 00 00 2B 00 07 FF 02 02 01 06 02 03 0F 6C BA 7E
TX:	5:44:33 PM	7E A0 07 03 25 D1 79 07 7E
RX:	5:44:33 PM	7E A8 89 25 03 7C 9B 02 01 16 01 00 02 03 0F 02 16 03 00 02 03 0F 03 16 03 00 02 03 0F 04 16 03 00 02 03 0F 05 16 03 00 02 03 0F 06 16 03 00 01 08 02 02 0F 01 16 01 02 02 0F 02 16 01 02 02 0F 03 16 01 02 02 0F 04 16 01 02 02 0F 05 16 01 02 02 0F 06 16 01 02 02 0F 07 16 01 02 02 0F 08 16 01 02 04 12 00 40 11 01 09 06 00 00 2B 00 08 FF 02 02 01 06 02 03 0F 01 16 01 00 02 03 0F 02 16 03 00 02 03 0F 03 16 03 BD 4F 7E
TX:	5:44:33 PM	7E A0 07 03 25 F1 7B 26 7E
RX:	5:44:33 PM	7E A8 89 25 03 7E 89 21 00 02 03 0F 04 16 03 00 02 03 0F 05 16 03 00 02 03 0F 06 16 03 00 01 08 02 02 0F 01 16 01 02 02 0F 02 16 01 02 02 0F 03 16 01 02 02 0F 04 16 01 02 02 0F 05 16 01 02 02 0F 06 16 01 02 02 0F 07 16 01 02 02 0F 08 16 01 02 04 12 00 01 11 00 09 06 00 00 2B 01 08 FF 02 02 01 02 02 03 0F 01 16 01 00 02 03 0F 02 16 03 00 01 00 02 04 12 00 01 11 00 09 06 00 00 2A 00 00 FF 02 02 01 02 02 03 3F FF 7E
TX:	5:44:33 PM	7E A0 07 03 25 11 75 C1 7E
RX:	5:44:33 PM	7E A8 89 25 03 70 F7 C8 0F 01 16 01 00 02 03 0F 02 16 03 00 01 00 02 04 12 00 01 11 00 09 06 01 00 00 02 00 FF 02 02 01 02 02 03 0F 01 16 01 00 02 03 0F 02 16 03 00 01 00 02 04 12 00 01 11 00 09 06 00 00 2B 01 00 FF 02 02 01 02 02 03 0F 01 16 01 00 02 03 0F 02 16 03 00 01 00 02 04 12 00 03 11 00 09 06 01 01 15 19 00 FF 02 02 01 03 02 03 0F 01 16 01 00 02 03 0F 02 16 03 00 02 03 0F 03 16 03 00 01 01 02 02 05 D2 7E
TX:	5:44:33 PM	7E A0 07 03 25 31 77 E0 7E
RX:	5:44:33 PM	7E A8 89 25 03 72 E5 EB 0F 01 16 01 02 04 12 00 1D 11 02 09 06 00 00 02 01 00 FF 02 02 01 06 02 03 0F 01 16 01 00 02 03 0F 02 16 03 00 02 03 0F 03 16 03 00 02 03 0F 04 16 03 00 02 03 0F 05 16 03 00 02 03 0F 06 16 03 00 01 01 02 02 0F 01 16 01 02 04 12 00 14 11 00 09 06 00 00 0D 00 00 FF 02 02 01 0A 02 03 0F 01 16 01 00 02 03 0F 02 16 03 00 02 03 0F 03 16 03 00 02 03 0F 04 16 03 00 02 03 0F 05 16 03 00 02 55 76 7E
TX:	5:44:33 PM	7E A0 07 03 25 51 71 83 7E
RX:	5:44:33 PM	7E A0 0E 25 03 74 BC AE 03 0F 06 16 03 46 06 7E
TX:	5:44:33 PM	7E A0 13 03 25 76 81 67 E6 E6 00 E0 81 00 01 00 01 00 D4 80 7E
RX:	5:44:33 PM	7E A8 89 25 03 96 CF 4A E6 E7 00 E0 01 00 02 00 01 82 03 F9 00 02 03 0F 07 16 03 00 02 03 0F 08 16 03 00 02 03 0F 09 16 03 00 02 03 0F 0A 16 03 00 01 01 02 02 0F 01 16 01 02 04 12 00 13 11 01 09 06 00 00 14 00 00 FF 02 02 01 09 02 03 0F 01 16 01 00 02 03 0F 02 16 03 00 02 03 0F 03 16 03 00 02 03 0F 04 16 03 00 02 03 0F 05 16 03 00 02 03 0F 06 16 03 00 02 03 0F 07 16 03 00 02 03 0F 08 16 03 00 02 03 0F 09 AC 90 7E
TX:	5:44:33 PM	7E A0 07 03 25 91 7D 45 7E
RX:	5:44:33 PM	7E A8 89 25 03 98 B1 A3 16 03 00 01 00 02 04 12 00 05 11 00 09 06 01 00 1F 04 00 FF 02 02 01 09 02 03 0F 01 16 01 00 02 03 0F 02 16 03 00 02 03 0F 03 16 03 00 02 03 0F 04 16 03 00 02 03 0F 05 16 03 00 02 03 0F 06 16 03 00 02 03 0F 07 16 03 00 02 03 0F 08 16 03 00 02 03 0F 09 16 03 00 01 02 02 02 0F 01 16 01 02 02 0F 02 16 01 02 04 12 00 15 11 00 09 06 00 00 10 01 00 FF 02 02 01 04 02 03 0F 01 16 01 00 02 C4 BC 7E
TX:	5:44:33 PM	7E A0 07 03 25 B1 7F 64 7E
RX:	5:44:33 PM	7E A8 89 25 03 9A A3 80 03 0F 02 16 03 00 02 03 0F 03 16 03 00 02 03 0F 04 16 03 00 01 00 02 04 12 00 09 11 00 09 06 00 01 0A 01 65 FF 02 02 01 02 02 03 0F 01 16 01 00 02 03 0F 02 16 03 00 01 01 02 02 0F 01 16 01 02 04 12 00 16 11 00 09 06 00 00 0F 00 00 FF 02 02 01 04 02 03 0F 01 16 01 00 02 03 0F 02 16 03 00 02 03 0F 03 16 03 00 02 03 0F 04 16 03 00 01 00 02 04 12 00 11 11 00 09 06 00 00 29 00 00 FF 02 35 FA 7E
TX:	5:44:33 PM	7E A0 07 03 25 D1 79 07 7E
RX:	5:44:33 PM	7E A8 89 25 03 9C 95 E5 02 01 02 02 03 0F 01 16 01 00 02 03 0F 02 16 03 00 01 01 02 02 0F 01 16 01 02 04 12 00 1C 11 02 09 06 00 00 02 02 00 FF 02 02 01 07 02 03 0F 01 16 01 00 02 03 0F 02 16 03 00 02 03 0F 03 16 03 00 02 03 0F 04 16 03 00 02 03 0F 05 16 03 00 02 03 0F 06 16 03 00 02 03 0F 07 16 03 00 01 00 02 04 12 00 1B 11 00 09 06 00 00 02 00 00 FF 02 02 01 04 02 03 0F 01 16 01 00 02 03 0F 02 16 03 00 00 43 7E
TX:	5:44:33 PM	7E A0 07 03 25 F1 7B 26 7E
RX:	5:44:33 PM	7E A8 89 25 03 9E 87 C6 02 03 0F 03 16 03 00 02 03 0F 04 16 03 00 01 00 02 04 12 00 2B 11 00 09 06 00 00 19 02 00 FF 02 02 01 02 02 03 0F 01 16 01 00 02 03 0F 02 16 03 00 01 00 02 04 12 00 12 11 00 09 06 00 00 2C 00 00 FF 02 02 01 07 02 03 0F 01 16 01 00 02 03 0F 02 16 03 00 02 03 0F 03 16 03 00 02 03 0F 04 16 03 00 02 03 0F 05 16 03 00 02 03 0F 06 16 03 00 02 03 0F 07 16 03 00 01 04 02 02 0F 01 16 01 02 50 8B 7E
TX:	5:44:33 PM	7E A0 07 03 25 11 75 C1 7E
RX:	5:44:33 PM	7E A8 89 25 03 90 F9 2F 02 0F 02 16 01 02 02 0F 03 16 01 02 02 0F 04 16 01 02 04 12 00 2A 11 00 09 06 00 00 19 01 00 FF 02 02 01 0A 02 03 0F 01 16 01 00 02 03 0F 02 16 03 00 02 03 0F 03 16 03 00 02 03 0F 04 16 03 00 02 03 0F 05 16 03 00 02 03 0F 06 16 03 00 02 03 0F 07 16 03 00 02 03 0F 08 16 03 00 02 03 0F 09 16 03 00 02 03 0F 0A 16 03 00 01 03 02 02 0F 01 16 01 02 02 0F 02 16 01 02 02 0F 03 16 01 02 04 B7 DD 7E
TX:	5:44:33 PM	7E A0 07 03 25 31 77 E0 7E
RX:	5:44:33 PM	7E A8 89 25 03 92 EB 0C 12 00 30 11 00 09 06 00 00 19 07 00 FF 02 02 01 0A 02 03 0F 01 16 01 00 02 03 0F 02 16 03 00 02 03 0F 03 16 03 00 02 03 0F 04 16 03 00 02 03 0F 05 16 03 00 02 03 0F 06 16 03 00 02 03 0F 07 16 03 00 02 03 0F 08 16 03 00 02 03 0F 09 16 03 00 02 03 0F 0A 16 03 00 01 02 02 02 0F 01 16 01 02 02 0F 02 16 01 02 04 12 00 28 11 00 09 06 00 00 19 09 00 FF 02 02 01 07 02 03 0F 01 16 01 00 02 D5 E8 7E
TX:	5:44:33 PM	7E A0 07 03 25 51 71 83 7E
RX:	5:44:33 PM	7E A8 89 25 03 94 DD 69 03 0F 02 16 03 00 02 03 0F 03 16 03 00 02 03 0F 04 16 03 00 02 03 0F 05 16 03 00 02 03 0F 06 16 03 00 02 03 0F 07 16 03 00 01 01 02 02 0F 01 16 01 02 04 12 00 0B 11 00 09 06 00 00 0B 00 00 FF 02 02 01 02 02 03 0F 01 16 01 00 02 03 0F 02 16 03 00 01 02 02 02 0F 01 16 01 02 02 0F 02 16 01 02 04 12 00 32 11 00 09 06 00 00 1A 00 00 FF 02 02 01 0F 02 03 0F 01 16 01 00 02 03 0F 02 16 03 91 1A 7E
TX:	5:44:33 PM	7E A0 07 03 25 71 73 A2 7E
RX:	5:44:33 PM	7E A0 0E 25 03 96 A0 6A 00 02 03 0F 03 31 EB 7E
TX:	5:44:33 PM	7E A0 13 03 25 98 F1 69 E6 E6 00 E0 81 00 02 00 02 00 71 8F 7E
RX:	5:44:33 PM	7E A8 89 25 03 B8 B3 82 E6 E7 00 E0 01 00 03 00 02 82 03 F9 16 03 00 02 03 0F 04 16 03 00 02 03 0F 05 16 03 00 02 03 0F 06 16 03 00 02 03 0F 07 16 03 00 02 03 0F 08 16 03 00 02 03 0F 09 16 03 00 02 03 0F 0A 16 03 00 02 03 0F 0B 16 03 00 02 03 0F 0C 16 03 00 02 03 0F 0D 16 03 00 02 03 0F 0E 16 03 00 02 03 0F 0F 16 03 00 01 00 02 04 12 00 33 11 00 09 06 00 00 1A 01 00 FF 02 02 01 02 02 03 0F 01 16 01 00 02 04 65 7E
TX:	5:44:33 PM	7E A0 07 03 25 B1 7F 64 7E
RX:	5:44:33 PM	7E A8 89 25 03 BA A1 A1 03 0F 02 16 03 00 01 01 02 02 0F 01 16 01 02 04 12 00 35 11 00 09 06 00 00 1A 03 00 FF 02 02 01 08 02 03 0F 01 16 01 00 02 03 0F 02 16 03 00 02 03 0F 03 16 03 00 02 03 0F 04 16 03 00 02 03 0F 05 16 03 00 02 03 0F 06 16 03 00 02 03 0F 07 16 03 00 02 03 0F 08 16 03 00 01 01 02 02 0F 01 16 01 02 04 12 00 34 11 00 09 06 00 00 1A 02 00 FF 02 02 01 05 02 03 0F 01 16 01 00 02 03 0F 02 16 F0 E2 7E
TX:	5:44:33 PM	7E A0 07 03 25 D1 79 07 7E
RX:	5:44:33 PM	7E A8 89 25 03 BC 97 C4 03 00 02 03 0F 03 16 03 00 02 03 0F 04 16 03 00 02 03 0F 05 16 03 00 01 00 02 04 12 00 5C 11 03 09 06 00 00 1D 02 00 FF 02 02 01 17 02 03 0F 01 16 01 00 02 03 0F 02 16 03 00 02 03 0F 03 16 03 00 02 03 0F 04 16 03 00 02 03 0F 05 16 03 00 02 03 0F 06 16 03 00 02 03 0F 07 16 03 00 02 03 0F 08 16 03 00 02 03 0F 09 16 03 00 02 03 0F 0A 16 03 00 02 03 0F 0B 16 03 00 02 03 0F 0C 16 03 00 29 53 7E
TX:	5:44:33 PM	7E A0 07 03 25 F1 7B 26 7E
RX:	5:44:33 PM	7E A8 89 25 03 BE 85 E7 02 03 0F 0D 16 03 00 02 03 0F 0E 16 03 00 02 03 0F 0F 16 03 00 02 03 0F 10 16 03 00 02 03 0F 11 16 03 00 02 03 0F 12 16 03 00 02 03 0F 13 16 03 00 02 03 0F 14 16 03 00 02 03 0F 15 16 03 00 02 03 0F 16 16 03 00 02 03 0F 17 16 03 00 01 00 02 04 12 00 5A 11 01 09 06 00 00 1D 00 00 FF 02 02 01 0A 02 03 0F 01 16 01 00 02 03 0F 02 16 03 00 02 03 0F 03 16 03 00 02 03 0F 04 16 03 00 02 03 40 5D 7E
TX:	5:44:33 PM	7E A0 07 03 25 11 75 C1 7E
RX:	5:44:33 PM	7E A8 89 25 03 B0 FB 0E 0F 05 16 03 00 02 03 0F 06 16 03 00 02 03 0F 07 16 03 00 02 03 0F 08 16 03 00 02 03 0F 09 16 03 00 02 03 0F 0A 16 03 00 01 01 02 02 0F 01 16 01 02 04 12 00 5B 11 03 09 06 00 00 1D 01 00 FF 02 02 01 1A 02 03 0F 01 16 01 00 02 03 0F 02 16 03 00 02 03 0F 03 16 03 00 02 03 0F 04 16 03 00 02 03 0F 05 16 03 00 02 03 0F 06 16 03 00 02 03 0F 07 16 03 00 02 03 0F 08 16 03 00 02 03 0F 09 16 B3 5B 7E
TX:	5:44:33 PM	7E A0 07 03 25 31 77 E0 7E
RX:	5:44:33 PM	7E A8 89 25 03 B2 E9 2D 03 00 02 03 0F 0A 16 03 00 02 03 0F 0B 16 03 00 02 03 0F 0C 16 03 00 02 03 0F 0D 16 03 00 02 03 0F 0E 16 03 00 02 03 0F 0F 16 03 00 02 03 0F 10 16 03 00 02 03 0F 11 16 03 00 02 03 0F 12 16 03 00 02 03 0F 13 16 03 00 02 03 0F 14 16 03 00 02 03 0F 15 16 03 00 02 03 0F 16 16 03 00 02 03 0F 17 16 03 00 02 03 0F 18 16 03 00 02 03 0F 19 16 03 00 02 03 0F 1A 16 03 00 01 02 02 02 0F 01 16 B8 2C 7E
TX:	5:44:33 PM	7E A0 07 03 25 51 71 83 7E
RX:	5:44:33 PM	7E A8 89 25 03 B4 DF 48 01 02 02 0F 02 16 01 02 04 12 00 6F 11 00 09 06 00 00 13 00 00 FF 02 02 01 13 02 03 0F 01 16 01 00 02 03 0F 02 16 03 00 02 03 0F 03 16 03 00 02 03 0F 04 16 03 00 02 03 0F 05 16 03 00 02 03 0F 06 16 03 00 02 03 0F 07 16 03 00 02 03 0F 08 16 03 00 02 03 0F 09 16 03 00 02 03 0F 0A 16 03 00 02 03 0F 0B 16 03 00 02 03 0F 0C 16 03 00 02 03 0F 0D 16 03 00 02 03 0F 0E 16 03 00 02 03 0F 0F 65 D0 7E
TX:	5:44:33 PM	7E A0 07 03 25 71 73 A2 7E
RX:	5:44:33 PM	7E A8 89 25 03 B6 CD 6B 16 03 00 02 03 0F 10 16 03 00 02 03 0F 11 16 03 00 02 03 0F 12 16 03 00 02 03 0F 13 16 03 00 01 03 02 02 0F 01 16 01 02 02 0F 02 16 01 02 02 0F 03 16 01 02 04 12 00 70 11 00 09 06 00 00 13 0A 00 FF 02 02 01 0B 02 03 0F 01 16 01 00 02 03 0F 02 16 03 00 02 03 0F 03 16 03 00 02 03 0F 04 16 03 00 02 03 0F 05 16 03 00 02 03 0F 06 16 03 00 02 03 0F 07 16 03 00 02 03 0F 08 16 03 00 02 03 6B F6 7E
TX:	5:44:33 PM	7E A0 07 03 25 91 7D 45 7E
RX:	5:44:33 PM	7E A0 0E 25 03 B8 DC A2 0F 09 16 03 00 CB 66 7E
TX:	5:44:33 PM	7E A0 13 03 25 BA E1 6B E6 E6 00 E0 81 00 03 00 03 00 12 8A 7E
RX:	5:44:33 PM	7E A8 89 25 03 DA A7 C2 E6 E7 00 E0 81 00 04 00 03 82 03 A6 02 03 0F 0A 16 03 00 02 03 0F 0B 16 03 00 01 03 02 02 0F 01 16 01 02 02 0F 02 16 01 02 02 0F 03 16 01 02 04 12 00 71 11 00 09 06 00 00 13 14 00 FF 02 02 01 0D 02 03 0F 01 16 01 00 02 03 0F 02 16 03 00 02 03 0F 03 16 03 00 02 03 0F 04 16 03 00 02 03 0F 05 16 03 00 02 03 0F 06 16 03 00 02 03 0F 07 16 03 00 02 03 0F 08 16 03 00 02 03 0F 09 16 03 00 C1 38 7E
TX:	5:44:33 PM	7E A0 07 03 25 D1 79 07 7E
RX:	5:44:33 PM	7E A8 89 25 03 DC 91 A7 02 03 0F 0A 16 03 00 02 03 0F 0B 16 03 00 02 03 0F 0C 16 03 00 02 03 0F 0D 16 03 00 01 05 02 02 0F 01 16 01 02 02 0F 02 16 01 02 02 0F 03 16 01 02 02 0F 04 16 01 02 02 0F 05 16 01 02 04 12 00 73 11 00 09 06 00 00 13 28 00 FF 02 02 01 06 02 03 0F 01 16 01 00 02 03 0F 02 16 03 00 02 03 0F 03 16 03 00 02 03 0F 04 16 03 00 02 03 0F 05 16 03 00 02 03 0F 06 16 03 00 01 01 02 02 0F 01 16 0C 75 7E
TX:	5:44:33 PM	7E A0 07 03 25 F1 7B 26 7E
RX:	5:44:33 PM	7E A8 89 25 03 DE 83 84 01 02 04 12 00 3E 11 01 09 06 00 00 42 00 01 FF 02 02 01 06 02 03 0F 01 16 01 00 02 03 0F 02 16 03 00 02 03 0F 03 16 03 00 02 03 0F 04 16 03 00 02 03 0F 05 16 03 00 02 03 0F 06 16 03 00 01 02 02 02 0F 01 16 01 02 02 0F 02 16 01 02 04 12 00 46 11 01 09 06 00 00 60 03 0A FF 02 02 01 04 02 03 0F 01 16 01 00 02 03 0F 02 16 03 00 02 03 0F 03 16 03 00 02 03 0F 04 16 03 00 01 02 02 02 0F DA 6F 7E
TX:	5:44:33 PM	7E A0 07 03 25 11 75 C1 7E
RX:	5:44:33 PM	7E A8 89 25 03 D0 FD 6D 01 16 01 02 02 0F 02 16 01 02 04 12 00 50 11 00 09 06 00 00 1C 00 00 FF 02 02 01 03 02 03 0F 01 16 01 00 02 03 0F 02 16 03 00 02 03 0F 03 16 03 00 01 01 02 02 0F 01 16 01 02 04 12 00 51 11 00 09 06 00 00 1C 01 00 FF 02 02 01 05 02 03 0F 01 16 01 00 02 03 0F 02 16 03 00 02 03 0F 03 16 03 00 02 03 0F 04 16 03 00 02 03 0F 05 16 03 00 01 01 02 02 0F 01 16 01 02 04 12 00 52 11 00 09 06 A0 81 7E
TX:	5:44:33 PM	7E A0 07 03 25 31 77 E0 7E
RX:	5:44:33 PM	7E A8 89 25 03 D2 EF 4E 00 00 1C 02 00 FF 02 02 01 08 02 03 0F 01 16 01 00 02 03 0F 02 16 03 00 02 03 0F 03 16 03 00 02 03 0F 04 16 03 00 02 03 0F 05 16 03 00 02 03 0F 06 16 03 00 02 03 0F 07 16 03 00 02 03 0F 08 16 03 00 01 00 02 04 12 00 53 11 00 09 06 00 00 1C 03 00 FF 02 02 01 0E 02 03 0F 01 16 01 00 02 03 0F 02 16 03 00 02 03 0F 03 16 03 00 02 03 0F 04 16 03 00 02 03 0F 05 16 03 00 02 03 0F 06 16 03 0A 0C 7E
TX:	5:44:33 PM	7E A0 07 03 25 51 71 83 7E
RX:	5:44:33 PM	7E A8 89 25 03 D4 D9 2B 00 02 03 0F 07 16 03 00 02 03 0F 08 16 03 00 02 03 0F 09 16 03 00 02 03 0F 0A 16 03 00 02 03 0F 0B 16 03 00 02 03 0F 0C 16 03 00 02 03 0F 0D 16 03 00 02 03 0F 0E 16 03 00 01 00 02 04 12 00 54 11 00 09 06 00 00 1C 04 00 FF 02 02 01 07 02 03 0F 01 16 01 00 02 03 0F 02 16 03 00 02 03 0F 03 16 03 00 02 03 0F 04 16 03 00 02 03 0F 05 16 03 00 02 03 0F 06 16 03 00 02 03 0F 07 16 03 00 01 81 7C 7E
TX:	5:44:33 PM	7E A0 07 03 25 71 73 A2 7E
RX:	5:44:33 PM	7E A8 89 25 03 D6 CB 08 01 02 02 0F 01 16 01 02 04 12 00 55 11 00 09 06 00 00 1C 05 00 FF 02 02 01 06 02 03 0F 01 16 01 00 02 03 0F 02 16 03 00 02 03 0F 03 16 03 00 02 03 0F 04 16 03 00 02 03 0F 05 16 03 00 02 03 0F 06 16 03 00 01 01 02 02 0F 01 16 01 02 04 12 00 56 11 00 09 06 00 00 1C 07 00 FF 02 02 01 04 02 03 0F 01 16 01 00 02 03 0F 02 16 03 00 02 03 0F 03 16 03 00 02 03 0F 04 16 03 00 01 00 02 04 12 37 C1 7E
TX:	5:44:33 PM	7E A0 07 03 25 91 7D 45 7E
RX:	5:44:33 PM	7E A0 3B 25 03 D8 7F E3 00 0A 11 00 09 06 00 00 0C 00 00 FF 02 02 01 02 02 03 0F 01 16 01 00 02 03 0F 02 16 03 00 01 03 02 02 0F 01 16 01 02 02 0F 02 16 01 02 02 0F 03 16 01 D0 8A 7E
TX:	5:44:33 PM	7E A0 19 03 25 BC 79 D2 E6 E6 00 C0 01 C1 00 08 00 00 01 00 00 FF 02 00 60 1A 7E
RX:	5:44:33 PM	7E A0 1E 25 03 FA 6B 00 E6 E7 00 C4 01 C1 00 09 0C 07 E9 0B 0D FF 11 2C 21 FF FE 5C 00 7C 62 7E
TX:	5:44:36 PM	7E A0 19 03 25 DE 6D 92 E6 E6 00 C0 01 C1 00 08 00 00 01 00 00 FF 02 00 60 1A 7E
RX:	5:44:36 PM	7E A0 1E 25 03 1C 53 82 E6 E7 00 C4 01 C1 00 09 0C 07 E9 0B 0D FF 11 2C 24 FF FE 5C 00 28 44 7E
TX:	5:44:38 PM	7E A0 19 03 25 F0 11 5A E6 E6 00 C0 01 C1 00 08 00 00 01 00 00 FF 02 00 60 1A 7E
RX:	5:44:38 PM	7E A0 1E 25 03 3E 43 80 E6 E7 00 C4 01 C1 00 09 0C 07 E9 0B 0D FF 11 2C 26 FF FE 5C 00 A0 52 7E
TX:	5:44:54 PM	7E A0 07 03 25 93 6F 66 7E
RX:	5:44:54 PM	7E A0 1E 25 03 73 A2 19 81 80 12 05 01 80 06 01 80 07 04 00 00 00 01 08 04 00 00 00 01 53 3B 7E
TX:	5:44:54 PM	7E A0 4C 03 25 10 5E 06 E6 E6 00 60 3E A1 09 06 07 60 85 74 05 08 01 01 8A 02 07 80 8B 07 60 85 74 05 08 02 02 AC 12 80 10 20 48 48 4D 71 14 66 72 78 16 51 67 6B 70 74 6A BE 10 04 0E 01 00 00 00 06 5F 1F 04 00 62 1E 5D FF FF 55 C9 7E
RX:	5:44:54 PM	7E A0 58 25 03 30 10 34 E6 E7 00 61 4A A1 09 06 07 60 85 74 05 08 01 01 A2 03 02 01 00 A3 05 A1 03 02 01 0E 88 02 07 80 89 07 60 85 74 05 08 02 02 AA 12 80 10 17 36 43 1D 67 11 30 12 69 18 49 1E 72 1B 77 75 BE 10 04 0E 08 00 06 5F 1F 04 00 62 1E 5D 04 00 00 07 19 95 7E
TX:	5:44:54 PM	7E A0 2B 03 25 32 8B CA E6 E6 00 C3 01 C1 00 0F 00 00 28 00 00 FF 01 01 09 10 FD 2C D5 B9 64 07 0E 0F 06 78 54 33 FE C4 CE C5 2B F0 7E
RX:	5:44:54 PM	7E A0 24 25 03 52 75 B9 E6 E7 00 C7 01 C1 00 01 00 09 10 46 A5 EC 79 F0 A1 5C 4A E6 42 E5 03 A7 93 FD 12 5E 66 7E
TX:	5:44:54 PM	7E A0 19 03 25 54 3F B9 E6 E6 00 C0 01 C1 00 0F 00 00 28 00 00 FF 02 00 91 53 7E
RX:	5:44:54 PM	7E A8 89 25 03 74 D3 8E E6 E7 00 E0 01 00 01 00 00 82 03 F9 C4 01 C1 00 01 30 02 04 12 00 0F 11 03 09 06 00 00 28 00 00 FF 02 02 01 0B 02 03 0F 01 16 01 00 02 03 0F 02 16 03 00 02 03 0F 03 16 03 00 02 03 0F 04 16 03 00 02 03 0F 05 16 03 00 02 03 0F 06 16 03 00 02 03 0F 07 16 03 00 02 03 0F 08 16 03 00 02 03 0F 09 16 03 00 02 03 0F 0A 16 03 00 02 03 0F 0B 16 03 00 01 06 02 02 0F 01 16 01 02 02 0F 02 16 01 3B C7 7E
TX:	5:44:54 PM	7E A0 07 03 25 71 73 A2 7E
RX:	5:44:54 PM	7E A8 89 25 03 76 C1 AD 02 02 0F 03 16 01 02 02 0F 04 16 01 02 02 0F 05 16 01 02 02 0F 06 16 01 02 04 12 00 17 11 01 09 06 00 00 16 00 00 FF 02 02 01 09 02 03 0F 01 16 01 00 02 03 0F 02 16 03 00 02 03 0F 03 16 03 00 02 03 0F 04 16 03 00 02 03 0F 05 16 03 00 02 03 0F 06 16 03 00 02 03 0F 07 16 03 00 02 03 0F 08 16 03 00 02 03 0F 09 16 03 00 01 00 02 04 12 00 08 11 00 09 06 00 00 01 00 00 FF 02 02 01 09 02 1A 65 7E
TX:	5:44:54 PM	7E A0 07 03 25 91 7D 45 7E
RX:	5:44:54 PM	7E A8 89 25 03 78 BF 44 03 0F 01 16 01 00 02 03 0F 02 16 03 00 02 03 0F 03 16 03 00 02 03 0F 04 16 03 00 02 03 0F 05 16 03 00 02 03 0F 06 16 03 00 02 03 0F 07 16 03 00 02 03 0F 08 16 03 00 02 03 0F 09 16 03 00 01 06 02 02 0F 01 16 01 02 02 0F 02 16 01 02 02 0F 03 16 01 02 02 0F 04 16 01 02 02 0F 05 16 01 02 02 0F 06 16 01 02 04 12 00 0F 11 03 09 06 00 00 28 00 03 FF 02 02 01 0B 02 03 0F 01 16 01 00 02 03 7E 56 7E
TX:	5:44:54 PM	7E A0 07 03 25 B1 7F 64 7E
RX:	5:44:54 PM	7E A8 89 25 03 7A AD 67 0F 02 16 03 00 02 03 0F 03 16 03 00 02 03 0F 04 16 03 00 02 03 0F 05 16 03 00 02 03 0F 06 16 03 00 02 03 0F 07 16 03 00 02 03 0F 08 16 03 00 02 03 0F 09 16 03 00 02 03 0F 0A 16 03 00 02 03 0F 0B 16 03 00 01 06 02 02 0F 01 16 01 02 02 0F 02 16 01 02 02 0F 03 16 01 02 02 0F 04 16 01 02 02 0F 05 16 01 02 02 0F 06 16 01 02 04 12 00 40 11 01 09 06 00 00 2B 00 07 FF 02 02 01 06 02 03 0F 6C BA 7E
TX:	5:44:54 PM	7E A0 07 03 25 D1 79 07 7E
RX:	5:44:54 PM	7E A8 89 25 03 7C 9B 02 01 16 01 00 02 03 0F 02 16 03 00 02 03 0F 03 16 03 00 02 03 0F 04 16 03 00 02 03 0F 05 16 03 00 02 03 0F 06 16 03 00 01 08 02 02 0F 01 16 01 02 02 0F 02 16 01 02 02 0F 03 16 01 02 02 0F 04 16 01 02 02 0F 05 16 01 02 02 0F 06 16 01 02 02 0F 07 16 01 02 02 0F 08 16 01 02 04 12 00 40 11 01 09 06 00 00 2B 00 08 FF 02 02 01 06 02 03 0F 01 16 01 00 02 03 0F 02 16 03 00 02 03 0F 03 16 03 BD 4F 7E
TX:	5:44:54 PM	7E A0 07 03 25 F1 7B 26 7E
RX:	5:44:54 PM	7E A8 89 25 03 7E 89 21 00 02 03 0F 04 16 03 00 02 03 0F 05 16 03 00 02 03 0F 06 16 03 00 01 08 02 02 0F 01 16 01 02 02 0F 02 16 01 02 02 0F 03 16 01 02 02 0F 04 16 01 02 02 0F 05 16 01 02 02 0F 06 16 01 02 02 0F 07 16 01 02 02 0F 08 16 01 02 04 12 00 01 11 00 09 06 00 00 2B 01 08 FF 02 02 01 02 02 03 0F 01 16 01 00 02 03 0F 02 16 03 00 01 00 02 04 12 00 01 11 00 09 06 00 00 2A 00 00 FF 02 02 01 02 02 03 3F FF 7E
TX:	5:44:54 PM	7E A0 07 03 25 11 75 C1 7E
RX:	5:44:54 PM	7E A8 89 25 03 70 F7 C8 0F 01 16 01 00 02 03 0F 02 16 03 00 01 00 02 04 12 00 01 11 00 09 06 01 00 00 02 00 FF 02 02 01 02 02 03 0F 01 16 01 00 02 03 0F 02 16 03 00 01 00 02 04 12 00 01 11 00 09 06 00 00 2B 01 00 FF 02 02 01 02 02 03 0F 01 16 01 00 02 03 0F 02 16 03 00 01 00 02 04 12 00 03 11 00 09 06 01 01 15 19 00 FF 02 02 01 03 02 03 0F 01 16 01 00 02 03 0F 02 16 03 00 02 03 0F 03 16 03 00 01 01 02 02 05 D2 7E
TX:	5:44:54 PM	7E A0 07 03 25 31 77 E0 7E
RX:	5:44:54 PM	7E A8 89 25 03 72 E5 EB 0F 01 16 01 02 04 12 00 1D 11 02 09 06 00 00 02 01 00 FF 02 02 01 06 02 03 0F 01 16 01 00 02 03 0F 02 16 03 00 02 03 0F 03 16 03 00 02 03 0F 04 16 03 00 02 03 0F 05 16 03 00 02 03 0F 06 16 03 00 01 01 02 02 0F 01 16 01 02 04 12 00 14 11 00 09 06 00 00 0D 00 00 FF 02 02 01 0A 02 03 0F 01 16 01 00 02 03 0F 02 16 03 00 02 03 0F 03 16 03 00 02 03 0F 04 16 03 00 02 03 0F 05 16 03 00 02 55 76 7E
TX:	5:44:54 PM	7E A0 07 03 25 51 71 83 7E
RX:	5:44:54 PM	7E A0 0E 25 03 74 BC AE 03 0F 06 16 03 46 06 7E
TX:	5:44:54 PM	7E A0 13 03 25 76 81 67 E6 E6 00 E0 81 00 01 00 01 00 D4 80 7E
RX:	5:44:54 PM	7E A8 89 25 03 96 CF 4A E6 E7 00 E0 01 00 02 00 01 82 03 F9 00 02 03 0F 07 16 03 00 02 03 0F 08 16 03 00 02 03 0F 09 16 03 00 02 03 0F 0A 16 03 00 01 01 02 02 0F 01 16 01 02 04 12 00 13 11 01 09 06 00 00 14 00 00 FF 02 02 01 09 02 03 0F 01 16 01 00 02 03 0F 02 16 03 00 02 03 0F 03 16 03 00 02 03 0F 04 16 03 00 02 03 0F 05 16 03 00 02 03 0F 06 16 03 00 02 03 0F 07 16 03 00 02 03 0F 08 16 03 00 02 03 0F 09 AC 90 7E
TX:	5:44:54 PM	7E A0 07 03 25 91 7D 45 7E
RX:	5:44:54 PM	7E A8 89 25 03 98 B1 A3 16 03 00 01 00 02 04 12 00 05 11 00 09 06 01 00 1F 04 00 FF 02 02 01 09 02 03 0F 01 16 01 00 02 03 0F 02 16 03 00 02 03 0F 03 16 03 00 02 03 0F 04 16 03 00 02 03 0F 05 16 03 00 02 03 0F 06 16 03 00 02 03 0F 07 16 03 00 02 03 0F 08 16 03 00 02 03 0F 09 16 03 00 01 02 02 02 0F 01 16 01 02 02 0F 02 16 01 02 04 12 00 15 11 00 09 06 00 00 10 01 00 FF 02 02 01 04 02 03 0F 01 16 01 00 02 C4 BC 7E
TX:	5:44:54 PM	7E A0 07 03 25 B1 7F 64 7E
RX:	5:44:54 PM	7E A8 89 25 03 9A A3 80 03 0F 02 16 03 00 02 03 0F 03 16 03 00 02 03 0F 04 16 03 00 01 00 02 04 12 00 09 11 00 09 06 00 01 0A 01 65 FF 02 02 01 02 02 03 0F 01 16 01 00 02 03 0F 02 16 03 00 01 01 02 02 0F 01 16 01 02 04 12 00 16 11 00 09 06 00 00 0F 00 00 FF 02 02 01 04 02 03 0F 01 16 01 00 02 03 0F 02 16 03 00 02 03 0F 03 16 03 00 02 03 0F 04 16 03 00 01 00 02 04 12 00 11 11 00 09 06 00 00 29 00 00 FF 02 35 FA 7E
TX:	5:44:54 PM	7E A0 07 03 25 D1 79 07 7E
RX:	5:44:54 PM	7E A8 89 25 03 9C 95 E5 02 01 02 02 03 0F 01 16 01 00 02 03 0F 02 16 03 00 01 01 02 02 0F 01 16 01 02 04 12 00 1C 11 02 09 06 00 00 02 02 00 FF 02 02 01 07 02 03 0F 01 16 01 00 02 03 0F 02 16 03 00 02 03 0F 03 16 03 00 02 03 0F 04 16 03 00 02 03 0F 05 16 03 00 02 03 0F 06 16 03 00 02 03 0F 07 16 03 00 01 00 02 04 12 00 1B 11 00 09 06 00 00 02 00 00 FF 02 02 01 04 02 03 0F 01 16 01 00 02 03 0F 02 16 03 00 00 43 7E
TX:	5:44:54 PM	7E A0 07 03 25 F1 7B 26 7E
RX:	5:44:54 PM	7E A8 89 25 03 9E 87 C6 02 03 0F 03 16 03 00 02 03 0F 04 16 03 00 01 00 02 04 12 00 2B 11 00 09 06 00 00 19 02 00 FF 02 02 01 02 02 03 0F 01 16 01 00 02 03 0F 02 16 03 00 01 00 02 04 12 00 12 11 00 09 06 00 00 2C 00 00 FF 02 02 01 07 02 03 0F 01 16 01 00 02 03 0F 02 16 03 00 02 03 0F 03 16 03 00 02 03 0F 04 16 03 00 02 03 0F 05 16 03 00 02 03 0F 06 16 03 00 02 03 0F 07 16 03 00 01 04 02 02 0F 01 16 01 02 50 8B 7E
TX:	5:44:54 PM	7E A0 07 03 25 11 75 C1 7E
RX:	5:44:54 PM	7E A8 89 25 03 90 F9 2F 02 0F 02 16 01 02 02 0F 03 16 01 02 02 0F 04 16 01 02 04 12 00 2A 11 00 09 06 00 00 19 01 00 FF 02 02 01 0A 02 03 0F 01 16 01 00 02 03 0F 02 16 03 00 02 03 0F 03 16 03 00 02 03 0F 04 16 03 00 02 03 0F 05 16 03 00 02 03 0F 06 16 03 00 02 03 0F 07 16 03 00 02 03 0F 08 16 03 00 02 03 0F 09 16 03 00 02 03 0F 0A 16 03 00 01 03 02 02 0F 01 16 01 02 02 0F 02 16 01 02 02 0F 03 16 01 02 04 B7 DD 7E
TX:	5:44:54 PM	7E A0 07 03 25 31 77 E0 7E
RX:	5:44:54 PM	7E A8 89 25 03 92 EB 0C 12 00 30 11 00 09 06 00 00 19 07 00 FF 02 02 01 0A 02 03 0F 01 16 01 00 02 03 0F 02 16 03 00 02 03 0F 03 16 03 00 02 03 0F 04 16 03 00 02 03 0F 05 16 03 00 02 03 0F 06 16 03 00 02 03 0F 07 16 03 00 02 03 0F 08 16 03 00 02 03 0F 09 16 03 00 02 03 0F 0A 16 03 00 01 02 02 02 0F 01 16 01 02 02 0F 02 16 01 02 04 12 00 28 11 00 09 06 00 00 19 09 00 FF 02 02 01 07 02 03 0F 01 16 01 00 02 D5 E8 7E
TX:	5:44:54 PM	7E A0 07 03 25 51 71 83 7E
RX:	5:44:54 PM	7E A8 89 25 03 94 DD 69 03 0F 02 16 03 00 02 03 0F 03 16 03 00 02 03 0F 04 16 03 00 02 03 0F 05 16 03 00 02 03 0F 06 16 03 00 02 03 0F 07 16 03 00 01 01 02 02 0F 01 16 01 02 04 12 00 0B 11 00 09 06 00 00 0B 00 00 FF 02 02 01 02 02 03 0F 01 16 01 00 02 03 0F 02 16 03 00 01 02 02 02 0F 01 16 01 02 02 0F 02 16 01 02 04 12 00 32 11 00 09 06 00 00 1A 00 00 FF 02 02 01 0F 02 03 0F 01 16 01 00 02 03 0F 02 16 03 91 1A 7E
TX:	5:44:54 PM	7E A0 07 03 25 71 73 A2 7E
RX:	5:44:54 PM	7E A0 0E 25 03 96 A0 6A 00 02 03 0F 03 31 EB 7E
TX:	5:44:54 PM	7E A0 13 03 25 98 F1 69 E6 E6 00 E0 81 00 02 00 02 00 71 8F 7E
RX:	5:44:54 PM	7E A8 89 25 03 B8 B3 82 E6 E7 00 E0 01 00 03 00 02 82 03 F9 16 03 00 02 03 0F 04 16 03 00 02 03 0F 05 16 03 00 02 03 0F 06 16 03 00 02 03 0F 07 16 03 00 02 03 0F 08 16 03 00 02 03 0F 09 16 03 00 02 03 0F 0A 16 03 00 02 03 0F 0B 16 03 00 02 03 0F 0C 16 03 00 02 03 0F 0D 16 03 00 02 03 0F 0E 16 03 00 02 03 0F 0F 16 03 00 01 00 02 04 12 00 33 11 00 09 06 00 00 1A 01 00 FF 02 02 01 02 02 03 0F 01 16 01 00 02 04 65 7E
TX:	5:44:54 PM	7E A0 07 03 25 B1 7F 64 7E
RX:	5:44:54 PM	7E A8 89 25 03 BA A1 A1 03 0F 02 16 03 00 01 01 02 02 0F 01 16 01 02 04 12 00 35 11 00 09 06 00 00 1A 03 00 FF 02 02 01 08 02 03 0F 01 16 01 00 02 03 0F 02 16 03 00 02 03 0F 03 16 03 00 02 03 0F 04 16 03 00 02 03 0F 05 16 03 00 02 03 0F 06 16 03 00 02 03 0F 07 16 03 00 02 03 0F 08 16 03 00 01 01 02 02 0F 01 16 01 02 04 12 00 34 11 00 09 06 00 00 1A 02 00 FF 02 02 01 05 02 03 0F 01 16 01 00 02 03 0F 02 16 F0 E2 7E
TX:	5:44:54 PM	7E A0 07 03 25 D1 79 07 7E
RX:	5:44:54 PM	7E A8 89 25 03 BC 97 C4 03 00 02 03 0F 03 16 03 00 02 03 0F 04 16 03 00 02 03 0F 05 16 03 00 01 00 02 04 12 00 5C 11 03 09 06 00 00 1D 02 00 FF 02 02 01 17 02 03 0F 01 16 01 00 02 03 0F 02 16 03 00 02 03 0F 03 16 03 00 02 03 0F 04 16 03 00 02 03 0F 05 16 03 00 02 03 0F 06 16 03 00 02 03 0F 07 16 03 00 02 03 0F 08 16 03 00 02 03 0F 09 16 03 00 02 03 0F 0A 16 03 00 02 03 0F 0B 16 03 00 02 03 0F 0C 16 03 00 29 53 7E
TX:	5:44:54 PM	7E A0 07 03 25 F1 7B 26 7E
RX:	5:44:54 PM	7E A8 89 25 03 BE 85 E7 02 03 0F 0D 16 03 00 02 03 0F 0E 16 03 00 02 03 0F 0F 16 03 00 02 03 0F 10 16 03 00 02 03 0F 11 16 03 00 02 03 0F 12 16 03 00 02 03 0F 13 16 03 00 02 03 0F 14 16 03 00 02 03 0F 15 16 03 00 02 03 0F 16 16 03 00 02 03 0F 17 16 03 00 01 00 02 04 12 00 5A 11 01 09 06 00 00 1D 00 00 FF 02 02 01 0A 02 03 0F 01 16 01 00 02 03 0F 02 16 03 00 02 03 0F 03 16 03 00 02 03 0F 04 16 03 00 02 03 40 5D 7E
TX:	5:44:54 PM	7E A0 07 03 25 11 75 C1 7E
RX:	5:44:54 PM	7E A8 89 25 03 B0 FB 0E 0F 05 16 03 00 02 03 0F 06 16 03 00 02 03 0F 07 16 03 00 02 03 0F 08 16 03 00 02 03 0F 09 16 03 00 02 03 0F 0A 16 03 00 01 01 02 02 0F 01 16 01 02 04 12 00 5B 11 03 09 06 00 00 1D 01 00 FF 02 02 01 1A 02 03 0F 01 16 01 00 02 03 0F 02 16 03 00 02 03 0F 03 16 03 00 02 03 0F 04 16 03 00 02 03 0F 05 16 03 00 02 03 0F 06 16 03 00 02 03 0F 07 16 03 00 02 03 0F 08 16 03 00 02 03 0F 09 16 B3 5B 7E
TX:	5:44:54 PM	7E A0 07 03 25 31 77 E0 7E
RX:	5:44:54 PM	7E A8 89 25 03 B2 E9 2D 03 00 02 03 0F 0A 16 03 00 02 03 0F 0B 16 03 00 02 03 0F 0C 16 03 00 02 03 0F 0D 16 03 00 02 03 0F 0E 16 03 00 02 03 0F 0F 16 03 00 02 03 0F 10 16 03 00 02 03 0F 11 16 03 00 02 03 0F 12 16 03 00 02 03 0F 13 16 03 00 02 03 0F 14 16 03 00 02 03 0F 15 16 03 00 02 03 0F 16 16 03 00 02 03 0F 17 16 03 00 02 03 0F 18 16 03 00 02 03 0F 19 16 03 00 02 03 0F 1A 16 03 00 01 02 02 02 0F 01 16 B8 2C 7E
TX:	5:44:54 PM	7E A0 07 03 25 51 71 83 7E
RX:	5:44:54 PM	7E A8 89 25 03 B4 DF 48 01 02 02 0F 02 16 01 02 04 12 00 6F 11 00 09 06 00 00 13 00 00 FF 02 02 01 13 02 03 0F 01 16 01 00 02 03 0F 02 16 03 00 02 03 0F 03 16 03 00 02 03 0F 04 16 03 00 02 03 0F 05 16 03 00 02 03 0F 06 16 03 00 02 03 0F 07 16 03 00 02 03 0F 08 16 03 00 02 03 0F 09 16 03 00 02 03 0F 0A 16 03 00 02 03 0F 0B 16 03 00 02 03 0F 0C 16 03 00 02 03 0F 0D 16 03 00 02 03 0F 0E 16 03 00 02 03 0F 0F 65 D0 7E
TX:	5:44:54 PM	7E A0 07 03 25 71 73 A2 7E
RX:	5:44:54 PM	7E A8 89 25 03 B6 CD 6B 16 03 00 02 03 0F 10 16 03 00 02 03 0F 11 16 03 00 02 03 0F 12 16 03 00 02 03 0F 13 16 03 00 01 03 02 02 0F 01 16 01 02 02 0F 02 16 01 02 02 0F 03 16 01 02 04 12 00 70 11 00 09 06 00 00 13 0A 00 FF 02 02 01 0B 02 03 0F 01 16 01 00 02 03 0F 02 16 03 00 02 03 0F 03 16 03 00 02 03 0F 04 16 03 00 02 03 0F 05 16 03 00 02 03 0F 06 16 03 00 02 03 0F 07 16 03 00 02 03 0F 08 16 03 00 02 03 6B F6 7E
TX:	5:44:54 PM	7E A0 07 03 25 91 7D 45 7E
RX:	5:44:54 PM	7E A0 0E 25 03 B8 DC A2 0F 09 16 03 00 CB 66 7E
TX:	5:44:54 PM	7E A0 13 03 25 BA E1 6B E6 E6 00 E0 81 00 03 00 03 00 12 8A 7E
RX:	5:44:54 PM	7E A8 89 25 03 DA A7 C2 E6 E7 00 E0 81 00 04 00 03 82 03 A6 02 03 0F 0A 16 03 00 02 03 0F 0B 16 03 00 01 03 02 02 0F 01 16 01 02 02 0F 02 16 01 02 02 0F 03 16 01 02 04 12 00 71 11 00 09 06 00 00 13 14 00 FF 02 02 01 0D 02 03 0F 01 16 01 00 02 03 0F 02 16 03 00 02 03 0F 03 16 03 00 02 03 0F 04 16 03 00 02 03 0F 05 16 03 00 02 03 0F 06 16 03 00 02 03 0F 07 16 03 00 02 03 0F 08 16 03 00 02 03 0F 09 16 03 00 C1 38 7E
TX:	5:44:54 PM	7E A0 07 03 25 D1 79 07 7E
RX:	5:44:54 PM	7E A8 89 25 03 DC 91 A7 02 03 0F 0A 16 03 00 02 03 0F 0B 16 03 00 02 03 0F 0C 16 03 00 02 03 0F 0D 16 03 00 01 05 02 02 0F 01 16 01 02 02 0F 02 16 01 02 02 0F 03 16 01 02 02 0F 04 16 01 02 02 0F 05 16 01 02 04 12 00 73 11 00 09 06 00 00 13 28 00 FF 02 02 01 06 02 03 0F 01 16 01 00 02 03 0F 02 16 03 00 02 03 0F 03 16 03 00 02 03 0F 04 16 03 00 02 03 0F 05 16 03 00 02 03 0F 06 16 03 00 01 01 02 02 0F 01 16 0C 75 7E
TX:	5:44:54 PM	7E A0 07 03 25 F1 7B 26 7E
RX:	5:44:54 PM	7E A8 89 25 03 DE 83 84 01 02 04 12 00 3E 11 01 09 06 00 00 42 00 01 FF 02 02 01 06 02 03 0F 01 16 01 00 02 03 0F 02 16 03 00 02 03 0F 03 16 03 00 02 03 0F 04 16 03 00 02 03 0F 05 16 03 00 02 03 0F 06 16 03 00 01 02 02 02 0F 01 16 01 02 02 0F 02 16 01 02 04 12 00 46 11 01 09 06 00 00 60 03 0A FF 02 02 01 04 02 03 0F 01 16 01 00 02 03 0F 02 16 03 00 02 03 0F 03 16 03 00 02 03 0F 04 16 03 00 01 02 02 02 0F DA 6F 7E
TX:	5:44:54 PM	7E A0 07 03 25 11 75 C1 7E
RX:	5:44:54 PM	7E A8 89 25 03 D0 FD 6D 01 16 01 02 02 0F 02 16 01 02 04 12 00 50 11 00 09 06 00 00 1C 00 00 FF 02 02 01 03 02 03 0F 01 16 01 00 02 03 0F 02 16 03 00 02 03 0F 03 16 03 00 01 01 02 02 0F 01 16 01 02 04 12 00 51 11 00 09 06 00 00 1C 01 00 FF 02 02 01 05 02 03 0F 01 16 01 00 02 03 0F 02 16 03 00 02 03 0F 03 16 03 00 02 03 0F 04 16 03 00 02 03 0F 05 16 03 00 01 01 02 02 0F 01 16 01 02 04 12 00 52 11 00 09 06 A0 81 7E
TX:	5:44:54 PM	7E A0 07 03 25 31 77 E0 7E
RX:	5:44:54 PM	7E A8 89 25 03 D2 EF 4E 00 00 1C 02 00 FF 02 02 01 08 02 03 0F 01 16 01 00 02 03 0F 02 16 03 00 02 03 0F 03 16 03 00 02 03 0F 04 16 03 00 02 03 0F 05 16 03 00 02 03 0F 06 16 03 00 02 03 0F 07 16 03 00 02 03 0F 08 16 03 00 01 00 02 04 12 00 53 11 00 09 06 00 00 1C 03 00 FF 02 02 01 0E 02 03 0F 01 16 01 00 02 03 0F 02 16 03 00 02 03 0F 03 16 03 00 02 03 0F 04 16 03 00 02 03 0F 05 16 03 00 02 03 0F 06 16 03 0A 0C 7E
TX:	5:44:54 PM	7E A0 07 03 25 51 71 83 7E
RX:	5:44:54 PM	7E A8 89 25 03 D4 D9 2B 00 02 03 0F 07 16 03 00 02 03 0F 08 16 03 00 02 03 0F 09 16 03 00 02 03 0F 0A 16 03 00 02 03 0F 0B 16 03 00 02 03 0F 0C 16 03 00 02 03 0F 0D 16 03 00 02 03 0F 0E 16 03 00 01 00 02 04 12 00 54 11 00 09 06 00 00 1C 04 00 FF 02 02 01 07 02 03 0F 01 16 01 00 02 03 0F 02 16 03 00 02 03 0F 03 16 03 00 02 03 0F 04 16 03 00 02 03 0F 05 16 03 00 02 03 0F 06 16 03 00 02 03 0F 07 16 03 00 01 81 7C 7E
TX:	5:44:54 PM	7E A0 07 03 25 71 73 A2 7E
RX:	5:44:54 PM	7E A8 89 25 03 D6 CB 08 01 02 02 0F 01 16 01 02 04 12 00 55 11 00 09 06 00 00 1C 05 00 FF 02 02 01 06 02 03 0F 01 16 01 00 02 03 0F 02 16 03 00 02 03 0F 03 16 03 00 02 03 0F 04 16 03 00 02 03 0F 05 16 03 00 02 03 0F 06 16 03 00 01 01 02 02 0F 01 16 01 02 04 12 00 56 11 00 09 06 00 00 1C 07 00 FF 02 02 01 04 02 03 0F 01 16 01 00 02 03 0F 02 16 03 00 02 03 0F 03 16 03 00 02 03 0F 04 16 03 00 01 00 02 04 12 37 C1 7E
TX:	5:44:54 PM	7E A0 07 03 25 91 7D 45 7E
RX:	5:44:54 PM	7E A0 3B 25 03 D8 7F E3 00 0A 11 00 09 06 00 00 0C 00 00 FF 02 02 01 02 02 03 0F 01 16 01 00 02 03 0F 02 16 03 00 01 03 02 02 0F 01 16 01 02 02 0F 02 16 01 02 02 0F 03 16 01 D0 8A 7E
TX:	5:44:54 PM	7E A0 19 03 25 BC 79 D2 E6 E6 00 C0 01 C1 00 08 00 00 01 00 00 FF 02 00 60 1A 7E
RX:	5:44:54 PM	7E A0 1E 25 03 FA 6B 00 E6 E7 00 C4 01 C1 00 09 0C 07 E9 0B 0D FF 11 2C 36 FF FE 5C 00 E0 E6 7E
